timestamp,acc_magnitude,acc_peak,acc_peak_vertical_angle,acc_peak_horizontal_angle,ecg_amp_uncalibrated,ecg_noise_uncalibrated
1629807853446,0.02,0.09,2,-31,0.00496,0.00014
1629807854446,0.02,0.03,5,-82,0.00496,0.00012
1629807855446,0.01,0.03,6,-65,0.00486,0.0001
1629807856446,0.02,0.03,5,-89,0.00486,0.00012
1629807857446,0.01,0.03,4,-85,0.00492,0.00012
1629807858446,0.01,0.03,7,-74,0.00492,0.00012
1629807859446,0.01,0.03,8,-78,0.00496,0.00012
1629807860446,0.01,0.04,4,-93,0.00496,0.00012
1629807861446,0.01,0.03,4,-93,0.00484,0.00012
1629807862446,0.01,0.02,4,-75,0.00484,0.0001
1629807863446,0.01,0.04,4,-81,0.00478,0.00012
1629807864446,0.01,0.02,5,-90,0.00478,0.00012
1629807865446,0.01,0.03,5,-82,0.0048,0.0001
1629807866446,0.01,0.04,5,-61,0.0048,0.0001
1629807867446,0.02,0.04,4,-67,0.00484,8e-05
1629807868446,0.01,0.04,5,-74,0.00484,0.0001
1629807869446,0.01,0.03,4,-93,0.00482,0.0001
1629807870446,0.01,0.04,4,-63,0.00482,0.0001
1629807871446,0.01,0.1,0,-121,0.0048,8e-05
1629807872446,0.01,0.03,5,-74,0.0048,8e-05
1629807873446,0.01,0.03,5,-82,0.00488,8e-05
1629807874446,0.01,0.03,5,-66,0.00488,8e-05
1629807875446,0.01,0.03,4,-89,0.00496,8e-05
1629807876446,0.01,0.03,4,-89,0.00496,0.0001
1629807877446,0.01,0.04,5,-62,0.00488,0.0001
1629807878446,0.02,0.1,14,-168,0.00488,0.0001
1629807879446,0.01,0.03,5,-71,0.00494,0.00012
1629807880446,0.01,0.04,5,-95,0.00494,0.00012
1629807881446,0.01,0.04,7,-92,0.00508,0.00012
1629807882446,0.01,0.04,8,-72,0.00508,0.00012
1629807883446,0.01,0.04,4,-71,0.00502,0.0001
1629807884446,0.01,0.03,4,-89,0.00502,0.0001
1629807885446,0.01,0.03,4,-85,0.00486,0.0001
1629807886446,0.01,0.03,5,-66,0.00486,0.0001
1629807887446,0.01,0.03,5,-67,0.00492,0.0001
1629807888446,0.01,0.04,5,-86,0.00492,8e-05
1629807889446,0.01,0.13,6,-76,0.00508,8e-05
1629807890446,0.01,0.03,4,-89,0.00508,8e-05
1629807891446,0.01,0.03,4,-89,0.00498,8e-05
1629807892446,0.01,0.03,5,-61,0.00498,6e-05
1629807893446,0.01,0.02,4,-74,0.00492,6e-05
1629807894446,0.01,0.03,5,-62,0.00492,8e-05
1629807895446,0.01,0.12,6,-72,0.00494,8e-05
1629807896446,0.01,0.03,4,-89,0.00494,8e-05
1629807897446,0.01,0.03,4,-63,0.00492,8e-05
1629807898446,0.01,0.03,4,-75,0.00492,8e-05
1629807899446,0.01,0.03,5,-74,0.00498,8e-05
1629807900446,0.01,0.03,4,-85,0.00498,8e-05
1629807901446,0.01,0.04,4,-67,0.00498,0.0001
1629807902446,0.01,0.03,5,-86,0.00498,0.0001
1629807903446,0.01,0.03,5,-62,0.005,0.0001
1629807904446,0.01,0.03,4,-64,0.005,8e-05
1629807905446,0.01,0.03,5,-86,0.00496,8e-05
1629807906446,0.01,0.03,4,-89,0.00496,0.0001
1629807907446,0.01,0.03,5,-89,0.00494,0.00012
1629807908446,0.01,0.03,7,-78,0.00494,0.0001
1629807909446,0.01,0.03,5,-62,0.00496,8e-05
1629807910446,0.01,0.03,5,-86,0.00496,8e-05
1629807911446,0.01,0.04,6,-74,0.00492,8e-05
1629807912446,0.01,0.02,4,-85,0.00492,0.0001
1629807913446,0.01,0.02,4,-78,0.00486,0.00012
1629807914446,0.01,0.02,5,-82,0.00486,0.0001
1629807915446,0.01,0.03,4,-64,0.00492,8e-05
1629807916446,0.01,0.03,4,-81,0.00492,8e-05
1629807917446,0.01,0.04,6,-78,0.00502,8e-05
1629807918446,0.01,0.04,4,-92,0.00502,0.0001
1629807919446,0.01,0.02,4,-78,0.00486,0.00012
1629807920446,0.01,0.03,4,-67,0.00486,0.0001
1629807921446,0.01,0.04,4,-93,0.00476,0.0001
1629807922446,0.02,0.04,6,-78,0.00476,0.0001
1629807923446,0.01,0.03,6,-82,0.00484,0.0001
1629807924446,0.01,0.03,4,-85,0.00484,0.0001
1629807925446,0.01,0.03,5,-71,0.00482,0.00012
1629807926446,0.01,0.03,5,-74,0.00482,0.0001
1629807927446,0.01,0.02,5,-67,0.0049,0.0001
1629807928446,0.01,0.12,5,-78,0.0049,0.0001
1629807929446,0.01,0.04,5,-74,0.00498,8e-05
1629807930446,0.01,0.03,4,-85,0.00498,8e-05
1629807931446,0.01,0.03,5,-70,0.00496,8e-05
1629807932446,0.01,0.04,4,-78,0.00496,8e-05
1629807933446,0.01,0.03,4,-63,0.00496,8e-05
1629807934446,0.01,0.06,3,-57,0.00496,8e-05
1629807935446,0.01,0.03,5,-82,0.00496,8e-05
1629807936446,0.01,0.03,5,-85,0.00496,0.0001
1629807937446,0.01,0.03,4,-63,0.0049,0.00012
1629807938446,0.01,0.03,5,-74,0.0049,0.00012
1629807939446,0.01,0.04,5,-90,0.00492,8e-05
1629807940446,0.01,0.03,3,-64,0.00492,8e-05
1629807941446,0.01,0.03,5,-86,0.005,8e-05
1629807942446,0.01,0.03,4,-85,0.005,8e-05
1629807943446,0.01,0.04,4,-92,0.00488,8e-05
1629807944446,0.01,0.09,1,-35,0.00488,0.0001
1629807945446,0.02,0.03,5,-86,0.00484,8e-05
1629807946446,0.01,0.03,6,-82,0.00484,8e-05
1629807947446,0.01,0.03,7,-82,0.00498,0.0001
1629807948446,0.01,0.03,4,-89,0.00498,0.0001
1629807949446,0.01,0.04,4,-60,0.005,0.0001
1629807950446,0.01,0.03,5,-63,0.005,0.0001
1629807951446,0.01,0.03,5,-78,0.00498,0.0001
1629807952446,0.01,0.04,4,-89,0.00498,0.0001
1629807953446,0.01,0.02,4,-81,0.00484,0.0001
1629807954446,0.01,0.04,4,-89,0.00484,0.0001
1629807955446,0.01,0.04,5,-90,0.0048,8e-05
1629807956446,0.01,0.04,3,-57,0.0048,8e-05
1629807957446,0.01,0.03,4,-85,0.00496,8e-05
1629807958446,0.01,0.03,5,-74,0.00496,0.0001
1629807959446,0.01,0.03,6,-86,0.00498,0.0001
1629807960446,0.01,0.03,5,-61,0.00498,0.00012
1629807961446,0.01,0.03,3,-64,0.00496,0.0001
1629807962446,0.01,0.03,4,-67,0.00496,0.0001
1629807963446,0.01,0.03,5,-62,0.00498,8e-05
1629807964446,0.01,0.03,5,-85,0.00498,0.0001
1629807965446,0.01,0.04,5,-78,0.00498,0.0001
1629807966446,0.01,0.03,4,-64,0.00498,0.0001
1629807967446,0.01,0.03,4,-64,0.00492,0.0001
1629807968446,0.01,0.04,7,-60,0.00492,8e-05
1629807969446,0.01,0.04,4,-81,0.0049,8e-05
1629807970446,0.01,0.04,4,-96,0.0049,0.0001
1629807971446,0.01,0.02,4,-85,0.00478,0.0001
1629807972446,0.01,0.12,14,-168,0.00478,0.0001
1629807973446,0.01,0.03,5,-86,0.00474,0.0001
1629807974446,0.01,0.03,5,-61,0.00474,0.00012
1629807975446,0.01,0.02,6,-74,0.00488,0.00012
1629807976446,0.01,0.03,5,-89,0.00488,0.00014
1629807977446,0.01,0.04,5,-62,0.00482,0.00012
1629807978446,0.01,0.06,3,-99,0.00482,0.00016
1629807979446,0.01,0.03,4,-67,0.00478,0.00012
1629807980446,0.01,0.03,5,-91,0.00478,0.00012
1629807981446,0.01,0.04,4,-61,0.0049,8e-05
1629807982446,0.01,0.04,5,-86,0.0049,0.0001
1629807983446,0.01,0.04,3,-92,0.00486,0.0001
1629807984446,0.01,0.04,4,-75,0.00486,0.0001
1629807985446,0.01,0.03,4,-63,0.00482,0.0001
1629807986446,0.0,0.02,4,-85,0.00482,0.0001
1629807987446,0.01,0.02,4,-85,0.00484,8e-05
1629807988446,0.01,0.03,5,-78,0.00484,0.0001
1629807989446,0.01,0.12,6,-80,0.00476,0.0001
1629807990446,0.01,0.02,4,-85,0.00476,0.0001
1629807991446,0.01,0.03,4,-64,0.00478,8e-05
1629807992446,0.01,0.03,5,-86,0.00478,0.0001
1629807993446,0.01,0.04,4,-93,0.00488,0.0001
1629807994446,0.01,0.04,4,-89,0.00488,0.00012
1629807995446,0.01,0.03,5,-78,0.00492,0.00012
1629807996446,0.01,0.03,5,-78,0.00492,0.0001
1629807997446,0.01,0.03,5,-89,0.00492,0.0001
1629807998446,0.01,0.02,4,-81,0.00492,0.00012
1629807999446,0.01,0.03,4,-63,0.00488,0.0001
1629808000446,0.01,0.03,5,-74,0.00488,0.0001
1629808001446,0.01,0.12,6,-80,0.00488,0.0001
1629808002446,0.01,0.03,4,-81,0.00488,0.0001
1629808003446,0.01,0.03,4,-89,0.00478,0.0001
1629808004446,0.01,0.04,4,-75,0.00478,0.0001
1629808005446,0.01,0.03,3,-64,0.0048,0.0001
1629808006446,0.01,0.04,4,-60,0.0048,0.00012
1629808007446,0.01,0.03,4,-64,0.00496,0.0001
1629808008446,0.01,0.03,4,-89,0.00496,0.0001
1629808009446,0.01,0.03,4,-89,0.00498,0.0001
1629808010446,0.01,0.04,5,-78,0.00498,8e-05
1629808011446,0.01,0.03,4,-63,0.0049,8e-05
1629808012446,0.01,0.12,6,-78,0.0049,8e-05
1629808013446,0.01,0.03,5,-90,0.00482,0.0001
1629808014446,0.01,0.03,4,-89,0.00482,0.0001
1629808015446,0.01,0.03,4,-75,0.0049,0.0001
1629808016446,0.01,0.04,5,-82,0.0049,0.0001
1629808017446,0.01,0.03,5,-74,0.00496,0.0001
1629808018446,0.01,0.03,4,-89,0.00496,0.0001
1629808019446,0.01,0.03,4,-89,0.0048,0.0001
1629808020446,0.01,0.03,5,-82,0.0048,0.0001
1629808021446,0.01,0.02,4,-85,0.0048,0.0001
1629808022446,0.01,0.03,6,-70,0.0048,8e-05
1629808023446,0.01,0.03,3,-64,0.00498,0.0001
1629808024446,0.01,0.03,4,-92,0.00498,0.0001
1629808025446,0.01,0.02,4,-85,0.00496,0.00012
1629808026446,0.01,0.02,4,-67,0.00496,0.00012
1629808027446,0.01,0.03,4,-75,0.00486,0.0001
1629808028446,0.01,0.02,4,-67,0.00486,0.0001
1629808029446,0.01,0.03,4,-89,0.00482,0.00012
1629808030446,0.01,0.03,4,-89,0.00482,0.00014
1629808031446,0.01,0.02,4,-67,0.00492,0.00012
1629808032446,0.01,0.03,5,-82,0.00492,0.0001
1629808033446,0.01,0.03,5,-86,0.00502,0.0001
1629808034446,0.01,0.12,12,-92,0.00502,0.00012
1629808035446,0.08,0.13,17,55,0.00482,0.00012
1629808036446,0.08,0.13,13,12,0.00482,0.00014
1629808037446,0.05,0.08,18,34,0.00474,0.00016
1629808038446,0.03,0.04,16,102,0.00474,0.00016
1629808039446,0.02,0.04,14,12,0.00482,0.00018
1629808040446,0.01,0.03,14,12,0.00482,0.00016
1629808041446,0.01,0.06,11,2,0.00478,0.00014
1629808042446,0.01,0.03,14,-127,0.00478,0.00012
1629808043446,0.01,0.03,16,151,0.00478,0.00012
1629808044446,0.01,0.03,13,-78,0.00478,0.00012
1629808045446,0.01,0.03,14,-127,0.0048,0.00014
1629808046446,0.01,0.04,13,-168,0.0048,0.00012
1629808047446,0.01,0.04,14,12,0.00472,0.00012
1629808048446,0.02,0.04,13,-59,0.00472,0.00016
1629808049446,0.02,0.03,13,-15,0.00462,0.00016
1629808050446,0.01,0.03,13,-31,0.00462,0.00016
1629808051446,0.01,0.03,18,39,0.0047,0.00014
1629808052446,0.02,0.03,14,-168,0.0047,0.00012
1629808053446,0.01,0.03,14,-168,0.0048,0.00012
1629808054446,0.01,0.03,14,12,0.0048,0.0001
1629808055446,0.01,0.04,11,12,0.00476,0.0001
1629808056446,0.02,0.04,11,-39,0.00476,0.00012
1629808057446,0.02,0.15,21,90,0.0047,0.00016
1629808058446,0.09,0.15,25,90,0.0047,0.00014
1629808059446,0.08,0.1,26,91,0.0048,0.00014
1629808060446,0.04,0.06,24,106,0.0048,0.00018
1629808061446,0.02,0.04,25,95,0.00486,0.00016
1629808062446,0.01,0.03,26,84,0.00486,0.00012
1629808063446,0.01,0.03,26,80,0.00496,0.00012
1629808064446,0.01,0.03,25,85,0.00496,0.00014
1629808065446,0.01,0.03,25,77,0.005,0.0001
1629808066446,0.01,0.03,25,106,0.005,0.0001
1629808067446,0.01,0.03,22,96,0.00492,0.00012
1629808068446,0.01,0.04,23,71,0.00492,0.00014
1629808069446,0.05,0.12,17,68,0.00494,0.00014
1629808070446,0.05,0.09,16,102,0.00494,0.00016
1629808071446,0.04,0.12,15,-78,0.00494,0.00018
1629808072446,0.03,0.04,19,121,0.00494,0.00018
1629808073446,0.02,0.04,18,102,0.00488,0.00018
1629808074446,0.02,0.04,22,108,0.00488,0.00016
1629808075446,0.02,0.04,22,102,0.0048,0.00014
1629808076446,0.02,0.06,19,110,0.0048,0.00012
1629808077446,0.02,0.06,18,75,0.00484,0.00012
1629808078446,0.01,0.03,22,102,0.00484,0.00014
1629808079446,0.01,0.04,25,94,0.0049,0.00014
1629808080446,0.01,0.04,19,112,0.0049,0.00014
1629808081446,0.02,0.06,18,116,0.00484,0.00014
1629808082446,0.01,0.04,18,75,0.00484,0.00014
1629808083446,0.02,0.03,23,84,0.00488,0.00016
1629808084446,0.02,0.06,18,102,0.00488,0.00016
1629808085446,0.02,0.06,17,68,0.00482,0.00018
1629808086446,0.02,0.04,20,116,0.00482,0.00016
1629808087446,0.02,0.06,23,82,0.00478,0.00016
1629808088446,0.02,0.04,23,78,0.00478,0.00014
1629808089446,0.01,0.03,19,94,0.0048,0.00016
1629808090446,0.01,0.03,22,85,0.0048,0.00012
1629808091446,0.02,0.03,19,102,0.00482,0.00014
1629808092446,0.01,0.03,21,78,0.00482,0.00014
1629808093446,0.02,0.04,24,98,0.00484,0.00012
1629808094446,0.02,0.04,19,102,0.00484,0.00014
1629808095446,0.02,0.04,23,88,0.00484,0.00012
1629808096446,0.01,0.06,22,91,0.00484,0.00014
1629808097446,0.02,0.03,22,84,0.00494,0.00012
1629808098446,0.03,0.07,17,102,0.00494,0.00014
1629808099446,0.02,0.04,20,56,0.0049,0.00016
1629808100446,0.02,0.06,23,98,0.0049,0.00016
1629808101446,0.02,0.04,23,88,0.00486,0.00014
1629808102446,0.01,0.04,18,102,0.00486,0.00012
1629808103446,0.02,0.04,23,84,0.00488,0.00012
1629808104446,0.02,0.04,18,88,0.00488,0.00012
1629808105446,0.02,0.03,22,85,0.00486,0.00012
1629808106446,0.01,0.03,18,88,0.00486,0.00012
1629808107446,0.02,0.04,24,80,0.0049,0.00012
1629808108446,0.02,0.04,18,80,0.0049,0.00012
1629808109446,0.02,0.04,22,61,0.0049,0.00014
1629808110446,0.01,0.04,23,98,0.0049,0.00012
1629808111446,0.02,0.04,19,56,0.00492,0.00012
1629808112446,0.02,0.07,17,129,0.00492,0.00014
1629808113446,0.02,0.04,22,78,0.0049,0.00012
1629808114446,0.02,0.06,21,56,0.0049,0.0001
1629808115446,0.02,0.04,23,98,0.00488,0.00012
1629808116446,0.02,0.06,20,118,0.00488,0.00014
1629808117446,0.02,0.04,19,92,0.00492,0.00012
1629808118446,0.02,0.04,23,92,0.00492,0.00012
1629808119446,0.02,0.06,17,121,0.0049,0.00012
1629808120446,0.02,0.04,23,80,0.0049,0.00012
1629808121446,0.02,0.04,23,75,0.005,0.00014
1629808122446,0.01,0.06,17,55,0.005,0.00012
1629808123446,0.02,0.06,19,102,0.00498,0.00012
1629808124446,0.01,0.04,23,87,0.00498,0.0001
1629808125446,0.02,0.06,24,98,0.00496,0.0001
1629808126446,0.02,0.06,19,39,0.00496,0.0001
1629808127446,0.02,0.04,18,75,0.00492,0.0001
1629808128446,0.02,0.04,22,56,0.00492,0.0001
1629808129446,0.01,0.04,17,83,0.00494,0.00014
1629808130446,0.02,0.04,17,83,0.00494,0.00012
1629808131446,0.01,0.04,23,75,0.00498,0.0001
1629808132446,0.02,0.04,20,110,0.00498,0.00012
1629808133446,0.02,0.04,18,88,0.00496,0.0001
1629808134446,0.02,0.04,18,39,0.00496,0.0001
1629808135446,0.02,0.06,23,67,0.005,0.0001
1629808136446,0.02,0.04,17,68,0.005,0.00012
1629808137446,0.02,0.06,20,118,0.0049,0.00012
1629808138446,0.02,0.04,23,87,0.0049,0.00012
1629808139446,0.01,0.04,22,61,0.00492,0.00012
1629808140446,0.02,0.06,17,102,0.00492,0.00012
1629808141446,0.02,0.03,17,102,0.00494,0.0001
1629808142446,0.02,0.04,23,87,0.00494,8e-05
1629808143446,0.02,0.04,19,56,0.00496,8e-05
1629808144446,0.02,0.06,17,121,0.00496,0.0001
1629808145446,0.01,0.06,15,-78,0.00488,0.0001
1629808146446,0.03,0.08,14,-168,0.00488,0.0001
1629808147446,0.03,0.06,17,129,0.00488,0.00012
1629808148446,0.02,0.06,17,173,0.00488,0.00014
1629808149446,0.01,0.04,20,68,0.00496,0.00012
1629808150446,0.02,0.07,22,119,0.00496,0.00012
1629808151446,0.03,0.14,22,92,0.0049,0.00012
1629808152446,0.05,0.09,25,102,0.0049,0.00014
1629808153446,0.05,0.07,25,106,0.00486,0.00014
1629808154446,0.03,0.04,26,84,0.00486,0.00014
1629808155446,0.02,0.04,26,77,0.00498,0.00012
1629808156446,0.01,0.03,25,102,0.00498,0.0001
1629808157446,0.01,0.03,26,102,0.00518,0.0001
1629808158446,0.01,0.04,25,106,0.00518,0.0001
1629808159446,0.01,0.03,25,87,0.00516,0.00012
1629808160446,0.01,0.03,26,71,0.00516,0.0001
1629808161446,0.01,0.03,24,94,0.00516,0.00012
1629808162446,0.01,0.03,26,99,0.00516,0.00012
1629808163446,0.02,0.06,25,90,0.00514,0.00014
1629808164446,0.02,0.04,24,94,0.00514,0.00012
1629808165446,0.01,0.07,25,87,0.00494,0.0001
1629808166446,0.01,0.03,26,71,0.00494,0.0001
1629808167446,0.01,0.04,25,102,0.00494,0.0001
1629808168446,0.01,0.06,26,105,0.00494,0.0001
1629808169446,0.01,0.04,25,77,0.0051,0.0001
1629808170446,0.06,0.14,17,149,0.0051,0.00012
1629808171446,0.05,0.08,18,102,0.00464,0.00016
1629808172446,0.03,0.04,18,102,0.00464,0.00014
1629808173446,0.02,0.03,23,98,0.00464,0.0001
1629808174446,0.02,0.04,23,92,0.00464,8e-05
1629808175446,0.02,0.04,24,69,0.00502,0.0001
1629808176446,0.01,0.03,23,107,0.00502,0.00012
1629808177446,0.02,0.04,25,72,0.00498,0.0001
1629808178446,0.01,0.03,21,81,0.00498,0.0001
1629808179446,0.02,0.06,22,61,0.005,0.00012
1629808180446,0.01,0.03,26,95,0.005,8e-05
1629808181446,0.02,0.03,22,96,0.00504,0.0001
1629808182446,0.01,0.04,23,75,0.00504,0.0001
1629808183446,0.01,0.03,23,71,0.00506,0.0001
1629808184446,0.02,0.03,22,85,0.00506,0.0001
1629808185446,0.01,0.03,22,96,0.005,0.0001
1629808186446,0.01,0.03,25,94,0.005,0.00012
1629808187446,0.01,0.03,22,78,0.00498,0.00014
1629808188446,0.02,0.03,23,98,0.00498,0.00012
1629808189446,0.01,0.03,23,67,0.00506,0.0001
1629808190446,0.01,0.03,21,81,0.00506,0.0001
1629808191446,0.01,0.04,23,102,0.00508,0.00012
1629808192446,0.01,0.03,25,95,0.00508,0.0001
1629808193446,0.02,0.04,22,102,0.00506,0.00012
1629808194446,0.01,0.04,20,86,0.00506,0.0001
1629808195446,0.01,0.03,26,84,0.00502,0.0001
1629808196446,0.01,0.06,19,63,0.00502,0.00012
1629808197446,0.01,0.04,20,79,0.00502,0.00012
1629808198446,0.01,0.03,23,92,0.00502,0.00012
1629808199446,0.02,0.06,20,72,0.00506,0.00012
1629808200446,0.02,0.07,18,88,0.00506,0.00014
1629808201446,0.02,0.03,20,62,0.0049,0.00014
1629808202446,0.01,0.03,23,106,0.0049,0.00012
1629808203446,0.02,0.04,26,79,0.00492,0.0001
1629808204446,0.02,0.04,23,106,0.00492,0.0001
1629808205446,0.01,0.03,22,91,0.00496,0.00012
1629808206446,0.01,0.04,20,86,0.00496,0.00012
1629808207446,0.03,0.09,17,75,0.00492,0.0001
1629808208446,0.05,0.08,17,136,0.00492,0.00012
1629808209446,0.02,0.04,22,85,0.00488,0.0001
1629808210446,0.02,0.06,25,85,0.00488,0.0001
1629808211446,0.02,0.04,21,81,0.0049,8e-05
1629808212446,0.02,0.04,19,92,0.0049,0.00012
1629808213446,0.01,0.04,22,102,0.00496,0.0001
1629808214446,0.02,0.03,21,108,0.00496,0.0001
1629808215446,0.02,0.04,18,91,0.00494,0.0001
1629808216446,0.01,0.04,22,108,0.00494,8e-05
1629808217446,0.01,0.04,18,75,0.005,8e-05
1629808218446,0.02,0.04,21,116,0.005,8e-05
1629808219446,0.02,0.03,19,92,0.00498,8e-05
1629808220446,0.01,0.03,23,92,0.00498,8e-05
1629808221446,0.02,0.04,23,92,0.00492,0.0001
1629808222446,0.02,0.07,17,55,0.00492,0.0001
1629808223446,0.02,0.07,26,84,0.00492,0.0001
1629808224446,0.02,0.06,22,87,0.00492,0.0001
1629808225446,0.02,0.04,19,71,0.00494,8e-05
1629808226446,0.01,0.06,18,75,0.00494,6e-05
1629808227446,0.06,0.14,12,-78,0.00494,0.0001
1629808228446,0.08,0.1,11,-124,0.00494,0.0001
1629808229446,0.03,0.06,14,-127,0.0049,0.0001
1629808230446,0.03,0.14,6,-82,0.0049,0.0001
1629808231446,0.08,0.14,5,-82,0.00488,0.00012
1629808232446,0.05,0.1,4,-78,0.00488,0.00014
1629808233446,0.26,0.57,46,102,0.00482,0.00016
1629808234446,0.3,0.32,42,77,0.00482,0.0002
1629808235446,0.16,0.36,3,-106,0.00486,0.0002
1629808236446,0.21,0.54,19,96,0.00486,0.00022
1629808237446,0.21,0.44,7,-95,0.00484,0.00022
1629808238446,0.23,0.34,4,-119,0.00484,0.0002
1629808239446,0.16,0.26,0,-125,0.00472,0.00018
1629808240446,0.11,0.24,24,42,0.00472,0.00018
1629808241446,0.12,0.16,1,-118,0.00494,0.0002
1629808242446,0.13,0.25,25,54,0.00494,0.0002
1629808243446,0.14,0.15,5,-13,0.00506,0.00018
1629808244446,0.19,0.33,32,141,0.00506,0.00018
1629808245446,0.19,0.36,12,-168,0.00506,0.00016
1629808246446,0.13,0.2,13,-141,0.00506,0.00014
1629808247446,0.08,0.15,3,-78,0.00506,0.0002
1629808248446,0.04,0.08,5,-85,0.00506,0.00014
1629808249446,0.06,0.1,20,142,0.00514,0.00012
1629808250446,0.07,0.14,23,137,0.00514,0.0001
1629808251446,0.04,0.1,7,-88,0.0051,0.0001
1629808252446,0.06,0.09,7,-88,0.0051,0.00012
1629808253446,0.05,0.08,4,-78,0.005,0.00012
1629808254446,0.05,0.18,8,-49,0.005,0.0001
1629808255446,0.15,0.28,27,-176,0.00498,8e-05
1629808256446,0.11,0.16,7,7,0.00498,8e-05
1629808257446,0.08,0.16,5,-103,0.00508,6e-05
1629808258446,0.09,0.15,8,12,0.00508,8e-05
1629808259446,0.09,0.2,9,-144,0.00508,8e-05
1629808260446,0.1,0.22,19,75,0.00508,0.0001
1629808261446,0.12,0.34,18,112,0.00504,0.00014
1629808262446,0.17,0.3,14,-15,0.00504,0.00016
1629808263446,0.16,0.37,22,106,0.00498,0.00014
1629808264446,0.16,0.38,26,62,0.00498,0.00014
1629808265446,0.19,0.28,12,-39,0.00516,0.00014
1629808266446,0.17,0.33,21,116,0.00516,0.00016
1629808267446,0.17,0.37,22,110,0.0051,0.00016
1629808268446,0.15,0.32,24,160,0.0051,0.00018
1629808269446,0.15,0.32,12,-22,0.0051,0.00018
1629808270446,0.19,0.33,22,69,0.0051,0.0002
1629808271446,0.17,0.34,22,88,0.00522,0.00018
1629808272446,0.19,0.37,7,-80,0.00522,0.0002
1629808273446,0.21,0.38,12,-47,0.00522,0.0002
1629808274446,0.19,0.51,14,-149,0.00522,0.00018
1629808275446,0.22,0.38,10,-72,0.00522,0.0002
1629808276446,0.2,0.45,14,-78,0.00522,0.00018
1629808277446,0.22,0.48,7,-75,0.00532,0.00018
1629808278446,0.23,0.45,11,-79,0.00532,0.0002
1629808279446,0.24,0.45,14,-15,0.0053,0.0002
1629808280446,0.21,0.48,4,-75,0.0053,0.00022
1629808281446,0.26,0.48,7,-75,0.00524,0.00022
1629808282446,0.24,0.44,7,-84,0.00524,0.0002
1629808283446,0.23,0.59,12,-105,0.00524,0.00022
1629808284446,0.23,0.49,5,-74,0.00524,0.00024
1629808285446,0.26,0.49,13,-25,0.0053,0.00024
1629808286446,0.27,0.6,15,-78,0.0053,0.00026
1629808287446,0.3,0.57,12,-86,0.00536,0.00026
1629808288446,0.27,0.56,0,-81,0.00536,0.00028
1629808289446,0.29,0.59,12,-97,0.00532,0.00028
1629808290446,0.31,0.57,5,2,0.00532,0.00028
1629808291446,0.31,0.6,16,39,0.00546,0.00026
1629808292446,0.31,0.59,32,107,0.00546,0.00024
1629808293446,0.35,0.57,1,-133,0.00548,0.00026
1629808294446,0.35,0.69,3,-32,0.00548,0.0003
1629808295446,0.37,0.66,4,-19,0.0054,0.00028
1629808296446,0.38,0.67,7,-32,0.0054,0.00026
1629808297446,0.4,0.65,2,-127,0.00546,0.00024
1629808298446,0.39,0.66,13,-96,0.00546,0.00022
1629808299446,0.39,0.67,14,-109,0.0052,0.00026
1629808300446,0.41,0.69,30,20,0.0052,0.00026
1629808301446,0.39,0.65,3,-15,0.00516,0.00026
1629808302446,0.38,0.63,0,-99,0.00516,0.00028
1629808303446,0.35,0.66,2,-15,0.0054,0.00028
1629808304446,0.38,0.65,27,90,0.0054,0.00028
1629808305446,0.37,0.62,22,26,0.00532,0.00028
1629808306446,0.36,0.63,4,-19,0.00532,0.00026
1629808307446,0.38,0.67,7,12,0.00526,0.00026
1629808308446,0.38,0.66,39,102,0.00526,0.00026
1629808309446,0.37,0.63,10,-115,0.0053,0.00028
1629808310446,0.36,0.62,37,107,0.0053,0.0003
1629808311446,0.36,0.67,3,-19,0.00538,0.0003
1629808312446,0.36,0.65,5,-25,0.00538,0.0003
1629808313446,0.39,0.68,42,108,0.0053,0.00028
1629808314446,0.34,0.66,1,12,0.0053,0.0003
1629808315446,0.37,0.66,6,-51,0.00522,0.0003
1629808316446,0.36,0.63,5,-109,0.00522,0.0003
1629808317446,0.35,0.61,5,-19,0.00522,0.0003
1629808318446,0.36,0.66,9,-31,0.00522,0.00028
1629808319446,0.38,0.65,27,31,0.00534,0.00028
1629808320446,0.36,0.71,5,-2,0.00534,0.00028
1629808321446,0.35,0.62,9,-44,0.00532,0.00028
1629808322446,0.36,0.65,9,-95,0.00532,0.0003
1629808323446,0.36,0.65,11,-94,0.00528,0.00028
1629808324446,0.35,0.67,6,-32,0.00528,0.0003
1629808325446,0.38,0.68,26,73,0.00522,0.00028
1629808326446,0.37,0.63,12,-99,0.00522,0.0003
1629808327446,0.34,0.63,32,81,0.00518,0.0003
1629808328446,0.35,0.62,6,-41,0.00518,0.00028
1629808329446,0.37,0.62,14,-115,0.00524,0.00026
1629808330446,0.36,0.61,5,-47,0.00524,0.00022
1629808331446,0.37,0.68,3,-32,0.00514,0.00024
1629808332446,0.37,0.63,8,-64,0.00514,0.00028
1629808333446,0.35,0.6,4,-15,0.00512,0.0003
1629808334446,0.36,0.6,2,12,0.00512,0.00028
1629808335446,0.34,0.63,1,-38,0.00512,0.0003
1629808336446,0.36,0.62,3,-37,0.00512,0.00028
1629808337446,0.37,0.67,37,101,0.0051,0.0003
1629808338446,0.35,0.63,4,-19,0.0051,0.00028
1629808339446,0.36,0.65,40,114,0.00526,0.00028
1629808340446,0.37,0.73,8,-31,0.00526,0.00028
1629808341446,0.38,0.68,25,39,0.00526,0.00028
1629808342446,0.38,0.66,36,101,0.00526,0.00028
1629808343446,0.36,0.62,7,-111,0.00522,0.00024
1629808344446,0.36,0.69,26,75,0.00522,0.00026
1629808345446,0.36,0.62,2,-54,0.00524,0.00028
1629808346446,0.36,0.62,11,-118,0.00524,0.00026
1629808347446,0.36,0.62,18,86,0.00534,0.00028
1629808348446,0.36,0.62,5,-10,0.00534,0.00026
1629808349446,0.37,0.63,12,-99,0.00534,0.00026
1629808350446,0.35,0.63,39,114,0.00534,0.00026
1629808351446,0.37,0.65,29,65,0.00528,0.00028
1629808352446,0.36,0.62,2,-136,0.00528,0.00032
1629808353446,0.34,0.61,9,-22,0.00526,0.00032
1629808354446,0.36,0.62,38,103,0.00526,0.00028
1629808355446,0.38,0.62,27,87,0.00508,0.00026
1629808356446,0.37,0.68,2,-2,0.00508,0.00028
1629808357446,0.38,0.65,13,-92,0.00498,0.0003
1629808358446,0.36,0.67,8,-7,0.00498,0.00026
1629808359446,0.37,0.68,2,-7,0.00498,0.00028
1629808360446,0.35,0.66,9,-7,0.00498,0.00028
1629808361446,0.37,0.66,5,1,0.00512,0.00028
1629808362446,0.36,0.62,6,-54,0.00512,0.0003
1629808363446,0.36,0.63,3,-15,0.00516,0.0003
1629808364446,0.38,0.69,1,-27,0.00516,0.00028
1629808365446,0.37,0.63,1,-4,0.00508,0.00026
1629808366446,0.35,0.61,9,-44,0.00508,0.00028
1629808367446,0.36,0.66,11,-78,0.00508,0.0003
1629808368446,0.36,0.63,3,12,0.00508,0.00026
1629808369446,0.36,0.63,9,-115,0.00508,0.00026
1629808370446,0.36,0.63,37,110,0.00508,0.00026
1629808371446,0.37,0.63,12,-121,0.00514,0.00026
1629808372446,0.37,0.62,3,-44,0.00514,0.00026
1629808373446,0.36,0.62,3,-15,0.00518,0.00024
1629808374446,0.35,0.63,3,12,0.00518,0.00024
1629808375446,0.37,0.75,33,20,0.00516,0.00028
1629808376446,0.37,0.62,4,2,0.00516,0.00024
1629808377446,0.37,0.68,3,-19,0.00502,0.00026
1629808378446,0.36,0.63,5,-89,0.00502,0.00026
1629808379446,0.36,0.63,8,-22,0.00502,0.00026
1629808380446,0.38,0.69,4,-10,0.00502,0.00032
1629808381446,0.36,0.62,5,-32,0.00512,0.0003
1629808382446,0.37,0.65,5,-25,0.00512,0.0003
1629808383446,0.37,0.6,0,-113,0.00512,0.00032
1629808384446,0.35,0.62,7,-15,0.00512,0.00028
1629808385446,0.36,0.62,6,12,0.0051,0.00028
1629808386446,0.37,0.65,7,-15,0.0051,0.00034
1629808387446,0.37,0.69,4,12,0.00504,0.0003
1629808388446,0.4,0.65,0,-2,0.00504,0.00028
1629808389446,0.35,0.63,37,105,0.00494,0.00026
1629808390446,0.37,0.69,7,-22,0.00494,0.0003
1629808391446,0.36,0.61,9,-44,0.00492,0.00028
1629808392446,0.36,0.68,7,12,0.00492,0.0003
1629808393446,0.36,0.67,4,12,0.00492,0.0003
1629808394446,0.37,0.66,29,97,0.00492,0.00032
1629808395446,0.37,0.66,3,2,0.00488,0.0003
1629808396446,0.36,0.66,3,12,0.00488,0.00034
1629808397446,0.38,0.66,12,-118,0.00482,0.00032
1629808398446,0.38,0.68,11,12,0.00482,0.0003
1629808399446,0.37,0.63,37,112,0.0052,0.00028
1629808400446,0.37,0.66,0,-62,0.0052,0.0003
1629808401446,0.37,0.66,1,12,0.00528,0.0003
1629808402446,0.37,0.63,26,76,0.00528,0.00026
1629808403446,0.39,0.67,0,4,0.00518,0.00024
1629808404446,0.37,0.68,4,12,0.00518,0.00028
1629808405446,0.36,0.65,7,-32,0.00526,0.0003
1629808406446,0.37,0.62,3,-37,0.00526,0.0003
1629808407446,0.36,0.65,8,12,0.00522,0.0003
1629808408446,0.36,0.67,4,-56,0.00522,0.00028
1629808409446,0.37,0.62,3,4,0.00526,0.00034
1629808410446,0.37,0.68,6,-60,0.00526,0.00038
1629808411446,0.37,0.73,4,5,0.00516,0.00036
1629808412446,0.38,0.65,1,-4,0.00516,0.00034
1629808413446,0.37,0.62,8,-2,0.0052,0.00034
1629808414446,0.37,0.67,4,-41,0.0052,0.0003
1629808415446,0.39,0.67,1,-22,0.00528,0.0003
1629808416446,0.35,0.66,5,-41,0.00528,0.00032
1629808417446,0.36,0.65,11,-106,0.00516,0.0003
1629808418446,0.39,0.67,1,-15,0.00516,0.0003
1629808419446,0.39,0.69,2,5,0.0052,0.00032
1629808420446,0.37,0.66,1,-22,0.0052,0.00038
1629808421446,0.38,0.68,29,22,0.00522,0.00036
1629808422446,0.36,0.69,4,-51,0.00522,0.00032
1629808423446,0.37,0.68,2,-27,0.0052,0.00036
1629808424446,0.36,0.63,5,1,0.0052,0.00032
1629808425446,0.36,0.6,3,-68,0.00528,0.00028
1629808426446,0.35,0.6,6,-32,0.00528,0.00028
1629808427446,0.36,0.63,8,-2,0.00526,0.0003
1629808428446,0.34,0.6,37,116,0.00526,0.00026
1629808429446,0.36,0.65,7,-2,0.00514,0.00032
1629808430446,0.37,0.67,30,28,0.00514,0.00036
1629808431446,0.36,0.62,1,-28,0.0052,0.0003
1629808432446,0.38,0.71,33,109,0.0052,0.00028
1629808433446,0.36,0.68,6,-32,0.00526,0.00034
1629808434446,0.36,0.62,26,22,0.00526,0.00038
1629808435446,0.37,0.63,4,-88,0.00516,0.00034
1629808436446,0.37,0.62,36,112,0.00516,0.00034
1629808437446,0.37,0.71,40,103,0.00514,0.00036
1629808438446,0.38,0.73,2,-15,0.00514,0.00034
1629808439446,0.38,0.72,2,-10,0.00528,0.00034
1629808440446,0.39,0.75,1,1,0.00528,0.00034
1629808441446,0.37,0.65,30,85,0.00548,0.00032
1629808442446,0.37,0.74,1,-27,0.00548,0.00032
1629808443446,0.38,0.71,4,12,0.00546,0.00034
1629808444446,0.35,0.67,14,-103,0.00546,0.00032
1629808445446,0.38,0.68,0,-22,0.0052,0.00032
1629808446446,0.37,0.66,7,12,0.0052,0.00034
1629808447446,0.38,0.71,26,23,0.005,0.0003
1629808448446,0.38,0.68,23,26,0.005,0.00032
1629808449446,0.39,0.63,3,-41,0.0052,0.0003
1629808450446,0.37,0.71,39,108,0.0052,0.0003
1629808451446,0.36,0.62,34,116,0.00518,0.00036
1629808452446,0.37,0.69,38,113,0.00518,0.00032
1629808453446,0.37,0.66,42,106,0.0051,0.00032
1629808454446,0.39,0.67,3,-51,0.0051,0.00032
1629808455446,0.37,0.67,1,-15,0.00502,0.00034
1629808456446,0.39,0.74,6,-11,0.00502,0.0003
1629808457446,0.39,0.72,5,12,0.00494,0.00032
1629808458446,0.37,0.65,7,-32,0.00494,0.00034
1629808459446,0.38,0.71,39,105,0.00488,0.00032
1629808460446,0.37,0.62,5,-19,0.00488,0.0003
1629808461446,0.35,0.62,1,5,0.00516,0.0003
1629808462446,0.37,0.72,0,2,0.00516,0.00032
1629808463446,0.37,0.66,33,114,0.0052,0.00028
1629808464446,0.37,0.69,3,12,0.0052,0.00026
1629808465446,0.4,0.71,11,-78,0.00524,0.00026
1629808466446,0.37,0.66,8,-22,0.00524,0.00028
1629808467446,0.38,0.69,40,116,0.00506,0.00036
1629808468446,0.38,0.68,30,20,0.00506,0.0003
1629808469446,0.37,0.65,30,42,0.0053,0.0003
1629808470446,0.39,0.75,7,-2,0.0053,0.00028
1629808471446,0.38,0.65,2,-37,0.00516,0.00032
1629808472446,0.37,0.71,2,-11,0.00516,0.0003
1629808473446,0.4,0.73,2,1,0.00526,0.0003
1629808474446,0.37,0.66,9,12,0.00526,0.00028
1629808475446,0.39,0.77,5,4,0.00504,0.00028
1629808476446,0.37,0.72,8,-31,0.00504,0.00032
1629808477446,0.39,0.73,1,-41,0.00542,0.00032
1629808478446,0.39,0.71,1,-68,0.00542,0.00034
1629808479446,0.34,0.6,3,-4,0.00526,0.00034
1629808480446,0.31,0.56,1,-6,0.00526,0.0003
1629808481446,0.24,0.45,21,80,0.00522,0.00028
1629808482446,0.23,0.42,29,75,0.00522,0.00028
1629808483446,0.18,0.37,19,62,0.00532,0.00026
1629808484446,0.22,0.79,29,78,0.00532,0.00026
1629808485446,0.21,0.27,32,150,0.00522,0.00028
1629808486446,0.19,0.44,27,70,0.00522,0.00026
1629808487446,0.18,0.56,41,94,0.0051,0.00028
1629808488446,0.41,0.54,55,85,0.0051,0.00028
1629808489446,0.36,0.56,23,90,0.00502,0.0003
1629808490446,0.15,0.24,5,-105,0.00502,0.0003
1629808491446,0.05,0.09,25,94,0.00508,0.00026
1629808492446,0.04,0.13,16,102,0.00508,0.00026
1629808493446,0.04,0.13,24,81,0.00498,0.00026
1629808494446,0.05,0.12,25,91,0.00498,0.00022
1629808495446,0.04,0.09,25,98,0.00484,0.0002
1629808496446,0.04,0.08,27,74,0.00484,0.0002
1629808497446,0.03,0.07,18,88,0.00482,0.00018
1629808498446,0.04,0.06,19,102,0.00482,0.0002
1629808499446,0.02,0.07,20,79,0.00478,0.0002
1629808500446,0.03,0.07,25,98,0.00478,0.00016
1629808501446,0.02,0.07,21,42,0.00466,0.00018
1629808502446,0.05,0.09,13,12,0.00466,0.00018
1629808503446,0.06,0.45,37,98,0.00466,0.00022
1629808504446,0.29,0.51,39,101,0.00466,0.00024
1629808505446,0.18,0.25,12,-105,0.00486,0.00024
1629808506446,0.05,0.08,18,75,0.00486,0.00026
1629808507446,0.02,0.08,17,102,0.00498,0.00024
1629808508446,0.04,0.1,15,-78,0.00498,0.00024
1629808509446,0.03,0.1,16,53,0.00488,0.00022
1629808510446,0.02,0.04,24,85,0.00488,0.0002
1629808511446,0.02,0.08,17,39,0.00482,0.00018
1629808512446,0.03,0.06,16,102,0.00482,0.0002
1629808513446,0.02,0.04,22,61,0.00488,0.00018
1629808514446,0.02,0.04,18,75,0.00488,0.0002
1629808515446,0.03,0.06,18,102,0.00492,0.00018
1629808516446,0.02,0.04,17,55,0.00492,0.00018
1629808517446,0.02,0.06,24,80,0.005,0.00016
1629808518446,0.02,0.06,17,31,0.005,0.00016
1629808519446,0.02,0.06,16,102,0.00494,0.00016
1629808520446,0.02,0.04,23,64,0.00494,0.00016
1629808521446,0.01,0.04,18,39,0.00498,0.00014
1629808522446,0.02,0.06,16,53,0.00498,0.00016
1629808523446,0.02,0.04,17,55,0.00494,0.00014
1629808524446,0.02,0.06,23,87,0.00494,0.00016
1629808525446,0.02,0.06,18,49,0.00492,0.00014
1629808526446,0.02,0.06,17,129,0.00492,0.00016
1629808527446,0.02,0.04,18,148,0.00498,0.00014
1629808528446,0.02,0.04,22,41,0.00498,0.00014
1629808529446,0.02,0.06,16,102,0.00502,0.00016
1629808530446,0.02,0.04,14,12,0.00502,0.00014
1629808531446,0.01,0.04,21,84,0.00506,0.00012
1629808532446,0.02,0.06,22,85,0.00506,0.00014
1629808533446,0.02,0.04,22,61,0.005,0.00016
1629808534446,0.02,0.06,17,31,0.005,0.00016
1629808535446,0.02,0.04,14,12,0.00492,0.00014
1629808536446,0.02,0.06,18,102,0.00492,0.00012
1629808537446,0.02,0.04,18,102,0.005,0.0001
1629808538446,0.02,0.04,16,102,0.005,0.0001
1629808539446,0.01,0.03,21,56,0.00516,0.00012
1629808540446,0.02,0.03,21,75,0.00516,0.00012
1629808541446,0.02,0.06,14,-168,0.00512,0.00014
1629808542446,0.01,0.06,22,75,0.00512,0.00012
1629808543446,0.02,0.04,22,44,0.00518,0.00016
1629808544446,0.02,0.04,17,75,0.00518,0.00014
1629808545446,0.02,0.04,17,129,0.00502,0.00012
1629808546446,0.02,0.04,21,95,0.00502,0.00012
1629808547446,0.02,0.03,18,75,0.00504,0.00012
1629808548446,0.02,0.04,12,12,0.00504,0.00014
1629808549446,0.01,0.03,17,75,0.00514,0.00016
1629808550446,0.02,0.04,23,64,0.00514,0.00014
1629808551446,0.02,0.06,15,-78,0.00508,0.00012
1629808552446,0.02,0.04,14,12,0.00508,0.00012
1629808553446,0.02,0.04,21,75,0.0051,0.0001
1629808554446,0.02,0.03,20,62,0.0051,0.0001
1629808555446,0.02,0.06,17,31,0.00516,0.00014
1629808556446,0.02,0.03,18,91,0.00516,0.00014
1629808557446,0.02,0.06,23,82,0.00518,0.00012
1629808558446,0.02,0.04,17,55,0.00518,0.00012
1629808559446,0.01,0.03,17,39,0.00506,0.0001
1629808560446,0.01,0.04,22,78,0.00506,0.0001
1629808561446,0.01,0.06,14,12,0.00508,0.0001
1629808562446,0.02,0.04,12,12,0.00508,0.00014
1629808563446,0.02,0.04,18,65,0.00514,0.00014
1629808564446,0.02,0.04,11,12,0.00514,0.00014
1629808565446,0.01,0.03,18,56,0.00508,0.00012
1629808566446,0.01,0.03,22,70,0.00508,0.00012
1629808567446,0.02,0.04,12,12,0.00508,0.00012
1629808568446,0.01,0.04,21,70,0.00508,0.00012
1629808569446,0.01,0.03,22,56,0.00508,0.0001
1629808570446,0.02,0.04,12,12,0.00508,0.00014
1629808571446,0.01,0.06,22,78,0.00506,0.00014
1629808572446,0.04,0.09,12,-89,0.00506,0.00014
1629808573446,0.04,0.1,23,92,0.00496,0.00014
1629808574446,0.05,0.13,18,56,0.00496,0.00012
1629808575446,0.04,0.07,23,112,0.00496,0.00014
1629808576446,0.03,0.07,23,106,0.00496,0.00014
1629808577446,0.03,0.08,25,91,0.00506,0.00014
1629808578446,0.02,0.06,17,75,0.00506,0.00012
1629808579446,0.02,0.06,20,35,0.00492,0.00012
1629808580446,0.03,0.12,22,87,0.00492,0.00012
1629808581446,0.03,0.06,18,39,0.00488,0.00014
1629808582446,0.03,0.08,19,94,0.00488,0.00012
1629808583446,0.02,0.06,25,77,0.00494,0.0001
1629808584446,0.02,0.04,25,68,0.00494,0.00012
1629808585446,0.01,0.04,21,42,0.0049,0.00014
1629808586446,0.01,0.04,25,74,0.0049,0.00012
1629808587446,0.02,0.04,23,47,0.0049,0.00014
1629808588446,0.02,0.04,19,75,0.0049,0.00014
1629808589446,0.01,0.04,20,35,0.0049,0.00012
1629808590446,0.02,0.04,23,57,0.0049,0.0001
1629808591446,0.02,0.04,20,35,0.00498,0.00012
1629808592446,0.01,0.03,19,51,0.00498,0.00014
1629808593446,0.01,0.04,18,65,0.00496,0.00012
1629808594446,0.02,0.04,19,63,0.00496,0.00014
1629808595446,0.02,0.06,21,81,0.00486,0.00012
1629808596446,0.02,0.06,18,39,0.00486,0.00016
1629808597446,0.02,0.06,19,22,0.00488,0.00014
1629808598446,0.01,0.03,19,34,0.00488,0.00014
1629808599446,0.01,0.03,23,56,0.00498,0.00014
1629808600446,0.01,0.03,21,81,0.00498,0.00014
1629808601446,0.02,0.04,23,82,0.00496,0.00012
1629808602446,0.01,0.04,22,53,0.00496,0.0001
1629808603446,0.01,0.03,19,51,0.00498,0.0001
1629808604446,0.02,0.06,19,22,0.00498,0.00012
1629808605446,0.01,0.04,22,80,0.005,0.00014
1629808606446,0.01,0.04,19,31,0.005,0.00014
1629808607446,0.01,0.04,23,71,0.005,0.00014
1629808608446,0.02,0.06,21,88,0.005,0.00012
1629808609446,0.02,0.04,19,43,0.00508,0.00012
1629808610446,0.02,0.03,19,71,0.00508,0.00012
1629808611446,0.01,0.03,22,36,0.00508,0.00014
1629808612446,0.02,0.03,20,79,0.00508,0.00012
1629808613446,0.01,0.03,21,42,0.00502,0.0001
1629808614446,0.01,0.03,22,73,0.00502,0.00012
1629808615446,0.01,0.04,23,69,0.005,0.0001
1629808616446,0.01,0.03,19,39,0.005,0.00012
1629808617446,0.02,0.04,18,26,0.00496,0.00012
1629808618446,0.01,0.04,20,62,0.00496,0.00014
1629808619446,0.02,0.04,21,33,0.00496,0.00016
1629808620446,0.01,0.04,19,92,0.00496,0.00012
1629808621446,0.01,0.03,22,56,0.00506,0.00012
1629808622446,0.01,0.04,19,31,0.00506,0.0001
1629808623446,0.02,0.06,11,12,0.00512,0.00012
1629808624446,0.04,0.07,19,68,0.00512,0.00012
1629808625446,0.03,0.07,25,74,0.0051,0.00014
1629808626446,0.02,0.04,22,36,0.0051,0.00012
1629808627446,0.02,0.04,20,35,0.00498,0.0001
1629808628446,0.02,0.06,25,81,0.00498,0.0001
1629808629446,0.01,0.04,20,46,0.00494,0.00014
1629808630446,0.02,0.03,23,71,0.00494,0.00016
1629808631446,0.01,0.04,25,71,0.00504,0.00012
1629808632446,0.02,0.08,19,22,0.00504,0.00012
1629808633446,0.06,0.1,13,-31,0.00512,0.00012
1629808634446,0.04,0.06,22,96,0.00512,0.00012
1629808635446,0.03,0.06,24,98,0.00496,0.00014
1629808636446,0.02,0.03,23,64,0.00496,0.00012
1629808637446,0.02,0.04,20,86,0.0049,0.00012
1629808638446,0.02,0.06,26,87,0.0049,0.00012
1629808639446,0.03,0.07,27,69,0.00498,0.00014
1629808640446,0.03,0.03,26,80,0.00498,0.00014
1629808641446,0.01,0.04,25,95,0.00502,0.00016
1629808642446,0.01,0.03,26,73,0.00502,0.00014
1629808643446,0.01,0.12,22,131,0.00506,0.00012
1629808644446,0.05,0.09,19,51,0.00506,0.00014
1629808645446,0.02,0.04,25,91,0.00498,0.00012
1629808646446,0.02,0.04,26,69,0.00498,0.0001
1629808647446,0.01,0.03,25,98,0.00496,0.00012
1629808648446,0.01,0.03,25,98,0.00496,0.00014
1629808649446,0.01,0.04,26,102,0.00492,0.00012
1629808650446,0.01,0.03,27,74,0.00492,0.00012
1629808651446,0.01,0.06,25,87,0.00494,0.00016
1629808652446,0.01,0.06,25,63,0.00494,0.00016
1629808653446,0.04,0.13,18,49,0.00498,0.00014
1629808654446,0.02,0.04,23,64,0.00498,0.00014
1629808655446,0.01,0.04,22,61,0.00496,0.00012
1629808656446,0.01,0.03,23,60,0.00496,0.00012
1629808657446,0.01,0.06,25,73,0.00496,0.0001
1629808658446,0.04,0.1,19,34,0.00496,0.00014
1629808659446,0.02,0.04,24,85,0.00496,0.00012
1629808660446,0.02,0.03,26,79,0.00496,0.0001
1629808661446,0.02,0.03,26,73,0.00486,0.00014
1629808662446,0.01,0.03,26,83,0.00486,0.00012
1629808663446,0.01,0.03,25,83,0.00478,0.00012
1629808664446,0.01,0.08,24,102,0.00478,0.00012
1629808665446,0.05,0.1,21,132,0.00488,0.00014
1629808666446,0.02,0.06,20,102,0.00488,0.00014
1629808667446,0.02,0.07,19,80,0.0049,0.00014
1629808668446,0.03,0.08,18,102,0.0049,0.00014
1629808669446,0.02,0.04,26,98,0.0049,0.00016
1629808670446,0.02,0.04,25,98,0.0049,0.00014
1629808671446,0.02,0.06,19,112,0.00494,0.00014
1629808672446,0.02,0.04,21,70,0.00494,0.00012
1629808673446,0.02,0.04,25,81,0.00488,0.00012
1629808674446,0.01,0.04,22,113,0.00488,0.00014
1629808675446,0.02,0.04,19,94,0.00486,0.00016
1629808676446,0.01,0.03,21,102,0.00486,0.00014
1629808677446,0.02,0.03,25,94,0.0049,0.00014
1629808678446,0.01,0.04,19,102,0.0049,0.00016
1629808679446,0.02,0.04,19,75,0.00494,0.00014
1629808680446,0.01,0.03,21,88,0.00494,0.00016
1629808681446,0.03,0.14,12,-41,0.005,0.00014
1629808682446,0.1,0.14,11,-68,0.005,0.00014
1629808683446,0.04,0.1,27,77,0.00484,0.00012
1629808684446,0.05,0.09,26,84,0.00484,0.00016
1629808685446,0.02,0.04,24,94,0.0048,0.00014
1629808686446,0.03,0.12,21,85,0.0048,0.00012
1629808687446,0.06,0.16,25,-175,0.00498,0.00016
1629808688446,0.03,0.06,23,92,0.00498,0.00014
1629808689446,0.02,0.04,17,55,0.00502,0.00018
1629808690446,0.02,0.07,24,81,0.00502,0.00016
1629808691446,0.02,0.08,25,87,0.005,0.00016
1629808692446,0.04,0.08,26,80,0.005,0.00016
1629808693446,0.02,0.04,18,91,0.00498,0.00018
1629808694446,0.02,0.08,17,165,0.00498,0.00016
1629808695446,0.04,0.08,18,136,0.00486,0.00014
1629808696446,0.02,0.06,22,97,0.00486,0.00014
1629808697446,0.02,0.03,22,96,0.00474,0.00012
1629808698446,0.01,0.03,24,102,0.00474,0.00012
1629808699446,0.03,0.1,17,149,0.00476,0.00014
1629808700446,0.01,0.03,21,95,0.00476,0.00014
1629808701446,0.01,0.03,22,85,0.00482,0.00014
1629808702446,0.02,0.04,19,92,0.00482,0.00016
1629808703446,0.03,0.09,17,46,0.00482,0.00016
1629808704446,0.02,0.04,26,98,0.00482,0.00016
1629808705446,0.02,0.06,20,68,0.00484,0.00018
1629808706446,0.02,0.04,19,94,0.00484,0.00014
1629808707446,0.02,0.06,19,80,0.00488,0.00014
1629808708446,0.02,0.03,24,98,0.00488,0.00014
1629808709446,0.01,0.04,26,79,0.00488,0.00012
1629808710446,0.01,0.06,21,116,0.00488,0.00014
1629808711446,0.02,0.04,20,94,0.00492,0.00014
1629808712446,0.01,0.04,22,73,0.00492,0.00016
1629808713446,0.02,0.06,20,86,0.00496,0.00016
1629808714446,0.03,0.06,19,112,0.00496,0.00016
1629808715446,0.02,0.06,19,56,0.00492,0.00014
1629808716446,0.01,0.04,23,80,0.00492,0.00014
1629808717446,0.01,0.06,19,80,0.0049,0.00012
1629808718446,0.02,0.04,19,102,0.0049,0.00016
1629808719446,0.01,0.04,25,90,0.0049,0.00016
1629808720446,0.01,0.07,19,63,0.0049,0.00016
1629808721446,0.02,0.03,21,90,0.0049,0.00014
1629808722446,0.02,0.03,25,86,0.0049,0.00016
1629808723446,0.02,0.04,20,68,0.00496,0.00016
1629808724446,0.02,0.04,24,98,0.00496,0.00016
1629808725446,0.02,0.03,25,81,0.005,0.00016
1629808726446,0.01,0.03,23,69,0.005,0.00012
1629808727446,0.02,0.06,19,71,0.00492,0.00014
1629808728446,0.01,0.04,26,75,0.00492,0.00014
1629808729446,0.01,0.03,25,79,0.0049,0.00014
1629808730446,0.01,0.03,20,86,0.0049,0.00014
1629808731446,0.01,0.04,25,77,0.00492,0.00016
1629808732446,0.02,0.03,25,86,0.00492,0.00014
1629808733446,0.01,0.04,19,71,0.00494,0.00018
1629808734446,0.02,0.04,20,102,0.00494,0.00016
1629808735446,0.01,0.04,21,56,0.00494,0.00016
1629808736446,0.01,0.04,21,67,0.00494,0.00018
1629808737446,0.02,0.04,20,72,0.00494,0.00016
1629808738446,0.02,0.03,25,77,0.00494,0.00014
1629808739446,0.02,0.04,20,68,0.00498,0.00016
1629808740446,0.02,0.06,19,51,0.00498,0.00016
1629808741446,0.02,0.04,21,84,0.00498,0.00016
1629808742446,0.01,0.06,18,75,0.00498,0.00016
1629808743446,0.03,0.07,17,83,0.00498,0.00014
1629808744446,0.02,0.04,24,94,0.00498,0.00014
1629808745446,0.02,0.04,25,74,0.00498,0.00012
1629808746446,0.01,0.04,23,102,0.00498,0.00012
1629808747446,0.02,0.04,23,102,0.00496,0.00012
1629808748446,0.01,0.03,25,75,0.00496,0.00014
1629808749446,0.02,0.06,19,71,0.00494,0.00016
1629808750446,0.02,0.04,23,102,0.00494,0.00014
1629808751446,0.01,0.04,25,98,0.00498,0.00016
1629808752446,0.02,0.06,19,71,0.00498,0.00016
1629808753446,0.02,0.03,23,64,0.00492,0.00014
1629808754446,0.01,0.04,21,61,0.00492,0.00012
1629808755446,0.02,0.06,18,75,0.00496,0.00014
1629808756446,0.02,0.06,19,56,0.00496,0.00014
1629808757446,0.01,0.03,19,83,0.005,0.00012
1629808758446,0.01,0.04,20,56,0.005,0.00012
1629808759446,0.02,0.04,19,63,0.00498,0.00016
1629808760446,0.01,0.04,19,51,0.00498,0.00014
1629808761446,0.01,0.04,26,74,0.00498,0.00014
1629808762446,0.02,0.04,20,62,0.00498,0.00014
1629808763446,0.02,0.04,18,80,0.00494,0.00014
1629808764446,0.02,0.04,25,72,0.00494,0.00014
1629808765446,0.01,0.04,21,102,0.00494,0.00014
1629808766446,0.02,0.04,21,88,0.00494,0.00018
1629808767446,0.02,0.04,26,83,0.00496,0.00014
1629808768446,0.02,0.04,21,102,0.00496,0.00014
1629808769446,0.02,0.06,19,56,0.00502,0.00016
1629808770446,0.02,0.04,22,87,0.00502,0.00016
1629808771446,0.01,0.04,19,71,0.00498,0.00014
1629808772446,0.02,0.03,22,91,0.00498,0.00014
1629808773446,0.01,0.06,22,71,0.0049,0.00014
1629808774446,0.02,0.03,21,53,0.0049,0.00014
1629808775446,0.01,0.04,19,92,0.00478,0.00014
1629808776446,0.01,0.03,24,80,0.00478,0.00016
1629808777446,0.01,0.04,25,79,0.00484,0.00014
1629808778446,0.02,0.04,21,109,0.00484,0.00014
1629808779446,0.02,0.04,25,86,0.00494,0.00012
1629808780446,0.02,0.04,21,53,0.00494,0.00012
1629808781446,0.02,0.04,21,102,0.00498,0.00014
1629808782446,0.01,0.03,22,61,0.00498,0.00014
1629808783446,0.02,0.06,19,80,0.00496,0.00014
1629808784446,0.02,0.04,18,80,0.00496,0.00016
1629808785446,0.01,0.04,23,88,0.00492,0.00014
1629808786446,0.02,0.06,19,102,0.00492,0.00012
1629808787446,0.02,0.06,19,56,0.00492,0.00012
1629808788446,0.01,0.04,25,86,0.00492,0.00014
1629808789446,0.01,0.03,23,68,0.00492,0.00014
1629808790446,0.02,0.04,19,71,0.00492,0.00014
1629808791446,0.01,0.03,24,84,0.00494,0.00014
1629808792446,0.02,0.04,25,85,0.00494,0.00014
1629808793446,0.01,0.04,20,56,0.005,0.00014
1629808794446,0.02,0.06,21,102,0.005,0.00012
1629808795446,0.02,0.06,21,39,0.00502,0.00012
1629808796446,0.02,0.04,20,56,0.00502,0.0001
1629808797446,0.01,0.03,20,52,0.00494,0.00012
1629808798446,0.02,0.04,25,72,0.00494,0.00012
1629808799446,0.02,0.06,19,51,0.00492,0.00012
1629808800446,0.04,0.09,12,12,0.00492,0.00016
1629808801446,0.03,0.06,21,90,0.0049,0.00014
1629808802446,0.02,0.06,24,84,0.0049,0.0001
1629808803446,0.02,0.03,23,87,0.0049,0.0001
1629808804446,0.02,0.03,20,94,0.0049,0.00012
1629808805446,0.01,0.06,18,102,0.00494,0.00012
1629808806446,0.02,0.04,19,43,0.00494,0.00012
1629808807446,0.01,0.04,24,80,0.0049,0.0001
1629808808446,0.02,0.04,18,65,0.0049,0.00012
1629808809446,0.02,0.06,18,39,0.0049,0.00014
1629808810446,0.02,0.03,18,80,0.0049,0.00012
1629808811446,0.02,0.04,22,84,0.00486,0.00012
1629808812446,0.01,0.04,24,84,0.00486,0.00012
1629808813446,0.01,0.03,21,96,0.00482,0.00014
1629808814446,0.01,0.04,21,84,0.00482,0.00012
1629808815446,0.01,0.04,18,56,0.00486,0.00012
1629808816446,0.02,0.04,19,56,0.00486,0.00012
1629808817446,0.01,0.03,19,56,0.00484,0.00014
1629808818446,0.01,0.04,24,69,0.00484,0.00012
1629808819446,0.01,0.03,18,65,0.00488,0.0001
1629808820446,0.01,0.03,23,78,0.00488,0.00012
1629808821446,0.01,0.06,20,28,0.00494,0.0001
1629808822446,0.02,0.04,20,62,0.00494,0.0001
1629808823446,0.02,0.04,19,102,0.0049,0.00012
1629808824446,0.02,0.06,25,72,0.0049,0.00012
1629808825446,0.02,0.06,26,71,0.00482,0.0001
1629808826446,0.01,0.04,18,49,0.00482,0.00012
1629808827446,0.02,0.06,25,77,0.00484,0.00012
1629808828446,0.02,0.07,18,75,0.00484,0.00012
1629808829446,0.02,0.04,19,51,0.00486,0.00012
1629808830446,0.02,0.06,22,30,0.00486,0.0001
1629808831446,0.01,0.03,20,86,0.00488,0.00014
1629808832446,0.02,0.06,25,81,0.00488,0.00012
1629808833446,0.02,0.04,24,80,0.00488,0.00012
1629808834446,0.02,0.04,19,43,0.00488,0.00014
1629808835446,0.02,0.03,20,46,0.00486,0.00012
1629808836446,0.02,0.04,23,84,0.00486,0.00012
1629808837446,0.01,0.03,21,52,0.0049,0.0001
1629808838446,0.01,0.04,25,75,0.0049,0.0001
1629808839446,0.01,0.04,19,92,0.00498,0.0001
1629808840446,0.02,0.06,18,39,0.00498,0.0001
1629808841446,0.01,0.03,22,61,0.00488,0.0001
1629808842446,0.01,0.06,23,80,0.00488,0.0001
1629808843446,0.01,0.04,19,39,0.00484,0.00012
1629808844446,0.01,0.04,22,75,0.00484,0.0001
1629808845446,0.02,0.04,22,85,0.00492,0.00012
1629808846446,0.01,0.04,19,43,0.00492,0.00014
1629808847446,0.02,0.04,20,94,0.00486,0.00012
1629808848446,0.01,0.04,18,65,0.00486,0.0001
1629808849446,0.02,0.04,19,71,0.00484,0.00012
1629808850446,0.01,0.03,20,62,0.00484,0.00012
1629808851446,0.02,0.04,24,69,0.00486,0.00012
1629808852446,0.01,0.04,19,43,0.00486,0.00012
1629808853446,0.02,0.04,23,88,0.00476,0.00014
1629808854446,0.01,0.06,24,75,0.00476,0.00012
1629808855446,0.02,0.07,18,26,0.00474,0.00014
1629808856446,0.02,0.06,21,33,0.00474,0.00014
1629808857446,0.01,0.06,23,84,0.00488,0.00012
1629808858446,0.02,0.03,22,44,0.00488,0.00012
1629808859446,0.01,0.04,21,39,0.00484,0.0001
1629808860446,0.01,0.03,24,69,0.00484,0.0001
1629808861446,0.01,0.03,21,90,0.00482,0.00012
1629808862446,0.02,0.04,19,34,0.00482,0.00014
1629808863446,0.01,0.04,24,73,0.00486,0.00014
1629808864446,0.01,0.04,18,56,0.00486,0.00014
1629808865446,0.02,0.03,18,80,0.00482,0.00012
1629808866446,0.02,0.04,21,96,0.00482,0.00012
1629808867446,0.02,0.04,18,56,0.00484,0.00012
1629808868446,0.02,0.06,18,88,0.00484,0.00012
1629808869446,0.02,0.04,22,64,0.00482,0.00012
1629808870446,0.01,0.04,20,79,0.00482,0.00012
1629808871446,0.01,0.04,19,56,0.00482,0.00012
1629808872446,0.01,0.04,23,50,0.00482,0.00012
1629808873446,0.01,0.04,22,44,0.00486,0.00012
1629808874446,0.02,0.04,18,39,0.00486,0.00016
1629808875446,0.02,0.04,23,69,0.00484,0.00012
1629808876446,0.02,0.06,19,68,0.00484,0.00012
1629808877446,0.02,0.04,18,56,0.00484,0.00016
1629808878446,0.02,0.03,19,51,0.00484,0.00012
1629808879446,0.02,0.04,18,49,0.00484,0.00014
1629808880446,0.02,0.04,19,43,0.00484,0.00014
1629808881446,0.02,0.04,22,78,0.00484,0.00012
1629808882446,0.01,0.03,22,85,0.00484,0.00012
1629808883446,0.02,0.06,19,31,0.00488,0.00012
1629808884446,0.02,0.04,22,53,0.00488,0.00012
1629808885446,0.01,0.04,23,92,0.00488,0.00012
1629808886446,0.01,0.04,18,65,0.00488,0.00012
1629808887446,0.02,0.04,19,71,0.00478,0.00014
1629808888446,0.01,0.03,19,43,0.00478,0.00016
1629808889446,0.02,0.06,24,80,0.00466,0.00014
1629808890446,0.02,0.04,24,75,0.00466,0.00016
1629808891446,0.02,0.04,18,49,0.00474,0.00016
1629808892446,0.01,0.04,24,69,0.00474,0.00014
1629808893446,0.02,0.04,22,91,0.00482,0.00012
1629808894446,0.02,0.04,18,49,0.00482,0.0001
1629808895446,0.01,0.04,22,91,0.00476,0.0001
1629808896446,0.01,0.03,23,67,0.00476,0.00012
1629808897446,0.02,0.07,17,46,0.00476,0.00012
1629808898446,0.02,0.04,22,91,0.00476,0.00012
1629808899446,0.02,0.06,24,66,0.0048,0.00012
1629808900446,0.01,0.04,20,102,0.0048,0.0001
1629808901446,0.02,0.04,20,72,0.00476,0.00012
1629808902446,0.02,0.07,21,70,0.00476,0.00012
1629808903446,0.02,0.04,23,78,0.00478,0.00012
1629808904446,0.02,0.06,17,46,0.00478,0.00012
1629808905446,0.01,0.03,23,67,0.00472,0.0001
1629808906446,0.01,0.04,22,53,0.00472,0.0001
1629808907446,0.01,0.03,22,61,0.0047,0.00014
1629808908446,0.02,0.04,24,80,0.0047,0.00014
1629808909446,0.02,0.03,23,82,0.00476,0.00012
1629808910446,0.02,0.06,18,39,0.00476,0.00012
1629808911446,0.02,0.03,19,92,0.00478,0.00012
1629808912446,0.02,0.06,23,80,0.00478,0.00012
1629808913446,0.02,0.06,18,39,0.0048,0.0001
1629808914446,0.01,0.04,18,91,0.0048,0.00012
1629808915446,0.01,0.04,19,92,0.0048,0.00014
1629808916446,0.02,0.04,18,49,0.0048,0.00014
1629808917446,0.01,0.04,21,30,0.00472,0.00014
1629808918446,0.01,0.03,22,78,0.00472,0.00016
1629808919446,0.02,0.06,19,43,0.00476,0.00014
1629808920446,0.01,0.03,23,64,0.00476,0.00014
1629808921446,0.01,0.03,21,102,0.00486,0.00014
1629808922446,0.02,0.06,19,75,0.00486,0.00014
1629808923446,0.01,0.03,19,51,0.00478,0.00012
1629808924446,0.01,0.04,18,75,0.00478,0.00012
1629808925446,0.02,0.04,20,72,0.00474,0.00016
1629808926446,0.01,0.03,20,46,0.00474,0.00012
1629808927446,0.01,0.06,19,68,0.00478,0.00012
1629808928446,0.02,0.04,18,49,0.00478,0.00016
1629808929446,0.02,0.06,19,121,0.00476,0.00014
1629808930446,0.02,0.04,18,49,0.00476,0.00012
1629808931446,0.02,0.06,25,81,0.00482,0.00014
1629808932446,0.02,0.07,25,86,0.00482,0.00014
1629808933446,0.02,0.04,18,91,0.00484,0.00012
1629808934446,0.01,0.04,23,82,0.00484,0.00012
1629808935446,0.02,0.04,24,60,0.00476,0.00012
1629808936446,0.02,0.04,21,61,0.00476,0.00014
1629808937446,0.01,0.04,19,51,0.00474,0.00014
1629808938446,0.02,0.03,23,88,0.00474,0.00014
1629808939446,0.02,0.04,19,56,0.00478,0.00014
1629808940446,0.01,0.04,24,80,0.00478,0.00012
1629808941446,0.02,0.04,23,92,0.00482,0.0001
1629808942446,0.02,0.04,18,49,0.00482,0.0001
1629808943446,0.02,0.04,19,39,0.0048,0.00012
1629808944446,0.02,0.03,22,49,0.0048,0.00012
1629808945446,0.02,0.04,18,49,0.00478,0.00012
1629808946446,0.02,0.04,18,75,0.00478,0.00012
1629808947446,0.02,0.04,22,65,0.00474,0.00012
1629808948446,0.01,0.06,20,62,0.00474,0.00012
1629808949446,0.02,0.06,17,46,0.00472,0.00012
1629808950446,0.01,0.06,24,75,0.00472,0.00012
1629808951446,0.01,0.03,21,44,0.00474,0.0001
1629808952446,0.01,0.04,17,68,0.00474,0.0001
1629808953446,0.02,0.03,21,96,0.0047,0.00014
1629808954446,0.01,0.04,23,82,0.0047,0.0001
1629808955446,0.01,0.04,21,90,0.0046,0.0001
1629808956446,0.01,0.04,19,31,0.0046,0.00012
1629808957446,0.02,0.04,21,95,0.00466,0.0001
1629808958446,0.02,0.04,18,65,0.00466,0.0001
1629808959446,0.02,0.06,19,34,0.0048,0.0001
1629808960446,0.01,0.03,22,56,0.0048,0.0001
1629808961446,0.01,0.04,19,39,0.00476,0.0001
1629808962446,0.02,0.06,17,55,0.00476,0.00012
1629808963446,0.01,0.04,25,68,0.00474,0.00012
1629808964446,0.02,0.07,21,109,0.00474,0.00012
1629808965446,0.02,0.04,18,91,0.0048,0.00012
1629808966446,0.01,0.03,23,73,0.0048,0.00012
1629808967446,0.01,0.06,18,65,0.0048,0.0001
1629808968446,0.02,0.04,20,62,0.0048,0.0001
1629808969446,0.02,0.04,22,96,0.00474,0.0001
1629808970446,0.02,0.06,19,43,0.00474,0.0001
1629808971446,0.02,0.04,18,49,0.00476,0.0001
1629808972446,0.02,0.03,23,60,0.00476,0.00012
1629808973446,0.02,0.06,17,46,0.00484,0.00012
1629808974446,0.02,0.03,23,87,0.00484,0.00014
1629808975446,0.01,0.04,24,69,0.00488,0.00012
1629808976446,0.01,0.03,22,53,0.00488,0.00014
1629808977446,0.01,0.03,18,75,0.00474,0.00012
1629808978446,0.02,0.06,18,49,0.00474,0.00012
1629808979446,0.03,0.08,16,102,0.00472,0.00014
1629808980446,0.03,0.07,25,85,0.00472,0.00012
1629808981446,0.02,0.03,19,92,0.00476,0.00014
1629808982446,0.02,0.04,23,88,0.00476,0.00014
1629808983446,0.02,0.04,25,81,0.00472,0.00012
1629808984446,0.02,0.04,19,56,0.00472,0.00012
1629808985446,0.02,0.04,23,54,0.0047,0.00014
1629808986446,0.02,0.06,20,35,0.0047,0.00012
1629808987446,0.02,0.04,19,102,0.00462,0.00012
1629808988446,0.01,0.03,22,56,0.00462,0.00014
1629808989446,0.02,0.04,22,75,0.00466,0.00014
1629808990446,0.01,0.04,22,96,0.00466,0.00012
1629808991446,0.02,0.06,21,102,0.00476,0.00012
1629808992446,0.02,0.04,23,92,0.00476,0.0001
1629808993446,0.02,0.04,23,97,0.00472,0.0001
1629808994446,0.01,0.04,22,61,0.00472,0.00012
1629808995446,0.02,0.03,21,62,0.00466,0.00014
1629808996446,0.02,0.04,22,102,0.00466,0.00014
1629808997446,0.02,0.04,19,83,0.00468,0.00016
1629808998446,0.01,0.03,21,90,0.00468,0.00016
1629808999446,0.02,0.04,21,39,0.00474,0.00014
1629809000446,0.01,0.04,23,54,0.00474,0.00012
1629809001446,0.02,0.04,18,65,0.00478,0.00014
1629809002446,0.02,0.04,21,70,0.00478,0.00014
1629809003446,0.02,0.04,25,75,0.00472,0.00012
1629809004446,0.02,0.04,19,92,0.00472,0.00012
1629809005446,0.01,0.06,23,73,0.0047,0.00012
1629809006446,0.01,0.03,23,60,0.0047,0.0001
1629809007446,0.01,0.06,19,63,0.00478,0.00012
1629809008446,0.01,0.04,21,42,0.00478,0.00012
1629809009446,0.02,0.04,21,90,0.00476,0.00012
1629809010446,0.02,0.06,21,88,0.00476,0.00012
1629809011446,0.02,0.04,17,68,0.0047,0.00014
1629809012446,0.02,0.04,23,87,0.0047,0.00012
1629809013446,0.01,0.04,23,84,0.00462,0.00012
1629809014446,0.01,0.03,24,69,0.00462,0.00014
1629809015446,0.01,0.03,23,67,0.00468,0.0001
1629809016446,0.02,0.04,23,80,0.00468,0.00012
1629809017446,0.02,0.04,18,49,0.00476,0.00012
1629809018446,0.01,0.03,22,49,0.00476,0.00012
1629809019446,0.01,0.03,23,73,0.00474,0.00014
1629809020446,0.02,0.04,20,94,0.00474,0.00012
1629809021446,0.02,0.04,23,92,0.00478,0.00012
1629809022446,0.01,0.03,19,56,0.00478,0.00012
1629809023446,0.03,0.06,17,75,0.0048,0.00012
1629809024446,0.02,0.04,18,39,0.0048,0.0001
1629809025446,0.02,0.03,18,88,0.0046,0.0001
1629809026446,0.02,0.06,23,78,0.0046,0.00012
1629809027446,0.02,0.06,24,75,0.00452,0.0001
1629809028446,0.02,0.04,18,56,0.00452,0.00012
1629809029446,0.01,0.04,25,75,0.00468,0.00012
1629809030446,0.02,0.04,21,75,0.00468,0.00012
1629809031446,0.01,0.04,22,49,0.00478,0.00014
1629809032446,0.01,0.03,22,53,0.00478,0.00012
1629809033446,0.01,0.03,22,80,0.00474,0.00014
1629809034446,0.01,0.04,18,39,0.00474,0.00012
1629809035446,0.02,0.04,24,60,0.00476,0.0001
1629809036446,0.02,0.04,21,61,0.00476,0.0001
1629809037446,0.01,0.04,19,43,0.00476,8e-05
1629809038446,0.01,0.03,23,87,0.00476,0.00012
1629809039446,0.01,0.07,18,102,0.00474,0.00012
1629809040446,0.02,0.03,19,56,0.00474,0.00014
1629809041446,0.02,0.18,9,-96,0.0048,0.00016
1629809042446,0.08,0.16,9,-99,0.0048,0.00016
1629809043446,0.04,0.08,25,85,0.0046,0.00014
1629809044446,0.05,0.08,25,83,0.0046,0.00012
1629809045446,0.04,0.06,25,83,0.00448,8e-05
1629809046446,0.02,0.04,25,74,0.00448,8e-05
1629809047446,0.01,0.03,22,78,0.0047,0.0001
1629809048446,0.01,0.04,22,61,0.0047,0.0001
1629809049446,0.03,0.08,20,46,0.00474,0.00012
1629809050446,0.03,0.06,26,67,0.00474,0.00016
1629809051446,0.02,0.08,20,35,0.00468,0.00014
1629809052446,0.03,0.07,18,56,0.00468,0.00016
1629809053446,0.02,0.04,24,85,0.0048,0.00016
1629809054446,0.02,0.06,26,84,0.0048,0.00014
1629809055446,0.03,0.06,26,67,0.0048,0.00014
1629809056446,0.03,0.07,25,106,0.0048,0.00014
1629809057446,0.02,0.04,25,77,0.0047,0.00012
1629809058446,0.02,0.06,21,67,0.0047,0.00012
1629809059446,0.02,0.12,16,53,0.0047,0.00014
1629809060446,0.04,0.1,16,102,0.0047,0.00014
1629809061446,0.02,0.03,21,72,0.00466,0.00014
1629809062446,0.02,0.04,25,77,0.00466,0.00012
1629809063446,0.02,0.04,19,71,0.00472,0.00014
1629809064446,0.02,0.04,23,69,0.00472,0.00012
1629809065446,0.02,0.03,25,75,0.00484,0.00016
1629809066446,0.02,0.04,22,102,0.00484,0.00012
1629809067446,0.02,0.04,19,71,0.00484,0.00012
1629809068446,0.02,0.04,20,86,0.00484,0.00014
1629809069446,0.01,0.04,19,71,0.00478,0.00012
1629809070446,0.02,0.04,23,69,0.00478,0.00012
1629809071446,0.01,0.03,23,92,0.00476,0.0001
1629809072446,0.01,0.03,22,75,0.00476,0.0001
1629809073446,0.01,0.04,19,56,0.00472,0.0001
1629809074446,0.01,0.04,19,56,0.00472,0.0001
1629809075446,0.01,0.03,20,68,0.00462,0.00012
1629809076446,0.01,0.06,18,102,0.00462,0.00012
1629809077446,0.03,0.07,17,68,0.00458,0.00014
1629809078446,0.02,0.04,17,75,0.00458,0.00014
1629809079446,0.01,0.03,18,75,0.00468,0.00012
1629809080446,0.02,0.06,23,92,0.00468,0.00012
1629809081446,0.02,0.06,22,80,0.00464,0.00014
1629809082446,0.02,0.04,21,81,0.00464,0.00012
1629809083446,0.02,0.04,21,102,0.00458,0.00014
1629809084446,0.02,0.04,24,89,0.00458,0.00014
1629809085446,0.02,0.04,20,102,0.0046,0.00016
1629809086446,0.02,0.04,21,102,0.0046,0.00016
1629809087446,0.02,0.04,19,94,0.00466,0.00016
1629809088446,0.02,0.06,21,102,0.00466,0.00014
1629809089446,0.02,0.04,22,102,0.00472,0.00012
1629809090446,0.01,0.03,22,75,0.00472,0.0001
1629809091446,0.01,0.03,24,84,0.0047,0.0001
1629809092446,0.01,0.04,18,49,0.0047,0.0001
1629809093446,0.01,0.04,25,85,0.0047,0.0001
1629809094446,0.02,0.06,18,56,0.0047,0.0001
1629809095446,0.01,0.03,20,72,0.00472,0.00012
1629809096446,0.01,0.06,19,56,0.00472,0.0001
1629809097446,0.02,0.06,21,109,0.00474,0.0001
1629809098446,0.01,0.03,23,78,0.00474,0.00012
1629809099446,0.01,0.03,22,85,0.0048,0.00012
1629809100446,0.01,0.04,20,102,0.0048,0.0001
1629809101446,0.02,0.03,21,81,0.00482,0.0001
1629809102446,0.01,0.03,23,68,0.00482,8e-05
1629809103446,0.02,0.04,19,102,0.0048,0.0001
1629809104446,0.02,0.04,18,56,0.0048,0.0001
1629809105446,0.02,0.04,19,43,0.00478,0.0001
1629809106446,0.01,0.03,18,75,0.00478,0.0001
1629809107446,0.01,0.04,25,85,0.00478,0.00012
1629809108446,0.02,0.04,19,43,0.00478,0.00012
1629809109446,0.02,0.03,19,83,0.0048,0.00012
1629809110446,0.01,0.03,22,73,0.0048,0.00012
1629809111446,0.01,0.03,21,52,0.00474,0.00012
1629809112446,0.02,0.04,18,65,0.00474,0.00012
1629809113446,0.01,0.03,23,64,0.00478,0.0001
1629809114446,0.01,0.04,21,102,0.00478,0.00012
1629809115446,0.01,0.03,19,80,0.00478,0.00012
1629809116446,0.01,0.06,19,63,0.00478,0.00012
1629809117446,0.02,0.07,21,116,0.00478,0.00012
1629809118446,0.01,0.04,21,44,0.00478,0.0001
1629809119446,0.01,0.03,23,73,0.00476,0.00012
1629809120446,0.02,0.06,18,39,0.00476,0.00012
1629809121446,0.02,0.09,12,-2,0.00476,0.00014
1629809122446,0.05,0.13,22,116,0.00476,0.00014
1629809123446,0.04,0.08,26,106,0.00468,0.00014
1629809124446,0.05,0.07,26,91,0.00468,0.00016
1629809125446,0.03,0.08,21,42,0.00458,0.00012
1629809126446,0.03,0.06,22,97,0.00458,0.00012
1629809127446,0.02,0.09,19,39,0.00462,0.00014
1629809128446,0.03,0.06,21,53,0.00462,0.00016
1629809129446,0.02,0.06,19,63,0.00472,0.00016
1629809130446,0.01,0.06,22,73,0.00472,0.00016
1629809131446,0.03,0.12,23,63,0.0048,0.00018
1629809132446,0.03,0.07,21,81,0.0048,0.00018
1629809133446,0.02,0.08,22,75,0.00478,0.0002
1629809134446,0.01,0.04,22,96,0.00478,0.00016
1629809135446,0.01,0.03,25,81,0.00474,0.00016
1629809136446,0.02,0.06,26,73,0.00474,0.00016
1629809137446,0.02,0.04,20,56,0.00472,0.00016
1629809138446,0.01,0.04,22,68,0.00472,0.00016
1629809139446,0.01,0.04,19,71,0.00478,0.00016
1629809140446,0.02,0.03,21,61,0.00478,0.00018
1629809141446,0.01,0.03,22,61,0.00476,0.00016
1629809142446,0.01,0.04,19,83,0.00476,0.00016
1629809143446,0.01,0.04,22,85,0.00478,0.00016
1629809144446,0.01,0.03,20,62,0.00478,0.00016
1629809145446,0.02,0.04,21,61,0.0048,0.00014
1629809146446,0.02,0.04,24,88,0.0048,0.00016
1629809147446,0.01,0.04,21,47,0.00478,0.00016
1629809148446,0.02,0.03,21,53,0.00478,0.00016
1629809149446,0.02,0.04,22,68,0.00474,0.00014
1629809150446,0.01,0.03,22,49,0.00474,0.00016
1629809151446,0.01,0.04,23,84,0.00472,0.00016
1629809152446,0.01,0.03,22,75,0.00472,0.00014
1629809153446,0.01,0.03,21,62,0.00472,0.00016
1629809154446,0.01,0.06,21,88,0.00472,0.00016
1629809155446,0.02,0.1,23,63,0.00472,0.00016
1629809156446,0.02,0.04,19,83,0.00472,0.00014
1629809157446,0.02,0.04,21,96,0.00472,0.00014
1629809158446,0.01,0.04,21,53,0.00472,0.00014
1629809159446,0.02,0.03,20,62,0.0048,0.00018
1629809160446,0.01,0.03,23,84,0.0048,0.00016
1629809161446,0.02,0.06,19,80,0.0048,0.00014
1629809162446,0.02,0.04,21,39,0.0048,0.00016
1629809163446,0.01,0.03,19,63,0.00478,0.00012
1629809164446,0.01,0.04,25,81,0.00478,0.00012
1629809165446,0.02,0.04,21,42,0.00478,0.00014
1629809166446,0.01,0.04,23,47,0.00478,0.00012
1629809167446,0.01,0.06,20,79,0.00472,0.00014
1629809168446,0.02,0.04,19,63,0.00472,0.00014
1629809169446,0.01,0.04,19,56,0.00468,0.00014
1629809170446,0.01,0.04,19,80,0.00468,0.00014
1629809171446,0.01,0.04,19,56,0.0047,0.00012
1629809172446,0.01,0.04,22,71,0.0047,0.00012
1629809173446,0.02,0.06,25,83,0.00472,0.00012
1629809174446,0.02,0.04,21,75,0.00472,0.00012
1629809175446,0.02,0.04,21,96,0.0047,0.00016
1629809176446,0.02,0.04,25,81,0.0047,0.00014
1629809177446,0.01,0.04,19,56,0.00474,0.00018
1629809178446,0.02,0.04,23,84,0.00474,0.00016
1629809179446,0.02,0.03,25,81,0.0048,0.00016
1629809180446,0.02,0.03,20,68,0.0048,0.00016
1629809181446,0.01,0.06,26,79,0.00472,0.00014
1629809182446,0.02,0.03,21,61,0.00472,0.00014
1629809183446,0.02,0.04,19,56,0.0047,0.00014
