timestamp,battery_voltage,battery_level,device_temperature,bluetooth_link_quality,bluetooth_rssi,bluetooth_tx_power,worn_confidence,is_button_press,is_not_fitted_to_garment
1630411793426,4.168,94,25.9,254,0,12,00,0,0
1630411794426,4.168,94,25.9,254,0,12,00,0,0
1630411795426,4.168,94,25.9,254,0,12,00,0,0
1630411796426,4.168,94,25.9,254,0,12,00,0,0
1630411797426,4.168,94,25.9,254,0,12,00,0,0
1630411798426,4.168,94,25.9,195,-2,12,00,0,0
1630411799426,4.168,94,25.9,215,0,12,00,0,0
1630411800426,4.168,94,25.9,254,0,12,00,0,0
1630411801426,4.168,94,25.9,215,0,12,00,0,0
1630411802426,4.168,94,25.9,195,0,12,00,0,0
1630411803426,4.168,94,25.9,254,0,12,00,0,0
1630411804426,4.168,94,25.9,254,0,12,00,0,0
1630411805426,4.168,94,25.9,254,0,12,00,0,0
1630411806426,4.168,94,26.0,235,0,12,00,0,0
1630411807426,4.168,94,26.0,254,0,12,00,0,0
1630411808426,4.168,94,26.0,190,0,12,00,0,0
1630411809426,4.168,94,26.0,254,-6,12,00,0,0
1630411810426,4.168,94,26.0,254,-3,12,00,0,0
1630411811426,4.168,94,26.0,254,0,12,00,0,0
1630411812426,4.168,94,26.0,254,0,12,00,0,0
1630411813426,4.168,94,26.0,254,-2,12,00,0,0
1630411814426,4.168,94,26.0,155,0,12,00,0,0
1630411815426,4.168,94,26.0,254,0,12,00,0,0
1630411816426,4.168,94,26.0,155,0,12,00,0,0
1630411817426,4.168,94,26.0,115,-3,12,00,0,0
1630411818426,4.168,94,26.0,254,0,12,00,0,0
1630411819426,4.168,94,26.0,254,-2,12,00,0,0
1630411820426,4.168,94,26.0,254,0,12,00,0,0
1630411821426,4.168,94,26.1,155,0,12,00,0,0
1630411822426,4.168,94,26.1,254,-6,12,00,0,0
1630411823426,4.168,94,26.1,135,0,12,00,0,0
1630411824426,4.168,94,26.1,254,0,12,00,0,0
1630411825426,4.168,94,26.1,235,-5,12,00,0,0
1630411826426,4.168,94,26.1,215,-3,12,00,0,0
1630411827426,4.168,94,26.1,235,0,12,00,0,0
1630411828426,4.168,94,26.1,215,-14,12,00,0,0
1630411829426,4.168,94,26.2,175,-2,12,00,0,0
1630411830426,4.168,94,26.2,110,-7,12,00,0,0
1630411831426,4.168,94,26.2,254,-6,12,00,0,0
1630411832426,4.168,94,26.2,254,-5,12,00,0,0
1630411833426,4.168,94,26.2,254,-3,12,00,0,0
1630411834426,4.168,94,26.2,254,0,12,00,0,0
1630411835426,4.168,94,26.2,190,0,12,00,0,0
1630411836426,4.168,94,26.2,215,0,12,00,0,0
1630411837426,4.168,94,26.2,254,0,12,00,0,0
1630411838426,4.168,94,26.2,170,-6,12,00,0,0
1630411839426,4.168,94,26.2,55,-10,12,00,0,0
1630411840426,4.168,94,26.3,254,0,12,00,0,0
1630411841426,4.168,94,26.3,190,-15,12,00,0,0
1630411842426,4.168,94,26.3,95,-14,12,00,0,0
1630411843426,4.168,94,26.3,254,0,12,00,0,0
1630411844426,4.168,94,26.3,235,-6,12,00,0,0
1630411845426,4.168,94,26.3,195,-5,12,00,0,0
1630411846426,4.168,94,26.3,254,-16,12,00,0,0
1630411847426,4.168,94,26.3,10,-5,12,00,0,0
1630411848426,4.168,94,26.3,254,0,12,00,0,0
1630411849426,4.168,94,26.3,215,0,12,00,0,0
1630411850426,4.168,94,26.3,254,-25,12,00,0,0
1630411851426,4.168,94,26.4,254,0,12,00,0,0
1630411852426,4.168,94,26.4,254,0,12,00,0,0
1630411853426,4.168,94,26.4,95,-7,12,00,0,0
1630411854426,4.168,94,26.4,115,0,12,00,0,0
1630411855426,4.168,94,26.4,254,-7,12,00,0,0
1630411856426,4.168,94,26.4,150,0,12,00,0,0
1630411857426,4.168,94,26.4,254,-12,12,00,0,0
1630411858426,4.168,94,26.4,254,-17,12,00,0,0
1630411859426,4.168,94,26.4,254,-9,12,00,0,0
1630411860426,4.167,94,26.4,254,-17,12,00,0,0
1630411861426,4.167,94,26.4,254,-8,12,00,0,0
1630411862426,4.167,94,26.4,175,-5,12,00,0,0
1630411863426,4.167,94,26.4,254,-13,12,00,0,0
1630411864426,4.167,94,26.4,0,-16,12,00,0,0
1630411865426,4.167,94,26.4,195,-24,12,00,0,0
1630411866426,4.167,94,26.4,254,-4,12,00,0,0
1630411867426,4.167,94,26.4,254,-19,12,00,0,0
1630411868426,4.167,94,26.4,254,-20,12,00,0,0
1630411869426,4.167,94,26.5,254,-21,12,00,0,0
1630411870426,4.167,94,26.5,254,0,12,00,0,0
1630411871426,4.167,94,26.5,175,0,12,00,0,0
1630411872426,4.167,94,26.5,254,-15,12,00,0,0
1630411873426,4.167,94,26.5,254,0,12,00,0,0
1630411874426,4.167,94,26.5,175,0,12,00,0,0
1630411875426,4.167,94,26.5,254,-14,12,00,0,0
1630411876426,4.167,94,26.6,10,-7,12,00,0,0
1630411877426,4.167,94,26.6,254,-15,12,00,0,0
1630411878426,4.167,94,26.6,175,0,12,00,0,0
1630411879426,4.167,94,26.7,235,0,12,00,0,0
1630411880426,4.166,94,26.7,254,-12,12,00,0,0
1630411881426,4.166,94,26.7,254,0,12,00,0,0
1630411882426,4.166,94,26.7,235,-17,12,00,0,0
1630411883426,4.166,94,26.7,135,-23,12,00,0,0
1630411884426,4.166,94,26.7,254,-8,12,00,0,0
1630411885426,4.166,94,26.7,254,-11,12,00,0,0
1630411886426,4.166,94,26.7,195,-12,12,00,0,0
1630411887426,4.166,94,26.7,254,-21,12,00,0,0
1630411888426,4.166,94,26.7,254,0,12,00,0,0
1630411889426,4.166,94,26.7,0,-10,12,00,0,0
1630411890426,4.166,94,26.7,215,0,12,00,0,0
1630411891426,4.166,94,26.7,254,-8,12,00,0,0
1630411892426,4.166,94,26.7,195,0,12,00,0,0
1630411893426,4.166,94,26.7,235,-13,12,00,0,0
1630411894426,4.166,94,26.7,215,-23,12,00,0,0
1630411895426,4.166,94,26.7,215,0,12,00,0,0
1630411896426,4.166,94,26.7,254,-12,12,00,0,0
1630411897426,4.166,94,26.7,254,-25,12,00,0,0
1630411898426,4.166,94,26.7,254,0,12,00,0,0
1630411899426,4.166,94,26.7,95,-13,12,00,0,0
1630411900426,4.166,94,26.7,235,0,12,00,0,0
1630411901426,4.166,94,26.7,254,0,12,00,0,0
1630411902426,4.166,94,26.7,215,-10,12,00,0,0
1630411903426,4.166,94,26.7,215,0,12,00,0,0
1630411904426,4.166,94,26.7,210,-11,12,00,0,0
1630411905426,4.166,94,26.7,235,-7,12,00,0,0
1630411906426,4.166,94,26.7,215,-15,12,00,0,0
1630411907426,4.166,94,26.7,195,-7,12,00,0,0
1630411908426,4.166,94,26.8,254,0,12,00,0,0
1630411909426,4.166,94,26.8,254,-5,12,00,0,0
1630411910426,4.166,94,26.8,254,-18,12,00,0,0
1630411911426,4.166,94,26.8,254,0,12,00,0,0
1630411912426,4.166,94,26.8,190,-13,12,00,0,0
1630411913426,4.166,94,26.8,215,0,12,00,0,0
1630411914426,4.166,94,26.8,254,0,12,00,0,0
1630411915426,4.166,94,26.8,175,0,12,00,0,0
1630411916426,4.166,94,26.8,254,-12,12,00,0,0
1630411917426,4.165,94,26.9,235,0,12,00,0,0
1630411918426,4.165,94,26.9,254,0,12,00,0,0
1630411919426,4.165,94,26.9,254,-11,12,00,0,0
1630411920426,4.165,94,26.9,190,0,12,00,0,0
1630411921426,4.165,94,26.9,254,-7,12,00,0,0
1630411922426,4.165,94,26.9,254,0,12,00,0,0
1630411923426,4.165,94,26.9,254,0,12,00,0,0
1630411924426,4.165,94,26.9,254,-8,12,00,0,0
1630411925426,4.165,94,27.0,254,-5,12,00,0,0
1630411926426,4.165,94,27.0,235,-13,12,00,0,0
1630411927426,4.165,94,27.0,254,0,12,00,0,0
1630411928426,4.165,94,27.0,254,0,12,00,0,0
1630411929426,4.165,94,27.0,254,0,12,00,0,0
1630411930426,4.165,94,27.0,254,-10,12,00,0,0
1630411931426,4.165,94,27.0,254,0,12,00,0,0
1630411932426,4.165,94,27.0,215,-10,12,00,0,0
1630411933426,4.165,94,27.0,235,-8,12,00,0,0
1630411934426,4.165,94,27.0,254,-8,12,00,0,0
1630411935426,4.165,94,27.0,254,-1,12,00,0,0
1630411936426,4.165,94,27.0,254,0,12,00,0,0
1630411937426,4.165,94,27.1,254,-10,12,00,0,0
1630411938426,4.165,94,27.1,254,0,12,00,0,0
1630411939426,4.165,94,27.1,254,-1,12,00,0,0
1630411940426,4.165,94,27.1,215,-8,12,00,0,0
1630411941426,4.165,94,27.1,254,-21,12,00,0,0
1630411942426,4.165,94,27.1,254,-12,12,00,0,0
1630411943426,4.165,94,27.1,254,-24,12,00,0,0
1630411944426,4.165,94,27.1,254,-8,12,00,0,0
1630411945426,4.165,94,27.1,254,0,12,00,0,0
1630411946426,4.165,94,27.1,55,0,12,00,0,0
1630411947426,4.165,94,27.1,195,0,12,00,0,0
1630411948426,4.164,94,27.1,254,-6,12,00,0,0
1630411949426,4.164,94,27.1,254,-5,12,00,0,0
1630411950426,4.164,94,27.1,15,0,12,00,0,0
1630411951426,4.164,94,27.1,254,-20,12,00,0,0
1630411952426,4.164,94,27.1,254,-8,12,00,0,0
1630411953426,4.164,94,27.1,254,-6,12,00,0,0
1630411954426,4.164,94,27.1,254,-6,12,00,0,0
1630411955426,4.164,94,27.1,254,-9,12,00,0,0
1630411956426,4.164,94,27.1,254,0,12,00,0,0
1630411957426,4.164,94,27.1,254,-5,12,00,0,0
1630411958426,4.164,94,27.1,254,-9,12,00,0,0
1630411959426,4.164,94,27.1,254,-7,12,00,0,0
1630411960426,4.164,94,27.1,254,-7,12,00,0,0
1630411961426,4.164,94,27.1,175,0,12,00,0,0
1630411962426,4.164,94,27.1,254,-6,12,00,0,0
1630411963426,4.164,94,27.1,215,-11,12,00,0,0
1630411964426,4.164,94,27.1,254,-6,12,00,0,0
1630411965426,4.164,94,27.1,254,0,12,00,0,0
1630411966426,4.164,94,27.2,254,-7,12,00,0,0
1630411967426,4.164,94,27.2,254,-10,12,00,0,0
1630411968426,4.164,94,27.2,115,-21,12,00,0,0
1630411969426,4.164,94,27.2,215,0,12,00,0,0
1630411970426,4.164,94,27.2,254,0,12,00,0,0
1630411971426,4.164,94,27.3,254,0,12,00,0,0
1630411972426,4.164,94,27.3,254,0,12,00,0,0
1630411973426,4.164,94,27.3,254,0,12,00,0,0
1630411974426,4.164,94,27.3,254,0,12,00,0,0
1630411975426,4.164,94,27.3,254,0,12,00,0,0
1630411976426,4.164,94,27.3,254,0,12,00,0,0
1630411977426,4.164,94,27.3,254,0,12,00,0,0
1630411978426,4.164,94,27.3,254,0,12,00,0,0
1630411979426,4.164,94,27.3,254,0,12,00,0,0
1630411980426,4.164,94,27.3,254,0,12,00,0,0
1630411981426,4.164,94,27.3,115,0,12,00,0,0
1630411982426,4.164,94,27.3,254,0,12,00,0,0
1630411983426,4.164,94,27.4,254,0,12,00,0,0
1630411984426,4.164,94,27.4,254,0,12,00,0,0
1630411985426,4.164,94,27.4,254,0,12,00,0,0
1630411986426,4.164,94,27.4,254,0,12,00,0,0
1630411987426,4.164,94,27.4,254,0,12,00,0,0
1630411988426,4.164,94,27.4,254,0,12,00,0,0
1630411989426,4.164,94,27.4,254,0,12,00,0,0
1630411990426,4.164,94,27.4,254,0,12,00,0,0
1630411991426,4.164,94,27.4,254,0,12,00,0,0
1630411992426,4.164,94,27.4,254,0,12,00,0,0
1630411993426,4.164,94,27.4,254,0,12,00,0,0
1630411994426,4.164,94,27.4,254,0,12,00,0,0
1630411995426,4.164,94,27.4,254,0,12,00,0,0
1630411996426,4.164,94,27.4,254,0,12,00,0,0
1630411997426,4.164,94,27.4,254,0,12,00,0,0
1630411998426,4.164,94,27.4,254,0,12,00,0,0
1630411999426,4.164,94,27.4,254,0,12,00,0,0
1630412000426,4.164,94,27.4,254,0,12,00,0,0
1630412001426,4.164,94,27.4,254,0,12,00,0,0
1630412002426,4.164,94,27.4,254,0,12,00,0,0
1630412003426,4.164,94,27.4,254,0,12,00,0,0
1630412004426,4.164,94,27.5,254,0,12,00,0,0
1630412005426,4.164,94,27.5,254,0,12,00,0,0
1630412006426,4.164,94,27.5,254,0,12,00,0,0
1630412007426,4.164,94,27.5,254,0,12,00,0,0
1630412008426,4.164,94,27.5,254,0,12,00,0,0
1630412009426,4.164,94,27.5,254,0,12,00,0,0
1630412010426,4.164,94,27.5,254,0,12,00,0,0
1630412011426,4.164,94,27.5,254,0,12,00,0,0
1630412012426,4.164,94,27.5,254,0,12,00,0,0
1630412013426,4.164,94,27.5,254,0,12,00,0,0
1630412014426,4.164,94,27.5,254,0,12,00,0,0
1630412015426,4.164,94,27.6,254,0,12,00,0,0
1630412016426,4.164,94,27.6,254,0,12,00,0,0
1630412017426,4.164,94,27.6,254,0,12,00,0,0
1630412018426,4.164,94,27.6,254,0,12,00,0,0
1630412019426,4.164,94,27.6,254,0,12,00,0,0
1630412020426,4.164,94,27.6,254,0,12,00,0,0
1630412021426,4.164,94,27.6,254,0,12,00,0,0
1630412022426,4.164,94,27.6,254,0,12,00,0,0
1630412023426,4.164,94,27.6,254,0,12,00,0,0
1630412024426,4.164,94,27.6,254,0,12,00,0,0
1630412025426,4.164,94,27.6,254,0,12,00,0,0
1630412026426,4.164,94,27.6,254,0,12,00,0,0
1630412027426,4.164,94,27.6,254,0,12,00,0,0
1630412028426,4.164,94,27.6,254,0,12,00,0,0
1630412029426,4.164,94,27.6,254,0,12,00,0,0
1630412030426,4.164,94,27.6,254,0,12,00,0,0
1630412031426,4.164,94,27.6,254,0,12,00,0,0
1630412032426,4.164,94,27.6,254,0,12,00,0,0
1630412033426,4.164,94,27.6,254,0,12,00,0,0
1630412034426,4.164,94,27.7,254,0,12,00,0,0
1630412035426,4.164,94,27.7,254,0,12,00,0,0
1630412036426,4.164,94,27.7,254,0,12,00,0,0
1630412037426,4.164,94,27.7,254,0,12,00,0,0
1630412038426,4.164,94,27.7,254,0,12,00,0,0
1630412039426,4.164,94,27.7,254,0,12,00,0,0
1630412040426,4.164,94,27.7,254,0,12,00,0,0
1630412041426,4.164,94,27.7,254,0,12,00,0,0
1630412042426,4.164,94,27.7,254,0,12,00,0,0
1630412043426,4.164,94,27.7,254,0,12,00,0,0
1630412044426,4.164,94,27.7,254,0,12,00,0,0
1630412045426,4.164,94,27.7,254,0,12,00,0,0
1630412046426,4.164,94,27.7,254,0,12,00,0,0
1630412047426,4.164,94,27.7,254,0,12,00,0,0
1630412048426,4.164,94,27.7,254,0,12,00,0,0
1630412049426,4.164,94,27.7,254,0,12,00,0,0
1630412050426,4.164,94,27.7,254,0,12,00,0,0
1630412051426,4.164,94,27.7,254,0,12,00,0,0
1630412052426,4.164,94,27.7,254,0,12,00,0,0
1630412053426,4.164,94,27.7,254,0,12,00,0,0
1630412054426,4.164,94,27.7,254,0,12,00,0,0
1630412055426,4.164,94,27.7,254,0,12,00,0,0
1630412056426,4.164,94,27.7,254,0,12,00,0,0
1630412057426,4.164,94,27.7,254,0,12,00,0,0
1630412058426,4.164,94,27.7,254,0,12,00,0,0
1630412059426,4.164,94,27.7,254,0,12,00,0,0
1630412060426,4.164,94,27.7,254,0,12,00,0,0
1630412061426,4.164,94,27.7,254,0,12,00,0,0
1630412062426,4.164,94,27.7,254,0,12,00,0,0
1630412063426,4.163,93,27.7,254,0,12,00,0,0
1630412064426,4.163,93,27.7,254,0,12,00,0,0
1630412065426,4.163,93,27.7,254,0,12,00,0,0
1630412066426,4.163,93,27.7,254,0,12,00,0,0
1630412067426,4.163,93,27.7,254,0,12,00,0,0
1630412068426,4.163,93,27.7,254,0,12,00,0,0
1630412069426,4.163,93,27.7,254,0,12,00,0,0
1630412070426,4.163,93,27.7,254,0,12,00,0,0
1630412071426,4.163,93,27.7,254,0,12,00,0,0
1630412072426,4.163,93,27.7,254,0,12,00,0,0
1630412073426,4.163,93,27.7,254,0,12,00,0,0
1630412074426,4.163,93,27.7,254,0,12,00,0,0
1630412075426,4.163,93,27.8,254,0,12,00,0,0
1630412076426,4.163,93,27.8,254,0,12,00,0,0
1630412077426,4.163,93,27.8,254,0,12,00,0,0
1630412078426,4.163,93,27.8,254,0,12,00,0,0
1630412079426,4.163,93,27.8,254,0,12,00,0,0
1630412080426,4.163,93,27.8,254,0,12,00,0,0
1630412081426,4.163,93,27.8,254,0,12,00,0,0
1630412082426,4.163,93,27.8,254,0,12,00,0,0
1630412083426,4.163,93,27.8,254,0,12,00,0,0
1630412084426,4.163,93,27.8,254,0,12,00,0,0
1630412085426,4.163,93,27.8,254,0,12,00,0,0
1630412086426,4.163,93,27.8,254,0,12,00,0,0
1630412087426,4.163,93,27.8,254,0,12,00,0,0
1630412088426,4.163,93,27.8,254,0,12,00,0,0
1630412089426,4.163,93,27.8,254,0,12,00,0,0
1630412090426,4.163,93,27.8,254,0,12,00,0,0
1630412091426,4.163,93,27.8,254,0,12,00,0,0
1630412092426,4.163,93,27.8,254,0,12,00,0,0
1630412093426,4.163,93,27.8,254,0,12,00,0,0
1630412094426,4.163,93,27.8,254,0,12,00,0,0
1630412095426,4.163,93,27.8,254,0,12,00,0,0
1630412096426,4.163,93,27.8,254,0,12,00,0,0
1630412097426,4.163,93,27.8,254,0,12,00,0,0
1630412098426,4.163,93,27.8,254,0,12,00,0,0
1630412099426,4.163,93,27.8,254,0,12,00,0,0
1630412100426,4.163,93,27.8,254,0,12,00,0,0
1630412101426,4.163,93,27.8,254,0,12,00,0,0
1630412102426,4.162,93,27.8,254,0,12,00,0,0
1630412103426,4.162,93,27.8,254,0,12,00,0,0
1630412104426,4.162,93,27.8,254,0,12,00,0,0
1630412105426,4.162,93,27.8,254,0,12,00,0,0
1630412106426,4.162,93,27.8,254,0,12,00,0,0
1630412107426,4.162,93,27.8,254,0,12,00,0,0
1630412108426,4.162,93,27.8,254,0,12,00,0,0
1630412109426,4.162,93,27.8,254,0,12,00,0,0
1630412110426,4.162,93,27.8,254,0,12,00,0,0
1630412111426,4.162,93,27.8,254,0,12,00,0,0
1630412112426,4.162,93,27.8,254,0,12,00,0,0
1630412113426,4.162,93,27.8,254,0,12,00,0,0
1630412114426,4.162,93,27.8,254,0,12,00,0,0
1630412115426,4.162,93,27.8,254,0,12,00,0,0
1630412116426,4.162,93,27.8,254,0,12,00,0,0
1630412117426,4.162,93,27.8,254,0,12,00,0,0
1630412118426,4.162,93,27.8,254,0,12,00,0,0
1630412119426,4.162,93,27.8,254,0,12,00,0,0
1630412120426,4.162,93,27.8,254,0,12,00,0,0
1630412121426,4.162,93,27.8,215,-3,12,00,0,0
1630412122426,4.162,93,27.8,254,0,12,00,0,0
1630412123426,4.162,93,27.8,254,0,12,00,0,0
1630412124426,4.162,93,27.8,254,0,12,00,0,0
1630412125426,4.162,93,27.8,254,-2,12,00,0,0
1630412126426,4.162,93,27.8,254,0,12,00,0,0
1630412127426,4.162,93,27.8,254,0,12,00,0,0
1630412128426,4.162,93,27.8,254,0,12,00,0,0
1630412129426,4.162,93,27.8,215,0,12,00,0,0
1630412130426,4.162,93,27.9,254,0,12,00,0,0
1630412131426,4.162,93,27.9,215,0,12,00,0,0
1630412132426,4.162,93,27.9,254,0,12,00,0,0
1630412133426,4.162,93,27.9,254,0,12,00,0,0
1630412134426,4.162,93,27.9,254,0,12,00,0,0
1630412135426,4.162,93,27.9,254,0,12,00,0,0
1630412136426,4.162,93,27.9,254,0,12,00,0,0
1630412137426,4.162,93,27.9,215,0,12,00,0,0
1630412138426,4.162,93,27.9,254,0,12,00,0,0
1630412139426,4.162,93,27.9,254,0,12,00,0,0
1630412140426,4.162,93,27.9,254,0,12,00,0,0
1630412141426,4.162,93,27.9,254,0,12,00,0,0
1630412142426,4.162,93,27.9,254,0,12,00,0,0
1630412143426,4.162,93,27.9,254,0,12,00,0,0
1630412144426,4.162,93,27.9,254,0,12,00,0,0
1630412145426,4.162,93,27.9,254,0,12,00,0,0
1630412146426,4.162,93,27.9,254,0,12,00,0,0
1630412147426,4.162,93,27.9,254,0,12,00,0,0
1630412148426,4.162,93,27.9,254,0,12,00,0,0
1630412149426,4.162,93,27.9,254,0,12,00,0,0
1630412150426,4.162,93,27.9,254,0,12,00,0,0
1630412151426,4.162,93,27.9,254,0,12,00,0,0
1630412152426,4.162,93,27.9,254,0,12,00,0,0
1630412153426,4.162,93,27.9,254,0,12,00,0,0
1630412154426,4.162,93,27.9,254,0,12,00,0,0
1630412155426,4.162,93,27.9,254,0,12,00,0,0
1630412156426,4.162,93,27.9,254,0,12,00,0,0
1630412157426,4.162,93,27.9,254,0,12,00,0,0
1630412158426,4.162,93,27.9,254,0,12,00,0,0
1630412159426,4.162,93,27.9,254,0,12,00,0,0
1630412160426,4.162,93,27.9,254,0,12,00,0,0
1630412161426,4.162,93,27.9,254,0,12,00,0,0
1630412162426,4.162,93,27.9,254,0,12,00,0,0
1630412163426,4.162,93,27.9,254,0,12,00,0,0
1630412164426,4.162,93,27.9,254,0,12,00,0,0
1630412165426,4.162,93,27.9,254,0,12,00,0,0
1630412166426,4.162,93,27.9,254,0,12,00,0,0
1630412167426,4.162,93,27.9,254,0,12,00,0,0
1630412168426,4.162,93,27.9,254,0,12,00,0,0
1630412169426,4.162,93,27.9,254,0,12,00,0,0
1630412170426,4.162,93,27.9,254,0,12,00,0,0
1630412171426,4.162,93,27.9,254,0,12,00,0,0
1630412172426,4.162,93,27.9,254,0,12,00,0,0
1630412173426,4.162,93,27.9,254,0,12,00,0,0
1630412174426,4.162,93,27.9,254,0,12,00,0,0
1630412175426,4.162,93,27.9,254,0,12,00,0,0
1630412176426,4.162,93,27.9,254,0,12,00,0,0
1630412177426,4.162,93,28.0,254,0,12,00,0,0
1630412178426,4.162,93,28.0,254,0,12,00,0,0
1630412179426,4.162,93,28.1,254,0,12,00,0,0
1630412180426,4.161,93,28.1,254,0,12,00,0,0
1630412181426,4.161,93,28.1,254,0,12,00,0,0
1630412182426,4.161,93,28.1,254,0,12,00,0,0
1630412183426,4.161,93,28.1,254,0,12,00,0,0
1630412184426,4.161,93,28.1,254,0,12,00,0,0
1630412185426,4.161,93,28.1,254,0,12,00,0,0
1630412186426,4.161,93,28.1,254,0,12,00,0,0
1630412187426,4.161,93,28.1,215,0,12,00,0,0
1630412188426,4.161,93,28.1,254,1,12,00,0,0
1630412189426,4.161,93,28.1,254,0,12,00,0,0
1630412190426,4.16,93,28.1,254,0,12,00,0,0
1630412191426,4.16,93,28.1,254,0,12,00,0,0
1630412192426,4.16,93,28.1,254,0,12,00,0,0
1630412193426,4.16,93,28.1,254,0,12,00,0,0
1630412194426,4.16,93,28.1,215,0,12,00,0,0
1630412195426,4.16,93,28.1,254,0,12,00,0,0
1630412196426,4.16,93,28.1,254,0,12,00,0,0
1630412197426,4.16,93,28.1,254,0,12,00,0,0
1630412198426,4.16,93,28.1,254,0,12,00,0,0
1630412199426,4.16,93,28.1,254,0,12,00,0,0
1630412200426,4.16,93,28.1,254,0,12,00,0,0
1630412201426,4.16,93,28.1,254,0,12,00,0,0
1630412202426,4.16,93,28.1,254,0,12,00,0,0
1630412203426,4.16,93,28.1,254,0,12,00,0,0
1630412204426,4.16,93,28.1,254,0,12,00,0,0
1630412205426,4.16,93,28.1,254,0,12,00,0,0
1630412206426,4.16,93,28.1,254,0,12,00,0,0
1630412207426,4.16,93,28.1,254,0,12,00,0,0
1630412208426,4.16,93,28.1,254,0,12,00,0,0
1630412209426,4.16,93,28.1,254,0,12,00,0,0
1630412210426,4.16,93,28.1,254,0,12,00,0,0
1630412211426,4.16,93,28.1,254,0,12,00,0,0
1630412212426,4.16,93,28.1,254,0,12,00,0,0
1630412213426,4.16,93,28.1,254,0,12,00,0,0
1630412214426,4.16,93,28.1,254,0,12,00,0,0
1630412215426,4.16,93,28.1,254,0,12,00,0,0
1630412216426,4.16,93,28.1,254,0,12,00,0,0
1630412217426,4.16,93,28.1,254,0,12,00,0,0
1630412218426,4.159,93,28.1,254,0,12,00,0,0
1630412219426,4.159,93,28.1,190,0,12,00,0,0
1630412220426,4.159,93,28.1,254,0,12,00,0,0
1630412221426,4.159,93,28.1,254,0,12,00,0,0
1630412222426,4.159,93,28.1,175,0,12,00,0,0
1630412223426,4.159,93,28.1,254,0,12,00,0,0
1630412224426,4.159,93,28.1,254,0,12,00,0,0
1630412225426,4.159,93,28.1,254,0,12,00,0,0
1630412226426,4.159,93,28.1,215,0,12,00,0,0
1630412227426,4.159,93,28.2,254,0,12,00,0,0
1630412228426,4.159,93,28.2,254,0,12,00,0,0
1630412229426,4.159,93,28.2,254,0,12,00,0,0
1630412230426,4.159,93,28.2,254,0,12,00,0,0
1630412231426,4.159,93,28.2,195,0,12,00,0,0
1630412232426,4.159,93,28.2,254,0,12,00,0,0
1630412233426,4.159,93,28.2,254,0,12,00,0,0
1630412234426,4.159,93,28.2,195,0,12,00,0,0
1630412235426,4.159,93,28.2,254,0,12,00,0,0
1630412236426,4.159,93,28.2,254,0,12,00,0,0
1630412237426,4.159,93,28.2,254,0,12,00,0,0
1630412238426,4.159,93,28.3,254,0,12,00,0,0
1630412239426,4.159,93,28.3,254,0,12,00,0,0
1630412240426,4.159,93,28.3,254,0,12,00,0,0
1630412241426,4.159,93,28.3,254,0,12,00,0,0
1630412242426,4.159,93,28.3,254,0,12,00,0,0
1630412243426,4.159,93,28.3,254,0,12,00,0,0
1630412244426,4.159,93,28.3,254,0,12,00,0,0
1630412245426,4.159,93,28.3,254,0,12,00,0,0
1630412246426,4.159,93,28.3,254,0,12,00,0,0
1630412247426,4.159,93,28.3,254,0,12,00,0,0
1630412248426,4.159,93,28.3,254,0,12,00,0,0
1630412249426,4.159,93,28.3,254,0,12,00,0,0
1630412250426,4.159,93,28.3,254,0,12,00,0,0
1630412251426,4.159,93,28.3,254,0,12,00,0,0
1630412252426,4.159,93,28.3,254,0,12,00,0,0
1630412253426,4.159,93,28.3,254,0,12,00,0,0
1630412254426,4.159,93,28.3,254,0,12,00,0,0
1630412255426,4.159,93,28.3,254,0,12,00,0,0
1630412256426,4.159,93,28.3,254,0,12,00,0,0
1630412257426,4.159,93,28.3,254,0,12,00,0,0
1630412258426,4.159,93,28.3,254,0,12,00,0,0
1630412259426,4.159,93,28.3,254,0,12,00,0,0
1630412260426,4.159,93,28.3,254,0,12,00,0,0
1630412261426,4.159,93,28.3,254,0,12,00,0,0
1630412262426,4.159,93,28.3,254,0,12,00,0,0
1630412263426,4.159,93,28.3,254,0,12,00,0,0
1630412264426,4.159,93,28.3,254,0,12,00,0,0
1630412265426,4.159,93,28.3,254,0,12,00,0,0
1630412266426,4.159,93,28.3,254,0,12,00,0,0
1630412267426,4.159,93,28.3,254,0,12,00,0,0
1630412268426,4.159,93,28.3,254,0,12,00,0,0
1630412269426,4.159,93,28.3,254,0,12,00,0,0
1630412270426,4.159,93,28.3,254,0,12,00,0,0
1630412271426,4.159,93,28.3,254,0,12,00,0,0
1630412272426,4.159,93,28.3,254,0,12,00,0,0
1630412273426,4.159,93,28.3,254,0,12,00,0,0
1630412274426,4.159,93,28.3,254,0,12,00,0,0
1630412275426,4.159,93,28.3,254,0,12,00,0,0
1630412276426,4.158,93,28.3,254,0,12,00,0,0
1630412277426,4.158,93,28.3,254,0,12,00,0,0
1630412278426,4.158,93,28.3,190,0,12,00,0,0
1630412279426,4.158,93,28.4,254,0,12,00,0,0
1630412280426,4.158,93,28.4,155,0,12,00,0,0
1630412281426,4.158,93,28.4,254,0,12,00,0,0
1630412282426,4.158,93,28.4,254,0,12,00,0,0
1630412283426,4.158,93,28.4,254,0,12,00,0,0
1630412284426,4.158,93,28.4,254,0,12,00,0,0
1630412285426,4.158,93,28.4,254,0,12,00,0,0
1630412286426,4.158,93,28.4,254,0,12,00,0,0
1630412287426,4.158,93,28.4,254,0,12,00,0,0
1630412288426,4.158,93,28.4,254,0,12,00,0,0
1630412289426,4.158,93,28.4,254,0,12,00,0,0
1630412290426,4.158,93,28.4,254,0,12,00,0,0
1630412291426,4.158,93,28.4,254,0,12,00,0,0
1630412292426,4.158,93,28.4,150,0,12,00,0,0
1630412293426,4.158,93,28.4,254,0,12,00,0,0
1630412294426,4.158,93,28.4,254,0,12,00,0,0
1630412295426,4.158,93,28.4,254,0,12,00,0,0
1630412296426,4.158,93,28.4,254,0,12,00,0,0
1630412297426,4.158,93,28.4,254,0,12,00,0,0
1630412298426,4.158,93,28.5,170,0,12,00,0,0
1630412299426,4.158,93,28.5,254,0,12,00,0,0
1630412300426,4.158,93,28.5,254,0,12,00,0,0
1630412301426,4.158,93,28.5,254,0,12,00,0,0
1630412302426,4.158,93,28.5,235,0,12,00,0,0
1630412303426,4.158,93,28.5,235,0,12,00,0,0
1630412304426,4.158,93,28.5,254,0,12,00,0,0
1630412305426,4.158,93,28.5,254,0,12,00,0,0
1630412306426,4.158,93,28.5,254,0,12,00,0,0
1630412307426,4.158,93,28.5,254,0,12,00,0,0
1630412308426,4.158,93,28.5,254,0,12,00,0,0
1630412309426,4.158,93,28.5,235,0,12,00,0,0
1630412310426,4.158,93,28.5,254,0,12,00,0,0
1630412311426,4.158,93,28.5,254,0,12,00,0,0
1630412312426,4.158,93,28.5,254,0,12,00,0,0
1630412313426,4.158,93,28.5,254,0,12,00,0,0
1630412314426,4.158,93,28.5,254,0,12,00,0,0
1630412315426,4.158,93,28.5,254,0,12,00,0,0
1630412316426,4.158,93,28.5,254,0,12,00,0,0
1630412317426,4.158,93,28.5,254,0,12,00,0,0
1630412318426,4.158,93,28.5,254,0,12,00,0,0
1630412319426,4.158,93,28.5,155,0,12,00,0,0
1630412320426,4.158,93,28.5,254,0,12,00,0,0
1630412321426,4.158,93,28.5,254,0,12,00,0,0
1630412322426,4.158,93,28.5,254,-5,12,00,0,0
1630412323426,4.158,93,28.5,254,0,12,00,0,0
1630412324426,4.158,93,28.5,254,0,12,00,0,0
1630412325426,4.158,93,28.5,254,0,12,00,0,0
1630412326426,4.158,93,28.5,254,0,12,00,0,0
1630412327426,4.158,93,28.5,254,0,12,00,0,0
1630412328426,4.158,93,28.5,254,0,12,00,0,0
1630412329426,4.158,93,28.5,195,0,12,00,0,0
1630412330426,4.158,93,28.5,254,0,12,00,0,0
1630412331426,4.158,93,28.5,254,0,12,00,0,0
1630412332426,4.158,93,28.5,254,0,12,00,0,0
1630412333426,4.158,93,28.5,254,0,12,00,0,0
1630412334426,4.158,93,28.6,254,0,12,00,0,0
1630412335426,4.158,93,28.6,254,0,12,00,0,0
1630412336426,4.158,93,28.6,190,0,12,00,0,0
1630412337426,4.158,93,28.6,254,0,12,00,0,0
1630412338426,4.158,93,28.6,254,0,12,00,0,0
1630412339426,4.158,93,28.6,254,0,12,00,0,0
1630412340426,4.158,93,28.6,254,0,12,00,0,0
1630412341426,4.158,93,28.6,235,0,12,00,0,0
1630412342426,4.158,93,28.6,254,0,12,00,0,0
1630412343426,4.158,93,28.6,254,0,12,00,0,0
1630412344426,4.158,93,28.6,170,0,12,00,0,0
1630412345426,4.158,93,28.6,254,0,12,00,0,0
1630412346426,4.158,93,28.6,254,-3,12,00,0,0
1630412347426,4.158,93,28.6,254,0,12,00,0,0
1630412348426,4.158,93,28.6,254,0,12,00,0,0
1630412349426,4.158,93,28.6,254,0,12,00,0,0
1630412350426,4.158,93,28.6,254,0,12,00,0,0
1630412351426,4.158,93,28.6,195,0,12,00,0,0
1630412352426,4.158,93,28.6,254,0,12,00,0,0
1630412353426,4.158,93,28.6,254,0,12,00,0,0
1630412354426,4.158,93,28.6,254,0,12,00,0,0
1630412355426,4.158,93,28.6,254,0,12,00,0,0
1630412356426,4.158,93,28.6,254,0,12,00,0,0
1630412357426,4.158,93,28.6,254,0,12,00,0,0
1630412358426,4.158,93,28.6,254,0,12,00,0,0
1630412359426,4.158,93,28.6,254,0,12,00,0,0
1630412360426,4.158,93,28.6,254,0,12,00,0,0
1630412361426,4.158,93,28.6,254,0,12,00,0,0
1630412362426,4.158,93,28.6,215,0,12,00,0,0
1630412363426,4.157,92,28.6,254,0,12,00,0,0
1630412364426,4.157,92,28.6,254,0,12,00,0,0
1630412365426,4.157,92,28.6,254,0,12,00,0,0
1630412366426,4.157,92,28.6,254,0,12,00,0,0
1630412367426,4.157,92,28.6,254,0,12,00,0,0
1630412368426,4.157,92,28.6,254,0,12,00,0,0
1630412369426,4.157,92,28.6,215,0,12,00,0,0
1630412370426,4.157,92,28.6,254,-21,12,00,0,0
1630412371426,4.157,92,28.6,254,-4,12,00,0,0
1630412372426,4.157,92,28.6,254,0,12,00,0,0
1630412373426,4.157,92,28.6,254,-9,12,00,0,0
1630412374426,4.157,92,28.6,254,0,12,00,0,0
1630412375426,4.157,92,28.6,254,0,12,00,0,0
1630412376426,4.157,92,28.7,215,0,12,00,0,0
1630412377426,4.157,92,28.7,254,0,12,00,0,0
1630412378426,4.157,92,28.7,254,0,12,00,0,0
1630412379426,4.157,92,28.7,254,0,12,00,0,0
1630412380426,4.157,92,28.7,215,0,12,00,0,0
1630412381426,4.157,92,28.7,254,0,12,00,0,0
1630412382426,4.157,92,28.7,254,0,12,00,0,0
1630412383426,4.157,92,28.7,254,-6,12,00,0,0
1630412384426,4.157,92,28.7,254,0,12,00,0,0
1630412385426,4.157,92,28.7,254,0,12,00,0,0
1630412386426,4.157,92,28.7,254,0,12,00,0,0
1630412387426,4.157,92,28.7,254,0,12,00,0,0
1630412388426,4.157,92,28.7,254,0,12,00,0,0
1630412389426,4.157,92,28.8,254,-7,12,00,0,0
1630412390426,4.157,92,28.8,235,0,12,00,0,0
1630412391426,4.157,92,28.8,254,0,12,00,0,0
1630412392426,4.157,92,28.8,254,0,12,00,0,0
1630412393426,4.157,92,28.8,254,0,12,00,0,0
1630412394426,4.157,92,28.8,254,0,12,00,0,0
1630412395426,4.157,92,28.8,254,0,12,00,0,0
1630412396426,4.157,92,28.8,254,0,12,00,0,0
1630412397426,4.157,92,28.8,254,0,12,00,0,0
1630412398426,4.157,92,28.8,254,0,12,00,0,0
1630412399426,4.157,92,28.8,210,0,12,00,0,0
1630412400426,4.157,92,28.8,254,-4,12,00,0,0
1630412401426,4.157,92,28.8,254,0,12,00,0,0
1630412402426,4.157,92,28.8,254,0,12,00,0,0
1630412403426,4.157,92,28.8,254,0,12,00,0,0
1630412404426,4.157,92,28.8,254,0,12,00,0,0
1630412405426,4.157,92,28.8,155,-8,12,00,0,0
1630412406426,4.157,92,28.8,254,0,12,00,0,0
1630412407426,4.157,92,28.8,254,0,12,00,0,0
1630412408426,4.157,92,28.8,254,0,12,00,0,0
1630412409426,4.157,92,28.8,254,0,12,00,0,0
1630412410426,4.157,92,28.8,254,0,12,00,0,0
1630412411426,4.157,92,28.8,254,-3,12,00,0,0
1630412412426,4.156,92,28.8,254,0,12,00,0,0
1630412413426,4.156,92,28.8,254,0,12,00,0,0
1630412414426,4.156,92,28.8,254,0,12,00,0,0
1630412415426,4.156,92,28.8,190,0,12,00,0,0
1630412416426,4.156,92,28.8,254,0,12,00,0,0
1630412417426,4.156,92,28.8,254,0,12,00,0,0
1630412418426,4.156,92,28.8,254,0,12,00,0,0
1630412419426,4.156,92,28.8,235,0,12,00,0,0
1630412420426,4.156,92,28.8,254,0,12,00,0,0
1630412421426,4.156,92,28.8,254,-2,12,00,0,0
1630412422426,4.156,92,28.8,254,0,12,00,0,0
1630412423426,4.156,92,28.8,254,0,12,00,0,0
1630412424426,4.156,92,28.8,254,0,12,00,0,0
1630412425426,4.156,92,28.8,254,0,12,00,0,0
1630412426426,4.156,92,28.8,254,0,12,00,0,0
1630412427426,4.156,92,28.8,254,0,12,00,0,0
1630412428426,4.156,92,28.9,254,0,12,00,0,0
1630412429426,4.156,92,28.9,254,0,12,00,0,0
1630412430426,4.156,92,28.9,254,0,12,00,0,0
1630412431426,4.156,92,28.9,254,0,12,00,0,0
1630412432426,4.156,92,28.9,254,0,12,00,0,0
1630412433426,4.156,92,28.9,254,0,12,00,0,0
1630412434426,4.156,92,28.9,254,0,12,00,0,0
1630412435426,4.156,92,28.9,254,0,12,00,0,0
1630412436426,4.156,92,28.9,254,0,12,00,0,0
1630412437426,4.156,92,28.9,254,0,12,00,0,0
1630412438426,4.156,92,28.9,254,0,12,00,0,0
1630412439426,4.156,92,28.9,254,0,12,00,0,0
1630412440426,4.156,92,29.0,254,0,12,00,0,0
1630412441426,4.156,92,29.0,254,0,12,00,0,0
1630412442426,4.156,92,29.0,254,0,12,00,0,0
1630412443426,4.156,92,29.0,254,0,12,00,0,0
1630412444426,4.156,92,29.0,254,0,12,00,0,0
1630412445426,4.156,92,29.0,254,0,12,00,0,0
1630412446426,4.156,92,29.0,254,0,12,00,0,0
1630412447426,4.156,92,29.0,254,0,12,00,0,0
1630412448426,4.156,92,29.0,254,0,12,00,0,0
1630412449426,4.156,92,29.0,254,0,12,00,0,0
1630412450426,4.156,92,29.0,254,0,12,00,0,0
1630412451426,4.156,92,29.0,254,0,12,00,0,0
1630412452426,4.156,92,29.0,254,0,12,00,0,0
1630412453426,4.156,92,29.0,254,0,12,00,0,0
1630412454426,4.156,92,29.0,254,0,12,00,0,0
1630412455426,4.156,92,29.0,254,0,12,00,0,0
1630412456426,4.156,92,29.0,254,0,12,00,0,0
1630412457426,4.156,92,29.0,254,0,12,00,0,0
1630412458426,4.156,92,29.0,254,0,12,00,0,0
1630412459426,4.156,92,29.0,254,0,12,00,0,0
1630412460426,4.156,92,29.0,195,0,12,00,0,0
1630412461426,4.156,92,29.0,254,0,12,00,0,0
1630412462426,4.156,92,29.0,254,0,12,00,0,0
1630412463426,4.156,92,29.0,254,0,12,00,0,0
1630412464426,4.156,92,29.0,254,0,12,00,0,0
1630412465426,4.156,92,29.0,254,0,12,00,0,0
1630412466426,4.156,92,29.0,254,0,12,00,0,0
1630412467426,4.156,92,29.0,254,0,12,00,0,0
1630412468426,4.156,92,29.0,254,0,12,00,0,0
1630412469426,4.156,92,29.0,190,0,12,00,0,0
1630412470426,4.156,92,29.0,235,0,12,00,0,0
1630412471426,4.156,92,29.0,254,0,12,00,0,0
1630412472426,4.156,92,29.0,254,0,12,00,0,0
1630412473426,4.156,92,29.0,254,0,12,00,0,0
1630412474426,4.156,92,29.0,254,0,12,00,0,0
1630412475426,4.156,92,29.0,254,-6,12,00,0,0
1630412476426,4.156,92,29.0,254,0,12,00,0,0
1630412477426,4.156,92,29.0,215,0,12,00,0,0
1630412478426,4.156,92,29.0,254,0,12,00,0,0
1630412479426,4.155,92,29.0,210,0,12,00,0,0
1630412480426,4.155,92,29.0,254,0,12,00,0,0
1630412481426,4.155,92,29.0,254,0,12,00,0,0
1630412482426,4.155,92,29.0,254,0,12,00,0,0
1630412483426,4.155,92,29.0,254,0,12,00,0,0
1630412484426,4.155,92,29.0,254,0,12,00,0,0
1630412485426,4.155,92,29.0,254,0,12,00,0,0
1630412486426,4.155,92,29.0,190,0,12,00,0,0
1630412487426,4.155,92,29.0,254,0,12,00,0,0
1630412488426,4.155,92,29.0,254,0,12,00,0,0
1630412489426,4.155,92,29.0,254,0,12,00,0,0
1630412490426,4.155,92,29.0,254,0,12,00,0,0
1630412491426,4.155,92,29.1,254,0,12,00,0,0
1630412492426,4.155,92,29.1,254,0,12,00,0,0
1630412493426,4.155,92,29.1,254,0,12,00,0,0
1630412494426,4.155,92,29.1,254,0,12,00,0,0
1630412495426,4.155,92,29.1,254,0,12,00,0,0
1630412496426,4.155,92,29.1,254,0,12,00,0,0
1630412497426,4.155,92,29.2,254,0,12,00,0,0
1630412498426,4.155,92,29.2,254,0,12,00,0,0
1630412499426,4.155,92,29.2,254,0,12,00,0,0
1630412500426,4.155,92,29.2,254,0,12,00,0,0
1630412501426,4.155,92,29.2,254,0,12,00,0,0
1630412502426,4.155,92,29.2,254,0,12,00,0,0
1630412503426,4.155,92,29.2,254,0,12,00,0,0
1630412504426,4.155,92,29.2,254,0,12,00,0,0
1630412505426,4.155,92,29.2,254,0,12,00,0,0
1630412506426,4.155,92,29.2,254,0,12,00,0,0
1630412507426,4.155,92,29.2,254,0,12,00,0,0
1630412508426,4.155,92,29.2,254,0,12,00,0,0
1630412509426,4.155,92,29.2,254,0,12,00,0,0
1630412510426,4.155,92,29.2,254,0,12,00,0,0
1630412511426,4.155,92,29.2,254,0,12,00,0,0
1630412512426,4.155,92,29.2,254,0,12,00,0,0
1630412513426,4.155,92,29.2,254,0,12,00,0,0
1630412514426,4.155,92,29.2,254,0,12,00,0,0
1630412515426,4.155,92,29.2,254,0,12,00,0,0
1630412516426,4.155,92,29.2,254,0,12,00,0,0
1630412517426,4.155,92,29.2,254,0,12,00,0,0
1630412518426,4.155,92,29.2,254,0,12,00,0,0
1630412519426,4.155,92,29.2,254,0,12,00,0,0
1630412520426,4.155,92,29.2,254,0,12,00,0,0
1630412521426,4.155,92,29.2,254,0,12,00,0,0
1630412522426,4.155,92,29.2,254,0,12,00,0,0
1630412523426,4.155,92,29.2,254,0,12,00,0,0
1630412524426,4.155,92,29.2,254,0,12,00,0,0
1630412525426,4.155,92,29.2,254,0,12,00,0,0
1630412526426,4.155,92,29.2,190,0,12,00,0,0
1630412527426,4.155,92,29.2,235,0,12,00,0,0
1630412528426,4.155,92,29.2,254,0,12,00,0,0
1630412529426,4.154,92,29.2,210,0,12,00,0,0
1630412530426,4.154,92,29.2,254,0,12,00,0,0
1630412531426,4.154,92,29.2,254,0,12,00,0,0
1630412532426,4.154,92,29.2,254,0,12,00,0,0
1630412533426,4.154,92,29.2,254,0,12,00,0,0
1630412534426,4.154,92,29.2,254,0,12,00,0,0
1630412535426,4.154,92,29.2,254,0,12,00,0,0
1630412536426,4.154,92,29.2,170,0,12,00,0,0
1630412537426,4.153,92,29.2,254,0,12,00,0,0
1630412538426,4.153,92,29.2,254,0,12,00,0,0
1630412539426,4.153,92,29.2,210,0,12,00,0,0
1630412540426,4.153,92,29.2,190,0,12,00,0,0
1630412541426,4.153,92,29.2,190,0,12,00,0,0
1630412542426,4.153,92,29.2,155,0,12,00,0,0
1630412543426,4.153,92,29.2,254,0,12,00,0,0
1630412544426,4.153,92,29.2,254,0,12,00,0,0
1630412545426,4.153,92,29.2,254,0,12,00,0,0
1630412546426,4.153,92,29.2,254,0,12,00,0,0
1630412547426,4.153,92,29.2,254,0,12,00,0,0
1630412548426,4.153,92,29.2,254,-6,12,00,0,0
1630412549426,4.153,92,29.2,254,0,12,00,0,0
1630412550426,4.153,92,29.2,254,0,12,00,0,0
1630412551426,4.153,92,29.2,254,0,12,00,0,0
1630412552426,4.153,92,29.2,254,0,12,00,0,0
1630412553426,4.153,92,29.2,254,0,12,00,0,0
1630412554426,4.153,92,29.2,254,-2,12,00,0,0
1630412555426,4.153,92,29.2,254,0,12,00,0,0
1630412556426,4.153,92,29.2,254,0,12,00,0,0
1630412557426,4.152,92,29.2,254,0,12,00,0,0
1630412558426,4.152,92,29.2,254,0,12,00,0,0
1630412559426,4.152,92,29.2,254,0,12,00,0,0
1630412560426,4.152,92,29.2,254,0,12,00,0,0
1630412561426,4.152,92,29.2,254,0,12,00,0,0
1630412562426,4.152,92,29.2,254,0,12,00,0,0
1630412563426,4.152,92,29.2,254,0,12,00,0,0
1630412564426,4.152,92,29.2,254,0,12,00,0,0
1630412565426,4.152,92,29.2,254,0,12,00,0,0
1630412566426,4.152,92,29.2,254,0,12,00,0,0
1630412567426,4.152,92,29.2,254,0,12,00,0,0
1630412568426,4.152,92,29.2,254,-6,12,00,0,0
1630412569426,4.152,92,29.2,254,0,12,00,0,0
1630412570426,4.152,92,29.2,254,0,12,00,0,0
1630412571426,4.152,92,29.2,254,0,12,00,0,0
1630412572426,4.152,92,29.2,254,0,12,00,0,0
1630412573426,4.152,92,29.2,254,0,12,00,0,0
1630412574426,4.152,92,29.2,254,0,12,00,0,0
1630412575426,4.152,92,29.2,254,0,12,00,0,0
1630412576426,4.152,92,29.2,254,0,12,00,0,0
1630412577426,4.152,92,29.2,254,0,12,00,0,0
1630412578426,4.152,92,29.2,254,0,12,00,0,0
1630412579426,4.152,92,29.2,254,0,12,00,0,0
1630412580426,4.152,92,29.2,254,0,12,00,0,0
1630412581426,4.152,92,29.2,254,0,12,00,0,0
1630412582426,4.152,92,29.2,254,0,12,00,0,0
1630412583426,4.152,92,29.2,254,0,12,00,0,0
1630412584426,4.152,92,29.2,254,0,12,00,0,0
1630412585426,4.152,92,29.2,254,0,12,00,0,0
1630412586426,4.152,92,29.2,254,0,12,00,0,0
1630412587426,4.152,92,29.2,254,0,12,00,0,0
1630412588426,4.152,92,29.2,254,-2,12,00,0,0
1630412589426,4.152,92,29.2,254,0,12,00,0,0
1630412590426,4.152,92,29.2,254,0,12,00,0,0
1630412591426,4.152,92,29.2,254,0,12,00,0,0
1630412592426,4.152,92,29.2,254,0,12,00,0,0
1630412593426,4.152,92,29.2,254,0,12,00,0,0
1630412594426,4.152,92,29.2,175,0,12,00,0,0
1630412595426,4.152,92,29.2,254,0,12,00,0,0
1630412596426,4.151,91,29.2,254,0,12,00,0,0
1630412597426,4.151,91,29.2,254,0,12,00,0,0
1630412598426,4.151,91,29.2,254,0,12,00,0,0
1630412599426,4.151,91,29.2,254,0,12,00,0,0
1630412600426,4.151,91,29.2,254,0,12,00,0,0
1630412601426,4.151,91,29.2,254,0,12,00,0,0
1630412602426,4.151,91,29.2,254,0,12,00,0,0
1630412603426,4.151,91,29.2,254,0,12,00,0,0
1630412604426,4.151,91,29.2,254,0,12,00,0,0
1630412605426,4.151,91,29.2,254,0,12,00,0,0
1630412606426,4.151,91,29.2,254,0,12,00,0,0
1630412607426,4.151,91,29.2,254,0,12,00,0,0
1630412608426,4.151,91,29.2,254,0,12,00,0,0
1630412609426,4.151,91,29.2,254,0,12,00,0,0
1630412610426,4.151,91,29.2,254,-2,12,00,0,0
1630412611426,4.151,91,29.2,254,0,12,00,0,0
1630412612426,4.151,91,29.2,254,0,12,00,0,0
1630412613426,4.151,91,29.2,254,0,12,00,0,0
1630412614426,4.151,91,29.2,254,0,12,00,0,0
1630412615426,4.151,91,29.2,254,0,12,00,0,0
1630412616426,4.151,91,29.2,254,0,12,00,0,0
1630412617426,4.151,91,29.2,254,0,12,00,0,0
1630412618426,4.151,91,29.2,254,0,12,00,0,0
1630412619426,4.151,91,29.2,254,0,12,00,0,0
1630412620426,4.151,91,29.2,235,0,12,00,0,0
1630412621426,4.151,91,29.2,254,0,12,00,0,0
1630412622426,4.151,91,29.2,254,0,12,00,0,0
1630412623426,4.151,91,29.2,254,0,12,00,0,0
1630412624426,4.151,91,29.2,254,0,12,00,0,0
1630412625426,4.151,91,29.2,215,0,12,00,0,0
1630412626426,4.151,91,29.2,235,0,12,00,0,0
1630412627426,4.151,91,29.2,190,0,12,00,0,0
1630412628426,4.151,91,29.2,235,0,12,00,0,0
1630412629426,4.151,91,29.2,235,0,12,00,0,0
1630412630426,4.151,91,29.2,254,0,12,00,0,0
1630412631426,4.151,91,29.2,254,0,12,00,0,0
1630412632426,4.151,91,29.2,195,0,12,00,0,0
1630412633426,4.151,91,29.2,254,0,12,00,0,0
1630412634426,4.151,91,29.2,195,-2,12,00,0,0
1630412635426,4.151,91,29.3,254,0,12,00,0,0
1630412636426,4.151,91,29.3,254,-1,12,00,0,0
1630412637426,4.151,91,29.3,254,-2,12,00,0,0
1630412638426,4.151,91,29.3,130,0,12,00,0,0
1630412639426,4.151,91,29.3,254,0,12,00,0,0
1630412640426,4.151,91,29.3,254,-2,12,00,0,0
1630412641426,4.151,91,29.3,254,0,12,00,0,0
1630412642426,4.151,91,29.3,254,0,12,00,0,0
1630412643426,4.151,91,29.3,254,0,12,00,0,0
1630412644426,4.151,91,29.3,254,0,12,00,0,0
1630412645426,4.151,91,29.3,254,0,12,00,0,0
1630412646426,4.151,91,29.3,254,0,12,00,0,0
1630412647426,4.151,91,29.3,254,0,12,00,0,0
1630412648426,4.151,91,29.3,254,0,12,00,0,0
1630412649426,4.151,91,29.3,254,-1,12,00,0,0
1630412650426,4.151,91,29.3,254,0,12,00,0,0
1630412651426,4.151,91,29.3,254,0,12,00,0,0
1630412652426,4.151,91,29.3,254,0,12,00,0,0
1630412653426,4.151,91,29.3,195,0,12,00,0,0
1630412654426,4.151,91,29.3,235,0,12,00,0,0
1630412655426,4.151,91,29.3,254,0,12,00,0,0
1630412656426,4.151,91,29.3,235,0,12,00,0,0
1630412657426,4.151,91,29.3,175,0,12,00,0,0
1630412658426,4.151,91,29.3,254,0,12,00,0,0
1630412659426,4.151,91,29.3,254,0,12,00,0,0
1630412660426,4.151,91,29.3,254,0,12,00,0,0
1630412661426,4.151,91,29.3,254,0,12,00,0,0
1630412662426,4.151,91,29.3,254,0,12,00,0,0
1630412663426,4.151,91,29.3,254,0,12,00,0,0
1630412664426,4.151,91,29.3,254,0,12,00,0,0
1630412665426,4.151,91,29.3,190,0,12,00,0,0
1630412666426,4.151,91,29.3,254,0,12,00,0,0
1630412667426,4.151,91,29.3,254,0,12,00,0,0
1630412668426,4.151,91,29.3,254,0,12,00,0,0
1630412669426,4.151,91,29.3,254,0,12,00,0,0
1630412670426,4.151,91,29.3,254,0,12,00,0,0
1630412671426,4.151,91,29.3,254,0,12,00,0,0
1630412672426,4.151,91,29.3,254,0,12,00,0,0
1630412673426,4.15,91,29.3,254,0,12,00,0,0
1630412674426,4.15,91,29.3,254,0,12,00,0,0
1630412675426,4.15,91,29.3,254,0,12,00,0,0
1630412676426,4.15,91,29.3,254,0,12,00,0,0
1630412677426,4.15,91,29.3,254,0,12,00,0,0
1630412678426,4.15,91,29.3,254,0,12,00,0,0
1630412679426,4.15,91,29.3,254,0,12,00,0,0
1630412680426,4.15,91,29.3,254,0,12,00,0,0
1630412681426,4.15,91,29.3,254,0,12,00,0,0
1630412682426,4.15,91,29.3,254,0,12,00,0,0
1630412683426,4.15,91,29.3,254,0,12,00,0,0
1630412684426,4.15,91,29.3,254,0,12,00,0,0
1630412685426,4.15,91,29.3,254,0,12,00,0,0
1630412686426,4.15,91,29.3,254,0,12,00,0,0
1630412687426,4.15,91,29.3,254,0,12,00,0,0
1630412688426,4.15,91,29.3,254,0,12,00,0,0
1630412689426,4.15,91,29.3,195,0,12,00,0,0
1630412690426,4.15,91,29.3,254,0,12,00,0,0
1630412691426,4.15,91,29.3,254,0,12,00,0,0
1630412692426,4.15,91,29.3,254,0,12,00,0,0
1630412693426,4.15,91,29.3,254,0,12,00,0,0
1630412694426,4.15,91,29.3,254,0,12,00,0,0
1630412695426,4.15,91,29.3,254,0,12,00,0,0
1630412696426,4.15,91,29.3,254,0,12,00,0,0
1630412697426,4.15,91,29.4,254,0,12,00,0,0
1630412698426,4.15,91,29.4,254,0,12,00,0,0
1630412699426,4.15,91,29.4,254,0,12,00,0,0
1630412700426,4.15,91,29.4,254,0,12,00,0,0
1630412701426,4.15,91,29.4,254,0,12,00,0,0
1630412702426,4.15,91,29.4,254,0,12,00,0,0
1630412703426,4.15,91,29.4,254,0,12,00,0,0
1630412704426,4.15,91,29.4,254,0,12,00,0,0
1630412705426,4.15,91,29.4,254,0,12,00,0,0
1630412706426,4.15,91,29.4,254,0,12,00,0,0
1630412707426,4.15,91,29.4,254,0,12,00,0,0
1630412708426,4.15,91,29.4,254,0,12,00,0,0
1630412709426,4.15,91,29.4,254,0,12,00,0,0
1630412710426,4.15,91,29.4,254,0,12,00,0,0
1630412711426,4.15,91,29.4,254,0,12,00,0,0
1630412712426,4.15,91,29.4,254,0,12,00,0,0
1630412713426,4.15,91,29.4,254,0,12,00,0,0
1630412714426,4.15,91,29.4,254,0,12,00,0,0
1630412715426,4.15,91,29.4,254,0,12,00,0,0
1630412716426,4.15,91,29.4,195,0,12,00,0,0
1630412717426,4.15,91,29.4,254,0,12,00,0,0
1630412718426,4.15,91,29.4,254,0,12,00,0,0
1630412719426,4.15,91,29.4,254,0,12,00,0,0
1630412720426,4.15,91,29.4,254,0,12,00,0,0
1630412721426,4.15,91,29.4,254,0,12,00,0,0
1630412722426,4.15,91,29.4,254,0,12,00,0,0
1630412723426,4.15,91,29.4,254,0,12,00,0,0
1630412724426,4.15,91,29.4,254,0,12,00,0,0
1630412725426,4.15,91,29.4,254,0,12,00,0,0
1630412726426,4.15,91,29.4,254,0,12,00,0,0
1630412727426,4.15,91,29.4,254,0,12,00,0,0
1630412728426,4.15,91,29.4,254,0,12,00,0,0
1630412729426,4.15,91,29.4,254,0,12,00,0,0
1630412730426,4.15,91,29.4,254,0,12,00,0,0
1630412731426,4.15,91,29.4,254,0,12,00,0,0
1630412732426,4.15,91,29.4,254,0,12,00,0,0
1630412733426,4.15,91,29.4,254,0,12,00,0,0
1630412734426,4.15,91,29.4,254,0,12,00,0,0
1630412735426,4.15,91,29.4,254,0,12,00,0,0
1630412736426,4.15,91,29.4,254,0,12,00,0,0
1630412737426,4.15,91,29.4,254,0,12,00,0,0
1630412738426,4.15,91,29.4,254,0,12,00,0,0
1630412739426,4.15,91,29.4,254,0,12,00,0,0
1630412740426,4.15,91,29.4,254,0,12,00,0,0
1630412741426,4.15,91,29.4,254,0,12,00,0,0
1630412742426,4.15,91,29.4,254,0,12,00,0,0
1630412743426,4.15,91,29.4,254,0,12,00,0,0
1630412744426,4.15,91,29.4,254,0,12,00,0,0
1630412745426,4.15,91,29.4,254,0,12,00,0,0
1630412746426,4.15,91,29.4,254,0,12,00,0,0
1630412747426,4.15,91,29.4,254,0,12,00,0,0
1630412748426,4.15,91,29.4,254,0,12,00,0,0
1630412749426,4.15,91,29.4,254,0,12,00,0,0
1630412750426,4.15,91,29.5,254,0,12,00,0,0
1630412751426,4.15,91,29.5,254,0,12,00,0,0
1630412752426,4.15,91,29.5,254,0,12,00,0,0
1630412753426,4.15,91,29.5,254,0,12,00,0,0
1630412754426,4.15,91,29.5,254,0,12,00,0,0
1630412755426,4.15,91,29.5,254,0,12,00,0,0
1630412756426,4.15,91,29.5,254,0,12,00,0,0
1630412757426,4.15,91,29.5,254,0,12,00,0,0
1630412758426,4.15,91,29.5,254,0,12,00,0,0
1630412759426,4.15,91,29.5,190,0,12,00,0,0
1630412760426,4.15,91,29.5,254,0,12,00,0,0
1630412761426,4.15,91,29.5,254,0,12,00,0,0
1630412762426,4.15,91,29.5,254,0,12,00,0,0
1630412763426,4.15,91,29.5,254,0,12,00,0,0
1630412764426,4.15,91,29.5,254,0,12,00,0,0
1630412765426,4.15,91,29.5,254,0,12,00,0,0
1630412766426,4.15,91,29.5,254,0,12,00,0,0
1630412767426,4.15,91,29.5,254,0,12,00,0,0
1630412768426,4.15,91,29.5,254,0,12,00,0,0
1630412769426,4.15,91,29.5,254,0,12,00,0,0
1630412770426,4.149,91,29.5,254,0,12,00,0,0
1630412771426,4.149,91,29.5,254,0,12,00,0,0
1630412772426,4.149,91,29.5,254,0,12,00,0,0
1630412773426,4.149,91,29.5,254,0,12,00,0,0
1630412774426,4.149,91,29.5,254,0,12,00,0,0
1630412775426,4.149,91,29.5,254,0,12,00,0,0
1630412776426,4.149,91,29.5,254,0,12,00,0,0
1630412777426,4.149,91,29.5,254,0,12,00,0,0
1630412778426,4.149,91,29.5,254,0,12,00,0,0
1630412779426,4.149,91,29.5,254,0,12,00,0,0
1630412780426,4.148,91,29.5,254,0,12,00,0,0
1630412781426,4.148,91,29.5,254,0,12,00,0,0
1630412782426,4.148,91,29.5,254,0,12,00,0,0
1630412783426,4.148,91,29.5,254,0,12,00,0,0
1630412784426,4.148,91,29.5,254,0,12,00,0,0
1630412785426,4.148,91,29.5,254,0,12,00,0,0
1630412786426,4.148,91,29.5,254,0,12,00,0,0
1630412787426,4.148,91,29.5,254,0,12,00,0,0
1630412788426,4.148,91,29.5,254,0,12,00,0,0
1630412789426,4.148,91,29.5,254,0,12,00,0,0
1630412790426,4.148,91,29.5,254,0,12,00,0,0
1630412791426,4.148,91,29.5,254,0,12,00,0,0
1630412792426,4.148,91,29.5,254,0,12,00,0,0
1630412793426,4.148,91,29.5,254,0,12,00,0,0
1630412794426,4.148,91,29.5,254,0,12,00,0,0
1630412795426,4.148,91,29.5,254,0,12,00,0,0
1630412796426,4.148,91,29.5,254,0,12,00,0,0
1630412797426,4.148,91,29.5,254,0,12,00,0,0
1630412798426,4.148,91,29.5,254,0,12,00,0,0
1630412799426,4.148,91,29.5,254,0,12,00,0,0
1630412800426,4.147,91,29.5,254,0,12,00,0,0
1630412801426,4.147,91,29.5,254,0,12,00,0,0
1630412802426,4.147,91,29.5,254,0,12,00,0,0
1630412803426,4.147,91,29.5,254,0,12,00,0,0
1630412804426,4.147,91,29.5,254,0,12,00,0,0
1630412805426,4.147,91,29.5,254,0,12,00,0,0
1630412806426,4.147,91,29.6,254,0,12,00,0,0
1630412807426,4.147,91,29.6,254,0,12,00,0,0
1630412808426,4.147,91,29.6,254,0,12,00,0,0
1630412809426,4.147,91,29.6,254,0,12,00,0,0
1630412810426,4.147,91,29.6,254,0,12,00,0,0
1630412811426,4.147,91,29.6,254,0,12,00,0,0
1630412812426,4.147,91,29.6,254,0,12,00,0,0
1630412813426,4.147,91,29.6,254,0,12,00,0,0
1630412814426,4.147,91,29.6,190,0,12,00,0,0
1630412815426,4.147,91,29.6,254,0,12,00,0,0
1630412816426,4.147,91,29.6,254,0,12,00,0,0
1630412817426,4.147,91,29.6,254,0,12,00,0,0
1630412818426,4.147,91,29.6,254,0,12,00,0,0
1630412819426,4.147,91,29.6,254,0,12,00,0,0
1630412820426,4.147,91,29.6,254,0,12,00,0,0
1630412821426,4.147,91,29.6,254,0,12,00,0,0
1630412822426,4.147,91,29.6,254,0,12,00,0,0
1630412823426,4.147,91,29.6,254,0,12,00,0,0
1630412824426,4.147,91,29.6,170,0,12,00,0,0
1630412825426,4.147,91,29.6,190,0,12,00,0,0
1630412826426,4.147,91,29.6,254,0,12,00,0,0
1630412827426,4.147,91,29.6,254,0,12,00,0,0
1630412828426,4.147,91,29.6,254,0,12,00,0,0
1630412829426,4.147,91,29.6,254,0,12,00,0,0
1630412830426,4.147,91,29.6,254,0,12,00,0,0
1630412831426,4.147,91,29.6,254,0,12,00,0,0
1630412832426,4.147,91,29.6,254,0,12,00,0,0
1630412833426,4.147,91,29.6,254,0,12,00,0,0
1630412834426,4.147,91,29.6,254,0,12,00,0,0
1630412835426,4.147,91,29.6,254,0,12,00,0,0
1630412836426,4.147,91,29.6,254,0,12,00,0,0
1630412837426,4.147,91,29.6,254,0,12,00,0,0
1630412838426,4.147,91,29.6,254,0,12,00,0,0
1630412839426,4.147,91,29.6,254,0,12,00,0,0
1630412840426,4.147,91,29.6,254,0,12,00,0,0
1630412841426,4.147,91,29.6,254,0,12,00,0,0
1630412842426,4.147,91,29.6,254,0,12,00,0,0
1630412843426,4.147,91,29.6,254,0,12,00,0,0
1630412844426,4.147,91,29.6,254,0,12,00,0,0
1630412845426,4.147,91,29.6,254,0,12,00,0,0
1630412846426,4.147,91,29.6,254,0,12,00,0,0
1630412847426,4.147,91,29.6,254,0,12,00,0,0
1630412848426,4.147,91,29.6,254,0,12,00,0,0
1630412849426,4.147,91,29.6,254,0,12,00,0,0
1630412850426,4.147,91,29.6,254,-7,12,00,0,0
1630412851426,4.147,91,29.6,254,0,12,00,0,0
1630412852426,4.147,91,29.6,254,0,12,00,0,0
1630412853426,4.147,91,29.6,254,0,12,00,0,0
1630412854426,4.147,91,29.6,254,0,12,00,0,0
1630412855426,4.147,91,29.6,254,0,12,00,0,0
1630412856426,4.147,91,29.6,254,0,12,00,0,0
1630412857426,4.147,91,29.6,254,0,12,00,0,0
1630412858426,4.147,91,29.7,254,0,12,00,0,0
1630412859426,4.147,91,29.7,254,0,12,00,0,0
1630412860426,4.147,91,29.7,254,0,12,00,0,0
1630412861426,4.147,91,29.7,254,0,12,00,0,0
1630412862426,4.147,91,29.7,254,0,12,00,0,0
1630412863426,4.147,91,29.7,254,0,12,00,0,0
1630412864426,4.147,91,29.7,254,0,12,00,0,0
1630412865426,4.147,91,29.7,254,0,12,00,0,0
1630412866426,4.147,91,29.7,254,0,12,00,0,0
1630412867426,4.147,91,29.7,254,0,12,00,0,0
1630412868426,4.147,91,29.7,254,0,12,00,0,0
1630412869426,4.147,91,29.7,254,0,12,00,0,0
1630412870426,4.147,91,29.7,254,0,12,00,0,0
1630412871426,4.147,91,29.7,254,0,12,00,0,0
1630412872426,4.147,91,29.7,254,0,12,00,0,0
1630412873426,4.147,91,29.7,254,0,12,00,0,0
1630412874426,4.147,91,29.7,254,0,12,00,0,0
1630412875426,4.147,91,29.7,254,0,12,00,0,0
1630412876426,4.146,91,29.7,254,0,12,00,0,0
1630412877426,4.146,91,29.7,254,0,12,00,0,0
1630412878426,4.146,91,29.7,254,0,12,00,0,0
1630412879426,4.146,91,29.7,254,0,12,00,0,0
1630412880426,4.146,91,29.7,254,0,12,00,0,0
1630412881426,4.146,91,29.7,254,0,12,00,0,0
1630412882426,4.146,91,29.7,254,0,12,00,0,0
1630412883426,4.146,91,29.7,254,0,12,00,0,0
1630412884426,4.146,91,29.7,254,0,12,00,0,0
1630412885426,4.146,91,29.7,254,0,12,00,0,0
1630412886426,4.146,91,29.7,254,0,12,00,0,0
1630412887426,4.146,91,29.7,254,0,12,00,0,0
1630412888426,4.146,91,29.7,254,0,12,00,0,0
1630412889426,4.146,91,29.7,254,0,12,00,0,0
1630412890426,4.146,91,29.7,254,0,12,00,0,0
1630412891426,4.146,91,29.7,254,0,12,00,0,0
1630412892426,4.146,91,29.7,254,0,12,00,0,0
1630412893426,4.146,91,29.7,254,0,12,00,0,0
1630412894426,4.146,91,29.7,254,0,12,00,0,0
1630412895426,4.146,91,29.7,254,0,12,00,0,0
1630412896426,4.146,91,29.7,254,0,12,00,0,0
1630412897426,4.146,91,29.7,254,0,12,00,0,0
1630412898426,4.146,91,29.7,254,0,12,00,0,0
1630412899426,4.146,91,29.7,254,0,12,00,0,0
1630412900426,4.146,91,29.7,254,0,12,00,0,0
1630412901426,4.146,91,29.7,254,0,12,00,0,0
1630412902426,4.146,91,29.7,254,0,12,00,0,0
1630412903426,4.146,91,29.7,254,0,12,00,0,0
1630412904426,4.146,91,29.7,254,0,12,00,0,0
1630412905426,4.146,91,29.7,254,0,12,00,0,0
1630412906426,4.145,90,29.7,254,0,12,00,0,0
1630412907426,4.145,90,29.7,254,0,12,00,0,0
1630412908426,4.145,90,29.7,254,0,12,00,0,0
1630412909426,4.145,90,29.7,254,0,12,00,0,0
1630412910426,4.145,90,29.7,254,0,12,00,0,0
1630412911426,4.145,90,29.7,254,0,12,00,0,0
1630412912426,4.145,90,29.7,254,0,12,00,0,0
1630412913426,4.145,90,29.7,254,0,12,00,0,0
1630412914426,4.145,90,29.7,254,0,12,00,0,0
1630412915426,4.145,90,29.7,254,0,12,00,0,0
1630412916426,4.145,90,29.7,254,0,12,00,0,0
1630412917426,4.145,90,29.7,254,1,12,00,0,0
1630412918426,4.145,90,29.7,254,2,12,00,0,0
1630412919426,4.145,90,29.7,254,0,12,00,0,0
1630412920426,4.145,90,29.7,254,0,12,00,0,0
1630412921426,4.145,90,29.7,235,0,12,00,0,0
1630412922426,4.145,90,29.7,254,0,12,00,0,0
1630412923426,4.145,90,29.7,254,0,12,00,0,0
1630412924426,4.145,90,29.7,254,0,12,00,0,0
1630412925426,4.145,90,29.7,254,0,12,00,0,0
1630412926426,4.145,90,29.7,254,0,12,00,0,0
1630412927426,4.145,90,29.7,254,0,12,00,0,0
1630412928426,4.145,90,29.7,254,1,12,00,0,0
1630412929426,4.145,90,29.7,254,0,12,00,0,0
1630412930426,4.145,90,29.7,254,0,12,00,0,0
1630412931426,4.145,90,29.7,190,0,12,00,0,0
1630412932426,4.145,90,29.7,254,0,12,00,0,0
1630412933426,4.145,90,29.7,254,0,12,00,0,0
1630412934426,4.145,90,29.7,254,0,12,00,0,0
1630412935426,4.145,90,29.7,254,0,12,00,0,0
1630412936426,4.145,90,29.7,254,0,12,00,0,0
1630412937426,4.145,90,29.7,254,0,12,00,0,0
1630412938426,4.145,90,29.7,254,0,12,00,0,0
1630412939426,4.145,90,29.7,215,0,12,00,0,0
1630412940426,4.145,90,29.7,215,-7,12,00,0,0
1630412941426,4.145,90,29.7,254,0,12,00,0,0
1630412942426,4.145,90,29.7,254,-5,12,00,0,0
1630412943426,4.145,90,29.7,254,0,12,00,0,0
1630412944426,4.145,90,29.7,254,0,12,00,0,0
1630412945426,4.145,90,29.7,254,0,12,00,0,0
1630412946426,4.145,90,29.7,254,0,12,00,0,0
1630412947426,4.145,90,29.7,254,0,12,00,0,0
1630412948426,4.145,90,29.7,254,0,12,00,0,0
1630412949426,4.145,90,29.7,254,0,12,00,0,0
1630412950426,4.145,90,29.7,254,0,12,00,0,0
1630412951426,4.145,90,29.7,254,0,12,00,0,0
1630412952426,4.145,90,29.7,254,0,12,00,0,0
1630412953426,4.145,90,29.8,254,0,12,00,0,0
1630412954426,4.144,90,29.8,254,0,12,00,0,0
1630412955426,4.144,90,29.8,254,0,12,00,0,0
1630412956426,4.144,90,29.8,254,0,12,00,0,0
1630412957426,4.144,90,29.8,254,0,12,00,0,0
1630412958426,4.144,90,29.8,254,0,12,00,0,0
1630412959426,4.144,90,29.8,254,0,12,00,0,0
1630412960426,4.144,90,29.8,254,0,12,00,0,0
1630412961426,4.144,90,29.8,254,0,12,00,0,0
1630412962426,4.144,90,29.8,254,0,12,00,0,0
1630412963426,4.144,90,29.8,254,0,12,00,0,0
1630412964426,4.144,90,29.8,254,0,12,00,0,0
1630412965426,4.144,90,29.8,254,0,12,00,0,0
1630412966426,4.144,90,29.8,254,-3,12,00,0,0
1630412967426,4.144,90,29.8,254,0,12,00,0,0
1630412968426,4.144,90,29.8,254,0,12,00,0,0
1630412969426,4.144,90,29.8,254,0,12,00,0,0
1630412970426,4.144,90,29.8,254,0,12,00,0,0
1630412971426,4.144,90,29.8,254,0,12,00,0,0
1630412972426,4.144,90,29.8,254,0,12,00,0,0
1630412973426,4.144,90,29.8,254,0,12,00,0,0
1630412974426,4.144,90,29.8,254,0,12,00,0,0
1630412975426,4.144,90,29.8,254,-3,12,00,0,0
1630412976426,4.144,90,29.8,254,0,12,00,0,0
1630412977426,4.144,90,29.8,254,-1,12,00,0,0
1630412978426,4.144,90,29.8,254,0,12,00,0,0
1630412979426,4.144,90,29.8,254,0,12,00,0,0
1630412980426,4.144,90,29.8,254,0,12,00,0,0
1630412981426,4.144,90,29.8,254,0,12,00,0,0
1630412982426,4.144,90,29.8,254,0,12,00,0,0
1630412983426,4.144,90,29.8,254,0,12,00,0,0
1630412984426,4.144,90,29.8,254,0,12,00,0,0
1630412985426,4.144,90,29.8,254,0,12,00,0,0
1630412986426,4.144,90,29.8,254,0,12,00,0,0
1630412987426,4.144,90,29.8,254,0,12,00,0,0
1630412988426,4.144,90,29.8,254,0,12,00,0,0
1630412989426,4.144,90,29.8,254,0,12,00,0,0
1630412990426,4.144,90,29.8,254,0,12,00,0,0
1630412991426,4.144,90,29.8,254,0,12,00,0,0
1630412992426,4.144,90,29.8,254,0,12,00,0,0
1630412993426,4.143,90,29.8,254,0,12,00,0,0
1630412994426,4.143,90,29.8,155,0,12,00,0,0
1630412995426,4.143,90,29.8,254,0,12,00,0,0
1630412996426,4.143,90,29.8,254,0,12,00,0,0
1630412997426,4.143,90,29.8,254,0,12,00,0,0
1630412998426,4.143,90,29.8,254,0,12,00,0,0
1630412999426,4.143,90,29.8,254,0,12,00,0,0
1630413000426,4.143,90,29.8,254,0,12,00,0,0
1630413001426,4.143,90,29.8,254,0,12,00,0,0
1630413002426,4.143,90,29.8,254,0,12,00,0,0
1630413003426,4.143,90,29.8,254,0,12,00,0,0
1630413004426,4.143,90,29.8,254,0,12,00,0,0
1630413005426,4.143,90,29.8,210,0,12,00,0,0
1630413006426,4.143,90,29.8,254,0,12,00,0,0
1630413007426,4.143,90,29.8,254,0,12,00,0,0
1630413008426,4.143,90,29.8,254,0,12,00,0,0
1630413009426,4.143,90,29.8,254,0,12,00,0,0
1630413010426,4.143,90,29.8,254,0,12,00,0,0
1630413011426,4.143,90,29.8,254,0,12,00,0,0
1630413012426,4.143,90,29.8,254,0,12,00,0,0
1630413013426,4.143,90,29.8,254,0,12,00,0,0
1630413014426,4.143,90,29.8,254,0,12,00,0,0
1630413015426,4.143,90,29.8,254,0,12,00,0,0
1630413016426,4.143,90,29.8,254,0,12,00,0,0
1630413017426,4.143,90,29.8,254,0,12,00,0,0
1630413018426,4.143,90,29.8,254,0,12,00,0,0
1630413019426,4.143,90,29.8,254,0,12,00,0,0
1630413020426,4.143,90,29.8,254,0,12,00,0,0
1630413021426,4.143,90,29.8,254,0,12,00,0,0
1630413022426,4.143,90,29.8,254,0,12,00,0,0
1630413023426,4.143,90,29.8,254,0,12,00,0,0
1630413024426,4.143,90,29.8,254,0,12,00,0,0
1630413025426,4.143,90,29.8,254,0,12,00,0,0
1630413026426,4.143,90,29.8,190,0,12,00,0,0
1630413027426,4.143,90,29.8,254,0,12,00,0,0
