timestamp,ax,ay,az
1631019914082,-0.909998,-0.284016,-0.18196299999999999
1631019914092,-0.911218,-0.28468699999999997,-0.18257299999999999
1631019914101,-0.9116449999999999,-0.28468699999999997,-0.183732
1631019914111,-0.912316,-0.28590699999999997,-0.183732
1631019914121,-0.911523,-0.286273,-0.184769
1631019914130,-0.910608,-0.285724,-0.18422
1631019914140,-0.9101199999999999,-0.285175,-0.18422
1631019914149,-0.9098149999999999,-0.285541,-0.18422
1631019914159,-0.9095099999999999,-0.28560199999999997,-0.184159
1631019914169,-0.909632,-0.283894,-0.184281
1631019914178,-0.909571,-0.282735,-0.183
1631019914188,-0.909449,-0.283101,-0.183305
1631019914197,-0.909144,-0.28346699999999997,-0.183915
1631019914207,-0.907253,-0.28304,-0.185562
1631019914217,-0.9067649999999999,-0.283528,-0.187087
1631019914226,-0.906826,-0.28560199999999997,-0.188307
1631019914236,-0.9064599999999999,-0.284138,-0.189771
1631019914245,-0.9101199999999999,-0.28224699999999997,-0.191723
1631019914255,-0.9131699999999999,-0.279929,-0.191906
1631019914265,-0.91622,-0.27633,-0.19086899999999998
1631019914274,-0.918416,-0.272609,-0.18964899999999998
1631019914284,-0.919331,-0.271328,-0.187148
1631019914293,-0.918172,-0.270901,-0.185806
1631019914303,-0.916464,-0.2745,-0.184769
1631019914313,-0.915061,-0.276879,-0.18409799999999998
1631019914322,-0.913719,-0.281271,-0.184159
1631019914332,-0.913048,-0.284138,-0.18440299999999998
1631019914341,-0.912804,-0.286151,-0.18348799999999998
1631019914351,-0.9125599999999999,-0.287493,-0.18348799999999998
1631019914361,-0.912987,-0.288652,-0.182329
1631019914370,-0.912682,-0.288591,-0.182329
1631019914380,-0.910608,-0.288225,-0.181292
1631019914389,-0.909937,-0.287859,-0.180377
1631019914399,-0.908534,-0.288469,-0.17946199999999998
1631019914409,-0.909144,-0.287432,-0.17873
1631019914418,-0.9095099999999999,-0.286151,-0.175924
1631019914428,-0.909571,-0.284138,-0.175131
1631019914437,-0.909449,-0.285785,-0.17360599999999998
1631019914447,-0.912133,-0.287005,-0.173118
1631019914457,-0.9125599999999999,-0.286944,-0.17385
1631019914466,-0.914512,-0.285175,-0.17360599999999998
1631019914476,-0.915915,-0.28224699999999997,-0.17299599999999998
1631019914485,-0.916952,-0.281515,-0.17202
1631019914495,-0.916891,-0.279441,-0.17202
1631019914505,-0.91744,-0.277367,-0.172325
1631019914514,-0.91683,-0.277489,-0.17324
1631019914524,-0.917196,-0.277245,-0.175436
1631019914533,-0.915427,-0.278953,-0.17702199999999998
1631019914543,-0.914695,-0.278221,-0.179035
1631019914553,-0.913719,-0.279441,-0.178974
1631019914562,-0.913231,-0.280966,-0.179218
1631019914572,-0.910913,-0.279502,-0.178974
1631019914581,-0.9125599999999999,-0.279014,-0.179218
1631019914591,-0.912743,-0.28041699999999997,-0.179523
1631019914601,-0.914146,-0.279502,-0.180804
1631019914610,-0.913048,-0.27877,-0.181292
1631019914620,-0.913658,-0.27816,-0.181841
1631019914629,-0.913597,-0.277855,-0.18196299999999999
1631019914639,-0.91439,-0.279685,-0.18257299999999999
1631019914649,-0.913658,-0.27755,-0.183244
1631019914658,-0.912804,-0.278648,-0.18257299999999999
1631019914668,-0.913963,-0.278465,-0.182695
1631019914677,-0.9137799999999999,-0.278282,-0.18318299999999998
1631019914687,-0.913658,-0.27938,-0.18348799999999998
1631019914697,-0.914268,-0.279502,-0.18422
1631019914706,-0.914573,-0.279075,-0.184037
1631019914716,-0.914756,-0.279502,-0.184769
1631019914725,-0.915244,-0.27938,-0.185135
1631019914735,-0.915366,-0.281149,-0.18440299999999998
1631019914745,-0.914573,-0.28194199999999997,-0.184586
1631019914754,-0.914024,-0.281881,-0.185074
1631019914764,-0.912316,-0.282674,-0.185806
1631019914773,-0.910913,-0.283894,-0.186538
1631019914783,-0.910669,-0.285663,-0.18666
1631019914793,-0.9104249999999999,-0.283894,-0.186965
1631019914802,-0.909632,-0.284321,-0.187209
1631019914812,-0.9076799999999999,-0.28621199999999997,-0.18842899999999999
1631019914821,-0.9055449999999999,-0.286822,-0.188368
1631019914831,-0.904447,-0.288408,-0.18971
1631019914841,-0.904569,-0.290482,-0.190198
1631019914850,-0.904874,-0.28975,-0.189466
1631019914860,-0.904508,-0.286578,-0.189405
1631019914869,-0.905606,-0.285419,-0.188246
1631019914879,-0.9070699999999999,-0.284504,-0.186904
1631019914889,-0.909266,-0.282796,-0.188368
1631019914898,-0.9110349999999999,-0.281576,-0.190015
1631019914908,-0.9119499999999999,-0.28255199999999997,-0.188978
1631019914917,-0.9125599999999999,-0.281759,-0.189771
1631019914927,-0.912743,-0.282003,-0.18934399999999998
1631019914937,-0.911462,-0.28163699999999997,-0.188002
1631019914946,-0.9107299999999999,-0.282186,-0.18666
1631019914956,-0.910669,-0.280966,-0.185745
1631019914965,-0.910669,-0.280966,-0.185562
1631019914975,-0.910608,-0.282064,-0.185257
1631019914985,-0.9101199999999999,-0.282613,-0.185257
1631019914994,-0.909693,-0.282918,-0.18531799999999998
1631019915004,-0.909632,-0.28243,-0.185562
1631019915013,-0.910181,-0.283101,-0.185135
1631019915023,-0.9107299999999999,-0.283711,-0.185196
1631019915033,-0.911767,-0.28438199999999997,-0.18422
1631019915042,-0.912072,-0.284504,-0.18409799999999998
1631019915052,-0.911401,-0.28407699999999997,-0.184159
1631019915061,-0.911706,-0.283589,-0.185074
1631019915071,-0.912072,-0.285175,-0.18544
1631019915081,-0.913841,-0.287188,-0.185562
1631019915090,-0.913414,-0.288408,-0.18531799999999998
1631019915100,-0.9128649999999999,-0.287432,-0.184769
1631019915109,-0.912621,-0.285419,-0.18361
1631019915119,-0.912133,-0.283345,-0.182146
1631019915129,-0.912072,-0.284138,-0.182024
1631019915138,-0.9137799999999999,-0.283284,-0.18287799999999999
1631019915148,-0.914024,-0.281393,-0.18287799999999999
1631019915157,-0.914329,-0.28121,-0.182939
1631019915167,-0.915854,-0.28041699999999997,-0.184342
1631019915177,-0.915061,-0.280783,-0.18409799999999998
1631019915186,-0.914207,-0.280234,-0.184891
1631019915196,-0.914146,-0.279868,-0.185379
1631019915205,-0.913048,-0.28072199999999997,-0.185806
1631019915215,-0.912011,-0.28121,-0.184891
1631019915225,-0.912194,-0.282125,-0.186172
1631019915234,-0.910913,-0.282735,-0.187514
1631019915244,-0.909937,-0.282491,-0.187392
1631019915253,-0.910486,-0.282369,-0.187514
1631019915263,-0.910486,-0.28304,-0.188612
1631019915273,-0.910059,-0.28377199999999997,-0.188856
1631019915282,-0.909632,-0.282918,-0.18964899999999998
1631019915292,-0.909998,-0.283406,-0.189771
1631019915301,-0.908717,-0.283345,-0.18995399999999998
1631019915311,-0.907802,-0.284016,-0.19056399999999998
1631019915321,-0.9082899999999999,-0.282186,-0.190381
1631019915330,-0.908839,-0.282491,-0.19093
1631019915340,-0.909388,-0.28285699999999997,-0.191052
1631019915349,-0.909693,-0.28316199999999997,-0.190137
1631019915359,-0.9098149999999999,-0.281576,-0.191601
1631019915369,-0.9095099999999999,-0.282979,-0.191296
1631019915378,-0.908778,-0.283955,-0.191723
1631019915388,-0.907619,-0.28407699999999997,-0.19215
1631019915397,-0.907314,-0.285053,-0.19093
1631019915407,-0.908046,-0.284504,-0.191052
1631019915417,-0.9088999999999999,-0.28590699999999997,-0.192089
1631019915426,-0.909022,-0.285114,-0.191357
1631019915436,-0.909083,-0.283528,-0.192333
1631019915445,-0.908107,-0.284565,-0.192882
1631019915455,-0.907741,-0.287188,-0.193858
1631019915465,-0.9082899999999999,-0.287798,-0.193858
1631019915474,-0.907131,-0.286639,-0.192516
1631019915484,-0.907192,-0.284626,-0.191357
1631019915493,-0.9082899999999999,-0.284016,-0.190503
1631019915503,-0.908717,-0.283101,-0.190442
1631019915513,-0.9110349999999999,-0.28365,-0.19117399999999998
1631019915522,-0.911889,-0.284016,-0.192272
1631019915532,-0.9113399999999999,-0.28560199999999997,-0.192333
1631019915541,-0.911889,-0.28590699999999997,-0.193248
1631019915551,-0.912804,-0.28560199999999997,-0.192394
1631019915561,-0.912987,-0.285114,-0.192699
1631019915570,-0.9119499999999999,-0.285663,-0.19093
1631019915580,-0.9107299999999999,-0.28499199999999997,-0.190686
1631019915589,-0.909876,-0.28468699999999997,-0.189466
1631019915599,-0.909754,-0.28560199999999997,-0.190625
1631019915609,-0.910669,-0.286395,-0.19086899999999998
1631019915618,-0.909144,-0.286639,-0.19117399999999998
1631019915628,-0.9082899999999999,-0.286761,-0.19178399999999998
1631019915637,-0.908778,-0.287127,-0.191662
1631019915647,-0.907558,-0.287798,-0.19178399999999998
1631019915657,-0.907802,-0.287798,-0.191967
1631019915666,-0.9076799999999999,-0.286334,-0.192943
1631019915676,-0.907131,-0.28731,-0.192882
1631019915685,-0.904813,-0.285846,-0.192394
1631019915695,-0.905362,-0.286944,-0.192394
1631019915705,-0.906887,-0.287432,-0.192882
1631019915714,-0.906277,-0.287737,-0.192638
1631019915724,-0.907131,-0.286822,-0.193309
1631019915733,-0.906521,-0.2867,-0.191052
1631019915743,-0.9070699999999999,-0.286944,-0.191906
1631019915753,-0.907863,-0.286334,-0.190198
1631019915762,-0.908961,-0.287371,-0.190442
1631019915772,-0.908839,-0.287371,-0.190503
1631019915781,-0.9085949999999999,-0.286761,-0.190076
1631019915791,-0.9101199999999999,-0.28590699999999997,-0.190076
1631019915801,-0.909693,-0.287493,-0.19032
1631019915810,-0.910852,-0.287676,-0.188795
1631019915820,-0.911462,-0.287432,-0.188185
1631019915829,-0.9122549999999999,-0.287737,-0.188917
1631019915839,-0.911828,-0.286944,-0.188673
1631019915849,-0.911523,-0.286761,-0.18842899999999999
1631019915858,-0.911828,-0.287981,-0.188185
1631019915868,-0.910364,-0.286761,-0.186599
1631019915877,-0.910242,-0.286761,-0.18666
1631019915887,-0.911523,-0.287554,-0.187026
1631019915897,-0.911462,-0.288713,-0.187514
1631019915906,-0.911218,-0.286944,-0.187514
1631019915916,-0.911828,-0.288164,-0.187697
1631019915925,-0.911218,-0.288103,-0.187636
1631019915935,-0.910303,-0.288042,-0.187575
1631019915945,-0.9101199999999999,-0.287737,-0.186477
1631019915954,-0.910913,-0.286639,-0.186904
1631019915964,-0.911401,-0.287005,-0.18727
1631019915973,-0.9107299999999999,-0.288347,-0.187514
1631019915983,-0.911401,-0.288347,-0.187636
1631019915993,-0.911157,-0.287981,-0.187331
1631019916002,-0.9104249999999999,-0.289323,-0.18842899999999999
1631019916012,-0.909388,-0.29036,-0.188673
1631019916021,-0.908046,-0.288225,-0.188185
1631019916031,-0.907619,-0.28975,-0.188978
1631019916041,-0.906948,-0.287737,-0.189466
1631019916050,-0.9076799999999999,-0.287859,-0.190076
1631019916060,-0.9082899999999999,-0.287005,-0.19025899999999998
1631019916069,-0.9070699999999999,-0.285663,-0.19032
1631019916079,-0.9064599999999999,-0.2867,-0.191418
1631019916089,-0.9061549999999999,-0.287859,-0.192638
1631019916098,-0.906094,-0.288957,-0.19147899999999998
1631019916108,-0.905911,-0.289079,-0.191235
1631019916117,-0.905667,-0.287737,-0.189527
1631019916127,-0.9058499999999999,-0.28487,-0.187514
1631019916137,-0.907497,-0.284321,-0.18812399999999999
1631019916146,-0.908961,-0.284809,-0.18964899999999998
1631019916156,-0.910181,-0.284626,-0.19032
1631019916165,-0.911401,-0.285236,-0.19093
1631019916175,-0.912316,-0.284565,-0.191906
1631019916185,-0.912987,-0.28499199999999997,-0.191662
1631019916194,-0.911706,-0.286334,-0.19032
1631019916204,-0.911889,-0.285236,-0.189405
1631019916213,-0.9107299999999999,-0.285846,-0.18964899999999998
1631019916223,-0.911462,-0.285663,-0.189466
1631019916233,-0.9104249999999999,-0.285724,-0.18964899999999998
1631019916242,-0.910791,-0.2867,-0.189466
1631019916252,-0.9101199999999999,-0.28609,-0.19093
1631019916261,-0.909754,-0.28609,-0.19178399999999998
1631019916271,-0.909876,-0.287066,-0.19117399999999998
1631019916281,-0.9101199999999999,-0.28731,-0.19215
1631019916290,-0.9085949999999999,-0.287127,-0.192943
1631019916300,-0.908351,-0.28621199999999997,-0.192089
1631019916309,-0.907436,-0.28621199999999997,-0.193126
1631019916319,-0.906521,-0.2867,-0.19428499999999999
1631019916329,-0.906704,-0.288225,-0.194102
1631019916338,-0.908046,-0.288896,-0.194468
1631019916348,-0.907436,-0.287859,-0.19458999999999999
1631019916357,-0.906704,-0.286822,-0.194163
1631019916367,-0.907192,-0.2867,-0.192638
1631019916377,-0.907802,-0.286639,-0.192394
1631019916386,-0.908717,-0.286395,-0.192028
1631019916396,-0.907863,-0.286151,-0.191723
1631019916405,-0.908107,-0.287249,-0.191296
1631019916415,-0.908229,-0.286761,-0.191296
1631019916425,-0.9082899999999999,-0.288103,-0.19215
1631019916434,-0.907863,-0.288286,-0.19117399999999998
1631019916444,-0.9076799999999999,-0.288896,-0.190198
1631019916453,-0.908107,-0.288652,-0.19025899999999998
1631019916463,-0.908107,-0.289018,-0.190686
1631019916473,-0.908168,-0.29097,-0.190747
1631019916482,-0.907802,-0.290848,-0.190686
1631019916492,-0.907741,-0.291214,-0.190625
1631019916501,-0.9076799999999999,-0.290665,-0.191357
1631019916511,-0.9082899999999999,-0.290421,-0.190808
1631019916521,-0.9082899999999999,-0.290726,-0.189832
1631019916530,-0.907863,-0.290482,-0.189893
1631019916540,-0.907924,-0.289201,-0.18903899999999998
1631019916549,-0.908534,-0.288286,-0.189527
1631019916559,-0.9088999999999999,-0.287981,-0.189405
1631019916569,-0.908961,-0.287066,-0.189893
1631019916578,-0.9088999999999999,-0.286578,-0.18934399999999998
1631019916588,-0.909632,-0.285968,-0.188551
1631019916597,-0.910486,-0.286334,-0.189161
1631019916607,-0.911462,-0.285175,-0.189527
1631019916617,-0.9119499999999999,-0.286334,-0.18995399999999998
1631019916626,-0.911706,-0.285968,-0.189283
1631019916636,-0.911523,-0.285541,-0.188978
1631019916645,-0.9110349999999999,-0.28609,-0.1891
1631019916655,-0.910608,-0.28560199999999997,-0.1891
1631019916665,-0.9110349999999999,-0.284809,-0.189588
1631019916674,-0.9101199999999999,-0.28487,-0.188307
1631019916684,-0.910913,-0.284504,-0.188917
1631019916693,-0.910669,-0.28438199999999997,-0.189283
1631019916703,-0.9101199999999999,-0.284321,-0.18781899999999999
1631019916713,-0.9085949999999999,-0.285724,-0.187758
1631019916722,-0.908717,-0.2867,-0.189771
1631019916732,-0.907741,-0.289018,-0.19086899999999998
1631019916741,-0.9076799999999999,-0.290604,-0.190442
1631019916751,-0.9073749999999999,-0.289872,-0.189527
1631019916761,-0.908717,-0.287737,-0.188795
1631019916770,-0.909449,-0.285541,-0.18842899999999999
1631019916780,-0.911157,-0.28487,-0.188063
1631019916789,-0.912072,-0.285236,-0.189405
1631019916799,-0.913231,-0.28621199999999997,-0.189893
1631019916809,-0.912316,-0.286761,-0.189588
1631019916818,-0.9113399999999999,-0.287371,-0.1891
1631019916828,-0.911279,-0.288042,-0.18873399999999999
1631019916837,-0.910669,-0.287737,-0.18842899999999999
1631019916847,-0.910364,-0.288408,-0.187697
1631019916857,-0.908778,-0.288652,-0.187453
1631019916866,-0.907253,-0.287981,-0.187392
1631019916876,-0.908107,-0.288286,-0.188002
1631019916885,-0.907436,-0.289018,-0.188856
1631019916895,-0.9076799999999999,-0.288652,-0.18903899999999998
1631019916905,-0.9082899999999999,-0.289628,-0.188002
1631019916914,-0.907741,-0.289933,-0.18934399999999998
1631019916924,-0.907558,-0.290726,-0.188795
1631019916933,-0.907436,-0.290299,-0.18842899999999999
1631019916943,-0.908717,-0.29036,-0.18812399999999999
1631019916953,-0.906338,-0.290665,-0.189588
1631019916962,-0.906277,-0.292922,-0.190686
1631019916972,-0.906826,-0.292617,-0.191967
1631019916981,-0.907558,-0.29365399999999997,-0.191235
1631019916991,-0.906826,-0.292312,-0.191052
1631019917001,-0.905728,-0.291153,-0.189466
1631019917010,-0.906826,-0.289384,-0.188795
1631019917020,-0.906826,-0.288896,-0.1891
1631019917029,-0.907741,-0.290421,-0.18903899999999998
1631019917039,-0.908351,-0.290909,-0.189466
1631019917049,-0.909327,-0.29036,-0.189222
1631019917058,-0.909388,-0.291519,-0.190198
1631019917068,-0.9092049999999999,-0.292312,-0.190625
1631019917077,-0.909144,-0.292251,-0.190503
1631019917087,-0.907863,-0.29304399999999997,-0.190137
1631019917097,-0.907619,-0.29365399999999997,-0.189771
1631019917106,-0.907314,-0.294691,-0.190198
1631019917116,-0.9070699999999999,-0.294508,-0.19147899999999998
1631019917125,-0.907314,-0.294935,-0.190808
1631019917135,-0.908229,-0.294386,-0.191052
1631019917145,-0.9082899999999999,-0.295118,-0.19117399999999998
1631019917154,-0.906216,-0.293471,-0.19056399999999998
1631019917164,-0.9055449999999999,-0.293166,-0.18995399999999998
1631019917173,-0.9058499999999999,-0.29456899999999997,-0.190686
1631019917183,-0.906094,-0.29395899999999997,-0.19178399999999998
1631019917193,-0.9058499999999999,-0.29243399999999997,-0.191235
1631019917202,-0.906216,-0.292007,-0.19056399999999998
1631019917212,-0.906826,-0.290726,-0.191357
1631019917221,-0.9070699999999999,-0.29097,-0.191601
1631019917231,-0.907558,-0.290909,-0.19117399999999998
1631019917241,-0.906521,-0.290665,-0.19093
1631019917250,-0.905789,-0.289628,-0.19032
1631019917260,-0.905911,-0.288774,-0.190381
1631019917269,-0.906643,-0.289384,-0.190442
1631019917279,-0.9079849999999999,-0.289079,-0.190503
1631019917289,-0.909449,-0.288347,-0.191296
1631019917298,-0.909632,-0.287188,-0.192272
1631019917308,-0.9095099999999999,-0.288835,-0.192089
1631019917317,-0.909632,-0.28853,-0.192821
1631019917327,-0.909693,-0.289262,-0.193492
1631019917337,-0.908839,-0.288347,-0.19337
1631019917346,-0.908534,-0.287737,-0.192943
1631019917356,-0.9098149999999999,-0.28853,-0.193614
1631019917365,-0.9095099999999999,-0.286944,-0.193492
1631019917375,-0.907253,-0.285236,-0.193309
1631019917385,-0.906582,-0.285968,-0.193187
1631019917394,-0.905911,-0.28731,-0.19458999999999999
1631019917404,-0.9058499999999999,-0.290238,-0.19641999999999998
1631019917413,-0.906643,-0.292312,-0.196969
1631019917423,-0.906643,-0.290238,-0.196054
1631019917433,-0.906338,-0.286944,-0.19458999999999999
1631019917442,-0.908412,-0.28609,-0.19276
1631019917452,-0.909571,-0.285663,-0.192638
1631019917461,-0.910547,-0.285358,-0.193492
1631019917471,-0.910974,-0.2867,-0.194956
1631019917481,-0.911767,-0.287798,-0.194956
1631019917490,-0.912072,-0.289323,-0.195688
1631019917500,-0.9107299999999999,-0.289262,-0.195566
1631019917509,-0.910364,-0.288774,-0.194834
1631019917519,-0.9085949999999999,-0.288896,-0.193248
1631019917529,-0.9070699999999999,-0.288896,-0.193065
1631019917538,-0.906216,-0.28853,-0.192638
1631019917548,-0.905667,-0.289994,-0.192821
1631019917557,-0.9055449999999999,-0.288652,-0.193065
1631019917567,-0.905118,-0.288896,-0.193065
1631019917577,-0.904569,-0.290787,-0.193126
1631019917586,-0.904508,-0.291153,-0.193309
1631019917596,-0.9037149999999999,-0.291946,-0.193614
1631019917605,-0.904264,-0.292617,-0.194224
1631019917615,-0.903837,-0.29517899999999997,-0.194041
1631019917625,-0.903288,-0.295301,-0.194163
1631019917634,-0.903166,-0.295728,-0.194712
1631019917644,-0.903959,-0.297497,-0.195688
1631019917653,-0.9049349999999999,-0.299754,-0.195322
1631019917663,-0.9049349999999999,-0.298839,-0.19550499999999998
1631019917673,-0.903837,-0.29853399999999997,-0.194041
1631019917682,-0.9034099999999999,-0.296887,-0.193248
1631019917692,-0.903471,-0.295301,-0.19215
1631019917701,-0.903532,-0.295362,-0.192394
1631019917711,-0.905179,-0.296277,-0.192943
1631019917721,-0.9061549999999999,-0.296948,-0.192455
1631019917730,-0.906216,-0.29639899999999997,-0.193187
1631019917740,-0.906643,-0.296643,-0.192699
1631019917749,-0.905789,-0.296887,-0.192821
1631019917759,-0.906948,-0.29670399999999997,-0.19117399999999998
1631019917769,-0.9070699999999999,-0.29609399999999997,-0.191357
1631019917778,-0.906582,-0.29548399999999997,-0.191052
1631019917788,-0.9073749999999999,-0.295057,-0.190503
1631019917797,-0.9070699999999999,-0.295423,-0.19056399999999998
1631019917807,-0.907253,-0.29463,-0.18995399999999998
1631019917817,-0.907802,-0.294813,-0.19093
1631019917826,-0.908046,-0.29395899999999997,-0.191296
1631019917836,-0.908046,-0.294508,-0.191235
1631019917845,-0.908656,-0.294447,-0.19032
1631019917855,-0.908656,-0.29341,-0.191601
1631019917865,-0.908412,-0.292251,-0.19086899999999998
1631019917874,-0.908168,-0.291214,-0.190015
1631019917884,-0.908046,-0.290848,-0.19056399999999998
1631019917893,-0.909144,-0.290665,-0.190991
1631019917903,-0.907863,-0.290177,-0.190747
1631019917913,-0.907314,-0.29036,-0.190808
1631019917922,-0.907192,-0.289811,-0.19086899999999998
1631019917932,-0.907741,-0.290482,-0.19032
1631019917941,-0.907619,-0.288713,-0.191418
1631019917951,-0.907863,-0.289201,-0.191906
1631019917961,-0.9070699999999999,-0.289445,-0.192943
1631019917970,-0.908412,-0.289506,-0.19276
1631019917980,-0.9082899999999999,-0.288774,-0.191967
1631019917989,-0.907802,-0.288652,-0.19215
1631019917999,-0.907802,-0.288408,-0.19276
1631019918009,-0.906704,-0.28792,-0.191906
1631019918018,-0.908656,-0.288652,-0.192516
1631019918028,-0.908412,-0.287554,-0.19397999999999999
1631019918037,-0.9079849999999999,-0.287493,-0.193004
1631019918047,-0.906948,-0.287981,-0.194163
1631019918057,-0.905362,-0.289384,-0.194773
1631019918066,-0.904996,-0.290055,-0.19611499999999998
1631019918076,-0.903837,-0.291336,-0.196054
1631019918085,-0.903837,-0.290482,-0.19489499999999998
1631019918095,-0.9027999999999999,-0.28975,-0.193797
1631019918105,-0.904813,-0.288042,-0.19117399999999998
1631019918114,-0.905911,-0.285968,-0.190747
1631019918124,-0.9092049999999999,-0.286822,-0.191296
1631019918133,-0.911462,-0.287249,-0.192028
1631019918143,-0.912621,-0.287127,-0.192028
1631019918153,-0.913841,-0.288164,-0.191235
1631019918162,-0.9122549999999999,-0.288957,-0.191357
1631019918172,-0.9119499999999999,-0.290177,-0.190442
1631019918181,-0.911706,-0.289933,-0.189771
1631019918191,-0.9107299999999999,-0.291153,-0.188917
1631019918201,-0.910669,-0.291458,-0.187758
1631019918210,-0.909266,-0.291031,-0.188063
1631019918220,-0.909754,-0.292556,-0.188063
1631019918229,-0.908168,-0.293593,-0.188612
1631019918239,-0.907802,-0.294325,-0.18781899999999999
1631019918249,-0.906338,-0.294386,-0.18971
1631019918258,-0.905484,-0.29487399999999997,-0.189893
1631019918268,-0.904813,-0.294752,-0.190076
1631019918277,-0.905301,-0.29487399999999997,-0.190686
1631019918287,-0.9055449999999999,-0.294935,-0.190747
1631019918297,-0.904142,-0.29365399999999997,-0.190686
1631019918306,-0.902861,-0.294325,-0.19093
1631019918316,-0.9021899999999999,-0.29639899999999997,-0.191662
1631019918325,-0.9031049999999999,-0.296948,-0.191906
1631019918335,-0.903349,-0.29578899999999997,-0.192211
1631019918345,-0.902983,-0.296277,-0.192821
1631019918354,-0.903532,-0.29426399999999997,-0.191357
1631019918364,-0.904142,-0.293166,-0.190503
1631019918373,-0.905606,-0.293715,-0.19093
1631019918383,-0.906704,-0.294447,-0.19154
1631019918393,-0.908168,-0.29365399999999997,-0.191235
1631019918402,-0.907741,-0.292495,-0.192272
1631019918412,-0.908839,-0.291458,-0.19056399999999998
1631019918421,-0.9095099999999999,-0.291397,-0.190015
1631019918431,-0.909998,-0.28975,-0.188978
1631019918441,-0.909998,-0.289262,-0.188368
1631019918450,-0.908839,-0.289628,-0.187758
1631019918460,-0.910242,-0.289079,-0.187636
1631019918469,-0.910364,-0.290299,-0.188185
1631019918479,-0.909998,-0.289506,-0.187392
1631019918489,-0.909937,-0.289567,-0.186416
1631019918498,-0.909693,-0.289811,-0.185928
1631019918508,-0.910486,-0.292007,-0.185928
1631019918517,-0.911584,-0.293715,-0.18666
1631019918527,-0.9113399999999999,-0.293105,-0.187026
1631019918537,-0.911218,-0.293166,-0.18727
1631019918546,-0.910852,-0.294508,-0.186843
1631019918556,-0.908656,-0.294447,-0.185989
1631019918565,-0.908046,-0.29463,-0.186172
1631019918575,-0.9076799999999999,-0.294752,-0.186233
1631019918585,-0.907802,-0.294508,-0.186782
1631019918594,-0.906582,-0.293837,-0.185989
1631019918604,-0.907741,-0.293105,-0.187514
1631019918613,-0.908351,-0.292312,-0.18781899999999999
1631019918623,-0.908229,-0.29243399999999997,-0.187209
1631019918633,-0.907253,-0.291702,-0.187026
1631019918642,-0.906704,-0.292068,-0.187575
1631019918652,-0.905606,-0.291519,-0.186782
1631019918661,-0.905362,-0.289933,-0.187331
1631019918671,-0.906338,-0.290177,-0.187758
1631019918681,-0.906704,-0.291092,-0.188368
1631019918690,-0.907924,-0.289201,-0.187697
1631019918700,-0.907619,-0.288591,-0.188917
1631019918709,-0.906643,-0.289323,-0.189527
1631019918719,-0.9055449999999999,-0.289933,-0.18995399999999998
1631019918729,-0.905667,-0.291214,-0.190747
1631019918738,-0.905179,-0.292251,-0.189893
1631019918748,-0.905728,-0.290848,-0.188368
1631019918757,-0.906216,-0.287737,-0.187514
1631019918767,-0.908107,-0.285724,-0.18605
1631019918777,-0.909327,-0.28487,-0.185806
1631019918786,-0.911706,-0.284626,-0.18727
1631019918796,-0.913048,-0.285846,-0.189405
1631019918805,-0.914024,-0.28560199999999997,-0.188917
1631019918815,-0.915,-0.285053,-0.188307
1631019918825,-0.915061,-0.285724,-0.18849
1631019918834,-0.914024,-0.285846,-0.187758
1631019918844,-0.912377,-0.28529699999999997,-0.187392
1631019918853,-0.910242,-0.28487,-0.186416
1631019918863,-0.910791,-0.286273,-0.187148
1631019918873,-0.910852,-0.2867,-0.187209
1631019918882,-0.9095099999999999,-0.286639,-0.18781899999999999
1631019918892,-0.909327,-0.287615,-0.188185
1631019918901,-0.9088999999999999,-0.287676,-0.187575
1631019918911,-0.908412,-0.288774,-0.187636
1631019918921,-0.907314,-0.288408,-0.187941
1631019918930,-0.9085949999999999,-0.288713,-0.187758
1631019918940,-0.9088999999999999,-0.290421,-0.187636
1631019918949,-0.907314,-0.289506,-0.187514
1631019918959,-0.905789,-0.289506,-0.188917
1631019918969,-0.906216,-0.291458,-0.190137
1631019918978,-0.906948,-0.29273899999999997,-0.18995399999999998
1631019918988,-0.9067649999999999,-0.29273899999999997,-0.190625
1631019918997,-0.905301,-0.290848,-0.189588
1631019919007,-0.9052399999999999,-0.290116,-0.188673
1631019919017,-0.906094,-0.290238,-0.187453
1631019919026,-0.906399,-0.289994,-0.187392
1631019919036,-0.907924,-0.289811,-0.187331
1631019919045,-0.909449,-0.290482,-0.187758
1631019919055,-0.910242,-0.290238,-0.187453
1631019919065,-0.909693,-0.290421,-0.186721
1631019919074,-0.909632,-0.291824,-0.187148
1631019919084,-0.910364,-0.29097,-0.186416
1631019919093,-0.910181,-0.29036,-0.18544
1631019919103,-0.909937,-0.291702,-0.185562
1631019919113,-0.910242,-0.292922,-0.185257
1631019919122,-0.909693,-0.29273899999999997,-0.185257
1631019919132,-0.9104249999999999,-0.292251,-0.184952
1631019919141,-0.909632,-0.293105,-0.186721
1631019919151,-0.910242,-0.293837,-0.18470799999999998
1631019919161,-0.9101199999999999,-0.292922,-0.18544
1631019919170,-0.909632,-0.29219,-0.186721
1631019919180,-0.909327,-0.292861,-0.185745
1631019919189,-0.908351,-0.292922,-0.185745
1631019919199,-0.907802,-0.29365399999999997,-0.185745
1631019919209,-0.907863,-0.292007,-0.186355
1631019919218,-0.908046,-0.291336,-0.185928
1631019919228,-0.908778,-0.291946,-0.18666
1631019919237,-0.909449,-0.291092,-0.185989
1631019919247,-0.909632,-0.289018,-0.186355
1631019919257,-0.909754,-0.289262,-0.186843
1631019919266,-0.9110349999999999,-0.289933,-0.187087
1631019919276,-0.910974,-0.291214,-0.18666
1631019919285,-0.910059,-0.291153,-0.186965
1631019919295,-0.909083,-0.291519,-0.186904
1631019919305,-0.908473,-0.291397,-0.186843
1631019919314,-0.905972,-0.291214,-0.187392
1631019919324,-0.9067649999999999,-0.29036,-0.18812399999999999
1631019919333,-0.906277,-0.290299,-0.18781899999999999
1631019919343,-0.905972,-0.290482,-0.18727
1631019919353,-0.903959,-0.291824,-0.188795
1631019919362,-0.903349,-0.291824,-0.19056399999999998
1631019919372,-0.903166,-0.29395899999999997,-0.190442
1631019919381,-0.903959,-0.29585,-0.191235
1631019919391,-0.905301,-0.295057,-0.190137
1631019919401,-0.905789,-0.292251,-0.189222
1631019919410,-0.907131,-0.29097,-0.189466
1631019919420,-0.909144,-0.290909,-0.189283
1631019919429,-0.910364,-0.290116,-0.18903899999999998
1631019919439,-0.911523,-0.289811,-0.190198
1631019919449,-0.911706,-0.290421,-0.190503
1631019919458,-0.911279,-0.290482,-0.19025899999999998
1631019919468,-0.910486,-0.291092,-0.189771
1631019919477,-0.9095099999999999,-0.290543,-0.188856
1631019919487,-0.908229,-0.290726,-0.187575
1631019919497,-0.907558,-0.29212899999999997,-0.188246
1631019919506,-0.907009,-0.292068,-0.187758
1631019919516,-0.907558,-0.291275,-0.187697
1631019919525,-0.906826,-0.29219,-0.188185
1631019919535,-0.907314,-0.293288,-0.188551
1631019919545,-0.9076799999999999,-0.29426399999999997,-0.189405
1631019919554,-0.907924,-0.29341,-0.188917
1631019919564,-0.908107,-0.29456899999999997,-0.18849
1631019919573,-0.9085949999999999,-0.294508,-0.18842899999999999
1631019919583,-0.908107,-0.293776,-0.188551
1631019919593,-0.907131,-0.294447,-0.189222
1631019919602,-0.906643,-0.296033,-0.189588
1631019919612,-0.9058499999999999,-0.295606,-0.189405
1631019919621,-0.905667,-0.29609399999999997,-0.18964899999999998
1631019919631,-0.905606,-0.294813,-0.18964899999999998
1631019919641,-0.9049349999999999,-0.293105,-0.187514
1631019919650,-0.904874,-0.291763,-0.187575
1631019919660,-0.904691,-0.29219,-0.18788
1631019919669,-0.905362,-0.29273899999999997,-0.187941
1631019919679,-0.906033,-0.292983,-0.187697
1631019919689,-0.905667,-0.29341,-0.188063
1631019919698,-0.905911,-0.294142,-0.187636
1631019919708,-0.9064599999999999,-0.294508,-0.18842899999999999
1631019919717,-0.907314,-0.295606,-0.188246
1631019919727,-0.9076799999999999,-0.294935,-0.18842899999999999
1631019919737,-0.907314,-0.296765,-0.188246
1631019919746,-0.9058499999999999,-0.29761899999999997,-0.188246
1631019919756,-0.9058499999999999,-0.297131,-0.18842899999999999
1631019919765,-0.906277,-0.29707,-0.187941
1631019919775,-0.905423,-0.296765,-0.18812399999999999
1631019919785,-0.9064599999999999,-0.296155,-0.188063
1631019919794,-0.907253,-0.29463,-0.188246
1631019919804,-0.908046,-0.295057,-0.18781899999999999
1631019919813,-0.9092049999999999,-0.293166,-0.187148
1631019919823,-0.909449,-0.291641,-0.186416
1631019919833,-0.909632,-0.292678,-0.186904
1631019919842,-0.908717,-0.291519,-0.186904
1631019919852,-0.907924,-0.290848,-0.187087
1631019919861,-0.908412,-0.291824,-0.187636
1631019919871,-0.908961,-0.292312,-0.188307
1631019919881,-0.9076799999999999,-0.292373,-0.188246
1631019919890,-0.9092049999999999,-0.293166,-0.188185
1631019919900,-0.909632,-0.2928,-0.18842899999999999
1631019919909,-0.908656,-0.294203,-0.189161
1631019919919,-0.9076799999999999,-0.29524,-0.18934399999999998
1631019919929,-0.906948,-0.295667,-0.190015
1631019919938,-0.9070699999999999,-0.294752,-0.190381
1631019919948,-0.907009,-0.294935,-0.190686
1631019919957,-0.907009,-0.295423,-0.19117399999999998
1631019919967,-0.906399,-0.29395899999999997,-0.190747
1631019919977,-0.9061549999999999,-0.292983,-0.191052
1631019919986,-0.906643,-0.294447,-0.192089
1631019919996,-0.907192,-0.293715,-0.193614
1631019920005,-0.9055449999999999,-0.29365399999999997,-0.195139
1631019920015,-0.9043249999999999,-0.293837,-0.196603
1631019920025,-0.902739,-0.294996,-0.195688
1631019920034,-0.9006649999999999,-0.293288,-0.19428499999999999
1631019920044,-0.900177,-0.288896,-0.19154
1631019920053,-0.9018849999999999,-0.287554,-0.190686
1631019920063,-0.903593,-0.287676,-0.189588
1631019920073,-0.905911,-0.287432,-0.191052
1631019920082,-0.908229,-0.288408,-0.191845
1631019920092,-0.9095099999999999,-0.289994,-0.192089
1631019920101,-0.910486,-0.291519,-0.191723
1631019920111,-0.910669,-0.293288,-0.190686
1631019920121,-0.9107299999999999,-0.294142,-0.190381
1631019920130,-0.909693,-0.294386,-0.188795
1631019920140,-0.9082899999999999,-0.29700899999999997,-0.187392
1631019920149,-0.907558,-0.297192,-0.185501
1631019920159,-0.9064599999999999,-0.297802,-0.18562299999999998
1631019920169,-0.905728,-0.298473,-0.185745
1631019920178,-0.904508,-0.299571,-0.184647
1631019920188,-0.904142,-0.300669,-0.184586
1631019920197,-0.905301,-0.30195,-0.184037
1631019920207,-0.906094,-0.302377,-0.183915
1631019920217,-0.905972,-0.302133,-0.183549
1631019920226,-0.9076799999999999,-0.301218,-0.18379299999999998
1631019920236,-0.906582,-0.301035,-0.184342
1631019920245,-0.905484,-0.302499,-0.185196
1631019920255,-0.906826,-0.303292,-0.185684
1631019920265,-0.9076799999999999,-0.302987,-0.186355
1631019920274,-0.905179,-0.301157,-0.185989
1631019920284,-0.903898,-0.299327,-0.18409799999999998
1631019920293,-0.902922,-0.298046,-0.182695
1631019920303,-0.903532,-0.297192,-0.182329
1631019920313,-0.9052399999999999,-0.295972,-0.182634
1631019920322,-0.9067649999999999,-0.29548399999999997,-0.18287799999999999
1631019920332,-0.909754,-0.293593,-0.182817
1631019920341,-0.910608,-0.293166,-0.183366
1631019920351,-0.911462,-0.293593,-0.184647
1631019920361,-0.912194,-0.293105,-0.183061
1631019920370,-0.911706,-0.29243399999999997,-0.182695
1631019920380,-0.911096,-0.292251,-0.181902
1631019920389,-0.909998,-0.29463,-0.181231
1631019920399,-0.908778,-0.29365399999999997,-0.180926
1631019920409,-0.9082899999999999,-0.29578899999999997,-0.181902
1631019920418,-0.907802,-0.29646,-0.182329
1631019920428,-0.9076799999999999,-0.297192,-0.182756
1631019920437,-0.907314,-0.297802,-0.182756
1631019920447,-0.9067649999999999,-0.29670399999999997,-0.182817
1631019920457,-0.9067649999999999,-0.297558,-0.18348799999999998
1631019920466,-0.9058499999999999,-0.29853399999999997,-0.182756
1631019920476,-0.906521,-0.298168,-0.183122
1631019920485,-0.906094,-0.297436,-0.18287799999999999
1631019920495,-0.906521,-0.298046,-0.182024
1631019920505,-0.906399,-0.297131,-0.181902
1631019920514,-0.906948,-0.297192,-0.181597
1631019920524,-0.907802,-0.29700899999999997,-0.181536
1631019920533,-0.907802,-0.297741,-0.181902
1631019920543,-0.907802,-0.29822899999999997,-0.182817
1631019920553,-0.9073749999999999,-0.298412,-0.182451
1631019920562,-0.9073749999999999,-0.299388,-0.183244
1631019920572,-0.906277,-0.299144,-0.18470799999999998
1631019920581,-0.9058499999999999,-0.299449,-0.183854
1631019920591,-0.905911,-0.299388,-0.184769
1631019920601,-0.9064599999999999,-0.300303,-0.18422
1631019920610,-0.906216,-0.299022,-0.18501299999999998
1631019920620,-0.906338,-0.30012,-0.186416
1631019920629,-0.904691,-0.299815,-0.18812399999999999
1631019920639,-0.9049349999999999,-0.300547,-0.188978
1631019920649,-0.904264,-0.301767,-0.189222
1631019920658,-0.903959,-0.302987,-0.189527
1631019920668,-0.902556,-0.300486,-0.188063
1631019920677,-0.9015799999999999,-0.298778,-0.186416
1631019920687,-0.9037149999999999,-0.296277,-0.185928
1631019920697,-0.905484,-0.296338,-0.18666
1631019920706,-0.9070699999999999,-0.29639899999999997,-0.18812399999999999
1631019920716,-0.9088999999999999,-0.29609399999999997,-0.18873399999999999
1631019920725,-0.909388,-0.296216,-0.1891
1631019920735,-0.908778,-0.296582,-0.189527
1631019920745,-0.9085949999999999,-0.296826,-0.188795
1631019920754,-0.9082899999999999,-0.29670399999999997,-0.187087
1631019920764,-0.9082899999999999,-0.295606,-0.187392
1631019920773,-0.907924,-0.296765,-0.187087
1631019920783,-0.908168,-0.297192,-0.187453
1631019920793,-0.9070699999999999,-0.29853399999999997,-0.186904
1631019920802,-0.906887,-0.297253,-0.186477
1631019920812,-0.906521,-0.297985,-0.187148
1631019920821,-0.9067649999999999,-0.298168,-0.188856
1631019920831,-0.905362,-0.298168,-0.188307
1631019920841,-0.904874,-0.29792399999999997,-0.188246
1631019920850,-0.905118,-0.298168,-0.188856
1631019920860,-0.904386,-0.298168,-0.188673
1631019920869,-0.902922,-0.297253,-0.188856
1631019920879,-0.902922,-0.297741,-0.189405
1631019920889,-0.9037149999999999,-0.29853399999999997,-0.1891
1631019920898,-0.903227,-0.299388,-0.189832
1631019920908,-0.902983,-0.298473,-0.189588
1631019920917,-0.903288,-0.29829,-0.18964899999999998
1631019920927,-0.902373,-0.298046,-0.188368
1631019920937,-0.9031049999999999,-0.2989,-0.18788
1631019920946,-0.904508,-0.299571,-0.18781899999999999
1631019920956,-0.905118,-0.29951,-0.18873399999999999
1631019920965,-0.905362,-0.299144,-0.188612
1631019920975,-0.906399,-0.299327,-0.188673
1631019920985,-0.907131,-0.299998,-0.189222
1631019920994,-0.906826,-0.300059,-0.188368
1631019921004,-0.907253,-0.299876,-0.187697
1631019921013,-0.907863,-0.298961,-0.18812399999999999
1631019921023,-0.9076799999999999,-0.298107,-0.187148
1631019921033,-0.907009,-0.298168,-0.187758
1631019921042,-0.906704,-0.29731399999999997,-0.187026
1631019921052,-0.905789,-0.296948,-0.187636
1631019921061,-0.905484,-0.297192,-0.188063
1631019921071,-0.9055449999999999,-0.296277,-0.188063
1631019921081,-0.905972,-0.29670399999999997,-0.188307
1631019921090,-0.906887,-0.29609399999999997,-0.18873399999999999
1631019921100,-0.907192,-0.296521,-0.18873399999999999
1631019921109,-0.907436,-0.29646,-0.18849
1631019921119,-0.906948,-0.29670399999999997,-0.18873399999999999
1631019921129,-0.907497,-0.29670399999999997,-0.187636
1631019921138,-0.9067649999999999,-0.296216,-0.187697
1631019921148,-0.906826,-0.29670399999999997,-0.187026
1631019921157,-0.907314,-0.296277,-0.187148
1631019921167,-0.907619,-0.296155,-0.187392
1631019921177,-0.908534,-0.296277,-0.187331
1631019921186,-0.9088999999999999,-0.296765,-0.18666
1631019921196,-0.9073749999999999,-0.298107,-0.187636
1631019921205,-0.9064599999999999,-0.29768,-0.187026
1631019921215,-0.9067649999999999,-0.299144,-0.18605
1631019921225,-0.907558,-0.298107,-0.186782
1631019921234,-0.908046,-0.297985,-0.187941
1631019921244,-0.906277,-0.298351,-0.187148
1631019921253,-0.9043249999999999,-0.299022,-0.18849
1631019921263,-0.903532,-0.300303,-0.188795
1631019921273,-0.903593,-0.301889,-0.190442
1631019921282,-0.902434,-0.30134,-0.1891
1631019921292,-0.899994,-0.300547,-0.187636
1631019921301,-0.900726,-0.298351,-0.186904
1631019921311,-0.901519,-0.296765,-0.185989
1631019921321,-0.903288,-0.29639899999999997,-0.185928
1631019921330,-0.905423,-0.295911,-0.186843
1631019921340,-0.908961,-0.29585,-0.188307
1631019921349,-0.908534,-0.297192,-0.189771
1631019921359,-0.908656,-0.29731399999999997,-0.18873399999999999
1631019921369,-0.908839,-0.298107,-0.1891
1631019921378,-0.907863,-0.29792399999999997,-0.18903899999999998
1631019921388,-0.908229,-0.298839,-0.187148
1631019921397,-0.9076799999999999,-0.29853399999999997,-0.186355
1631019921407,-0.9076799999999999,-0.299998,-0.186904
1631019921417,-0.906094,-0.299388,-0.187636
1631019921426,-0.9055449999999999,-0.299205,-0.187514
1631019921436,-0.904874,-0.299144,-0.187453
1631019921445,-0.904813,-0.298595,-0.188063
1631019921455,-0.904447,-0.298778,-0.188246
1631019921465,-0.903593,-0.29731399999999997,-0.187148
1631019921474,-0.903776,-0.297192,-0.186782
1631019921484,-0.9049349999999999,-0.29609399999999997,-0.186904
1631019921493,-0.905179,-0.295728,-0.188612
1631019921503,-0.905057,-0.296948,-0.189222
1631019921513,-0.906277,-0.296826,-0.189222
1631019921522,-0.905728,-0.298473,-0.18964899999999998
1631019921532,-0.906338,-0.2989,-0.189283
1631019921541,-0.906033,-0.299266,-0.188978
1631019921551,-0.905911,-0.29792399999999997,-0.188551
1631019921561,-0.905057,-0.298168,-0.18873399999999999
1631019921570,-0.905728,-0.298656,-0.18873399999999999
1631019921580,-0.905667,-0.299998,-0.188978
1631019921589,-0.906826,-0.29951,-0.1891
1631019921599,-0.906277,-0.299144,-0.18903899999999998
1631019921609,-0.906521,-0.298168,-0.188673
1631019921618,-0.906948,-0.298412,-0.187941
1631019921628,-0.907436,-0.29731399999999997,-0.18727
1631019921637,-0.908656,-0.297741,-0.187026
1631019921647,-0.908229,-0.29700899999999997,-0.187453
1631019921657,-0.9076799999999999,-0.29853399999999997,-0.186599
1631019921666,-0.907497,-0.298717,-0.187087
1631019921676,-0.905728,-0.300242,-0.187575
1631019921685,-0.904752,-0.300608,-0.188307
1631019921695,-0.904142,-0.302499,-0.188185
1631019921705,-0.903532,-0.302682,-0.188368
1631019921714,-0.902983,-0.303109,-0.188246
1631019921724,-0.903288,-0.304024,-0.18842899999999999
1631019921733,-0.903959,-0.302682,-0.18788
1631019921743,-0.904142,-0.301157,-0.18812399999999999
1631019921753,-0.904386,-0.299266,-0.188002
1631019921762,-0.9049349999999999,-0.299632,-0.187392
1631019921772,-0.905484,-0.300486,-0.187758
1631019921781,-0.905057,-0.299693,-0.187514
1631019921791,-0.906094,-0.299876,-0.187148
1631019921801,-0.905362,-0.300486,-0.187392
1631019921810,-0.905484,-0.300974,-0.18873399999999999
1631019921820,-0.905789,-0.30195,-0.188612
1631019921829,-0.903532,-0.302011,-0.188307
1631019921839,-0.904264,-0.300913,-0.189283
1631019921849,-0.903898,-0.300852,-0.188795
1631019921858,-0.903471,-0.30012,-0.187636
1631019921868,-0.902922,-0.301401,-0.187758
1631019921877,-0.901519,-0.30256,-0.18849
1631019921887,-0.900909,-0.303353,-0.190015
1631019921897,-0.901092,-0.304512,-0.18934399999999998
1631019921906,-0.902983,-0.306464,-0.18995399999999998
1631019921916,-0.9046299999999999,-0.30317,-0.187697
1631019921925,-0.905179,-0.30012,-0.187514
1631019921935,-0.9070699999999999,-0.298717,-0.186599
1631019921945,-0.907924,-0.2989,-0.18781899999999999
1631019921954,-0.907253,-0.298839,-0.188368
1631019921964,-0.908534,-0.300059,-0.188856
1631019921973,-0.909449,-0.301279,-0.189161
1631019921983,-0.909754,-0.302926,-0.18849
1631019921993,-0.908473,-0.303109,-0.187575
1631019922002,-0.906643,-0.303109,-0.187331
1631019922012,-0.904508,-0.302255,-0.185379
1631019922021,-0.9040199999999999,-0.303414,-0.18562299999999998
1631019922031,-0.9034099999999999,-0.303109,-0.186599
1631019922041,-0.9034099999999999,-0.302865,-0.185379
1631019922050,-0.902373,-0.303902,-0.185684
1631019922060,-0.903532,-0.30414599999999997,-0.185867
1631019922069,-0.903166,-0.30378,-0.185867
1631019922079,-0.903959,-0.304817,-0.18666
1631019922089,-0.903776,-0.30567099999999997,-0.186416
1631019922098,-0.904142,-0.306464,-0.18666
1631019922108,-0.9018849999999999,-0.305854,-0.188063
1631019922117,-0.901763,-0.306769,-0.1891
1631019922127,-0.9018849999999999,-0.30963599999999997,-0.188185
1631019922137,-0.9021899999999999,-0.309575,-0.18849
1631019922146,-0.902617,-0.30750099999999997,-0.1891
1631019922156,-0.901214,-0.305427,-0.187392
1631019922165,-0.902007,-0.303231,-0.187087
1631019922175,-0.901946,-0.302865,-0.187209
1631019922185,-0.9027999999999999,-0.303231,-0.186721
1631019922194,-0.904386,-0.303536,-0.188063
1631019922204,-0.904569,-0.303475,-0.187758
1631019922213,-0.9049349999999999,-0.302377,-0.188612
1631019922223,-0.9055449999999999,-0.302682,-0.188795
1631019922233,-0.905484,-0.304024,-0.18934399999999998
1631019922242,-0.905057,-0.303597,-0.18873399999999999
1631019922252,-0.904203,-0.303414,-0.188856
1631019922261,-0.903532,-0.303536,-0.188551
1631019922271,-0.903654,-0.30414599999999997,-0.18934399999999998
1631019922281,-0.903776,-0.302865,-0.190076
1631019922290,-0.904264,-0.301828,-0.190686
1631019922300,-0.904142,-0.300425,-0.19025899999999998
1631019922309,-0.9034099999999999,-0.300364,-0.191113
1631019922319,-0.9040199999999999,-0.300242,-0.192333
1631019922329,-0.9040199999999999,-0.299022,-0.19215
1631019922338,-0.903044,-0.29731399999999997,-0.191723
1631019922348,-0.903044,-0.297863,-0.19154
1631019922357,-0.903166,-0.297497,-0.191906
1631019922367,-0.904874,-0.297192,-0.191418
1631019922377,-0.904569,-0.297741,-0.192272
1631019922386,-0.9049349999999999,-0.29853399999999997,-0.192455
1631019922396,-0.905179,-0.298656,-0.192028
1631019922405,-0.904386,-0.29853399999999997,-0.192211
1631019922415,-0.905118,-0.298595,-0.191906
1631019922425,-0.904691,-0.300425,-0.19215
1631019922434,-0.904752,-0.300486,-0.192272
1631019922444,-0.904569,-0.299876,-0.191967
1631019922453,-0.904386,-0.300608,-0.191235
1631019922463,-0.904569,-0.300608,-0.191662
1631019922473,-0.9040199999999999,-0.300486,-0.191296
1631019922482,-0.901946,-0.300608,-0.190747
1631019922492,-0.901824,-0.301279,-0.190076
1631019922501,-0.900543,-0.303231,-0.191418
1631019922511,-0.901336,-0.305488,-0.19337
1631019922521,-0.9015799999999999,-0.306647,-0.192455
1631019922530,-0.9009699999999999,-0.30597599999999997,-0.19117399999999998
1631019922540,-0.902312,-0.303536,-0.189588
1631019922549,-0.903898,-0.301523,-0.18873399999999999
1631019922559,-0.905362,-0.302377,-0.188978
1631019922569,-0.905972,-0.302011,-0.18995399999999998
1631019922578,-0.906948,-0.302682,-0.19117399999999998
1631019922588,-0.907314,-0.303658,-0.19093
1631019922597,-0.9070699999999999,-0.304695,-0.19147899999999998
1631019922607,-0.906338,-0.30439,-0.19117399999999998
1631019922617,-0.904874,-0.304573,-0.189588
1631019922626,-0.903654,-0.30317,-0.189222
1631019922636,-0.904142,-0.302499,-0.188795
1631019922645,-0.903227,-0.302316,-0.188673
1631019922655,-0.9034099999999999,-0.302133,-0.189466
1631019922665,-0.9027999999999999,-0.302377,-0.1891
1631019922674,-0.902739,-0.302255,-0.188856
1631019922684,-0.904386,-0.303475,-0.19056399999999998
1631019922693,-0.9040199999999999,-0.30317,-0.19056399999999998
1631019922703,-0.904203,-0.302621,-0.190381
1631019922713,-0.9037149999999999,-0.301279,-0.190198
1631019922722,-0.902983,-0.301279,-0.19056399999999998
1631019922732,-0.9027999999999999,-0.301645,-0.19147899999999998
1631019922741,-0.903166,-0.302255,-0.191052
1631019922751,-0.904508,-0.302316,-0.191418
1631019922761,-0.904813,-0.302133,-0.191967
1631019922770,-0.903532,-0.301279,-0.191296
1631019922780,-0.903532,-0.299815,-0.189222
1631019922789,-0.903471,-0.299266,-0.188612
1631019922799,-0.902251,-0.299449,-0.18903899999999998
1631019922809,-0.902861,-0.300242,-0.188856
1631019922818,-0.903593,-0.299876,-0.188978
1631019922828,-0.905362,-0.299022,-0.188612
1631019922837,-0.906216,-0.298778,-0.18849
1631019922847,-0.907314,-0.298046,-0.187941
1631019922857,-0.907802,-0.29768,-0.186355
1631019922866,-0.9088999999999999,-0.29731399999999997,-0.186294
1631019922876,-0.908534,-0.29731399999999997,-0.18544
1631019922885,-0.9082899999999999,-0.29768,-0.185562
1631019922895,-0.908473,-0.2989,-0.18483
1631019922905,-0.907497,-0.29822899999999997,-0.18483
1631019922914,-0.907558,-0.299388,-0.18562299999999998
1631019922924,-0.907436,-0.301401,-0.186111
1631019922933,-0.907009,-0.300547,-0.186782
1631019922943,-0.907192,-0.301767,-0.186965
1631019922953,-0.905972,-0.301828,-0.187026
1631019922962,-0.905118,-0.30195,-0.187514
1631019922972,-0.905423,-0.302316,-0.187392
1631019922981,-0.904447,-0.302072,-0.18666
1631019922991,-0.904813,-0.301279,-0.187026
1631019923001,-0.904996,-0.301706,-0.188185
1631019923010,-0.904508,-0.301584,-0.18781899999999999
1631019923020,-0.905667,-0.302804,-0.188307
1631019923029,-0.9040199999999999,-0.301035,-0.188612
1631019923039,-0.904142,-0.302682,-0.189466
1631019923049,-0.904508,-0.302804,-0.18964899999999998
1631019923058,-0.9034099999999999,-0.301767,-0.189832
1631019923068,-0.903471,-0.300791,-0.190686
1631019923077,-0.903654,-0.301096,-0.191113
1631019923087,-0.9040199999999999,-0.30073,-0.191357
1631019923097,-0.903166,-0.300547,-0.19056399999999998
1631019923106,-0.9012749999999999,-0.301523,-0.19093
1631019923116,-0.9006649999999999,-0.302194,-0.191296
1631019923125,-0.900909,-0.302804,-0.19276
1631019923135,-0.901763,-0.30414599999999997,-0.192394
1631019923145,-0.902983,-0.302743,-0.19178399999999998
1631019923154,-0.902007,-0.300547,-0.19056399999999998
1631019923164,-0.903227,-0.29822899999999997,-0.188612
1631019923173,-0.903471,-0.299144,-0.189283
1631019923183,-0.9043249999999999,-0.299327,-0.189161
1631019923193,-0.906094,-0.300791,-0.19025899999999998
1631019923202,-0.905911,-0.300242,-0.190503
1631019923212,-0.907741,-0.30073,-0.191296
1631019923221,-0.908412,-0.300852,-0.191113
1631019923231,-0.908473,-0.299754,-0.190442
1631019923241,-0.9076799999999999,-0.299388,-0.188368
1631019923250,-0.907741,-0.299815,-0.187331
1631019923260,-0.907314,-0.300852,-0.18788
1631019923269,-0.906582,-0.301706,-0.188185
1631019923279,-0.9058499999999999,-0.301828,-0.188368
1631019923289,-0.905606,-0.300974,-0.1891
1631019923298,-0.906033,-0.301523,-0.18903899999999998
1631019923308,-0.905972,-0.300852,-0.189771
1631019923317,-0.905667,-0.301035,-0.19032
1631019923327,-0.904142,-0.300913,-0.18995399999999998
1631019923337,-0.9027999999999999,-0.302194,-0.19025899999999998
1631019923346,-0.901519,-0.300791,-0.19056399999999998
1631019923356,-0.900177,-0.300974,-0.191113
1631019923365,-0.900421,-0.302133,-0.191418
1631019923375,-0.901153,-0.302743,-0.191723
1631019923385,-0.901763,-0.301889,-0.192028
1631019923394,-0.900726,-0.300181,-0.191601
1631019923404,-0.900909,-0.29951,-0.190381
1631019923413,-0.901641,-0.298595,-0.18964899999999998
1631019923423,-0.902739,-0.297741,-0.189588
1631019923433,-0.904813,-0.299266,-0.190381
1631019923442,-0.907192,-0.300913,-0.190686
1631019923452,-0.907436,-0.301523,-0.190991
1631019923461,-0.908473,-0.301279,-0.191235
1631019923471,-0.908229,-0.302133,-0.191906
1631019923481,-0.9055449999999999,-0.303353,-0.191418
1631019923490,-0.904203,-0.303658,-0.190198
1631019923500,-0.9027999999999999,-0.304268,-0.190625
1631019923509,-0.902983,-0.303414,-0.190686
1631019923519,-0.902983,-0.302804,-0.190442
1631019923529,-0.904142,-0.302133,-0.190442
1631019923538,-0.904569,-0.301401,-0.190198
1631019923548,-0.904691,-0.301035,-0.189771
1631019923557,-0.9055449999999999,-0.299876,-0.189222
1631019923567,-0.905301,-0.299998,-0.188917
1631019923577,-0.904264,-0.298839,-0.189161
1631019923586,-0.905179,-0.299632,-0.18849
1631019923596,-0.905728,-0.299876,-0.18849
1631019923605,-0.906094,-0.300364,-0.188551
1631019923615,-0.905911,-0.300852,-0.188551
1631019923625,-0.905423,-0.300303,-0.188246
1631019923634,-0.905301,-0.301645,-0.188795
1631019923644,-0.905667,-0.302072,-0.18903899999999998
1631019923653,-0.904996,-0.302194,-0.18812399999999999
1631019923663,-0.904813,-0.302621,-0.188978
1631019923673,-0.904264,-0.302987,-0.188856
1631019923682,-0.9031049999999999,-0.30134,-0.188612
1631019923692,-0.9046299999999999,-0.301096,-0.18842899999999999
1631019923701,-0.905118,-0.299754,-0.18849
1631019923711,-0.905728,-0.300181,-0.18873399999999999
1631019923721,-0.904752,-0.299693,-0.18849
1631019923730,-0.903288,-0.298351,-0.189222
1631019923740,-0.903044,-0.298961,-0.190076
1631019923749,-0.904264,-0.301584,-0.19117399999999998
1631019923759,-0.904081,-0.301523,-0.191418
1631019923769,-0.902861,-0.299449,-0.189588
1631019923778,-0.9018849999999999,-0.298839,-0.18842899999999999
1631019923788,-0.902861,-0.298717,-0.186904
1631019923797,-0.904081,-0.299327,-0.188612
1631019923807,-0.905362,-0.299632,-0.189222
1631019923817,-0.906643,-0.299815,-0.190198
1631019923826,-0.908656,-0.300364,-0.19093
1631019923836,-0.908778,-0.301462,-0.190503
1631019923845,-0.909022,-0.30195,-0.190747
1631019923855,-0.909022,-0.302072,-0.188673
1631019923865,-0.908473,-0.300669,-0.187514
1631019923874,-0.906033,-0.300669,-0.18812399999999999
1631019923884,-0.906094,-0.301584,-0.18812399999999999
1631019923893,-0.906033,-0.302194,-0.188551
1631019923903,-0.904752,-0.301523,-0.18788
1631019923913,-0.903959,-0.302255,-0.18842899999999999
1631019923922,-0.903593,-0.302255,-0.188856
1631019923932,-0.903654,-0.302316,-0.189405
1631019923941,-0.902007,-0.30378,-0.18934399999999998
1631019923951,-0.902434,-0.303658,-0.188917
1631019923961,-0.9027999999999999,-0.303597,-0.188917
1631019923970,-0.9018849999999999,-0.30414599999999997,-0.188978
1631019923980,-0.901214,-0.305244,-0.189893
1631019923989,-0.902251,-0.306769,-0.19032
1631019923999,-0.9027999999999999,-0.30744,-0.190686
1631019924009,-0.901092,-0.30622,-0.189161
1631019924018,-0.900604,-0.305,-0.188673
1631019924028,-0.9015799999999999,-0.305183,-0.18788
1631019924037,-0.901946,-0.305122,-0.187026
1631019924047,-0.902861,-0.304634,-0.187453
1631019924057,-0.903349,-0.303963,-0.188673
1631019924066,-0.903898,-0.303719,-0.18873399999999999
1631019924076,-0.903654,-0.303719,-0.18781899999999999
1631019924085,-0.905057,-0.302987,-0.18727
1631019924095,-0.904813,-0.30378,-0.187453
1631019924105,-0.9052399999999999,-0.304512,-0.186599
1631019924114,-0.9052399999999999,-0.303597,-0.186843
1631019924124,-0.905484,-0.303475,-0.186538
1631019924133,-0.906033,-0.303292,-0.187453
1631019924143,-0.905118,-0.30256,-0.186538
1631019924153,-0.9052399999999999,-0.303109,-0.185867
1631019924162,-0.906704,-0.303902,-0.187026
1631019924172,-0.906216,-0.303292,-0.187026
1631019924181,-0.905972,-0.301584,-0.186782
1631019924191,-0.905484,-0.30012,-0.186233
1631019924201,-0.9064599999999999,-0.300242,-0.186416
1631019924210,-0.905972,-0.300608,-0.187148
1631019924220,-0.904996,-0.299449,-0.186477
1631019924229,-0.9052399999999999,-0.29829,-0.186721
1631019924239,-0.9061549999999999,-0.298107,-0.187087
1631019924249,-0.906582,-0.298168,-0.187087
1631019924258,-0.906704,-0.299144,-0.187148
1631019924268,-0.906948,-0.299998,-0.18812399999999999
1631019924277,-0.907131,-0.30134,-0.188551
1631019924287,-0.906399,-0.301279,-0.187575
1631019924297,-0.905179,-0.301706,-0.18873399999999999
1631019924306,-0.905484,-0.301462,-0.18849
1631019924316,-0.905057,-0.300852,-0.18903899999999998
1631019924325,-0.905484,-0.300486,-0.18873399999999999
1631019924335,-0.905667,-0.299144,-0.18812399999999999
1631019924345,-0.904874,-0.299754,-0.18788
1631019924354,-0.902983,-0.300791,-0.188368
1631019924364,-0.902251,-0.301401,-0.190076
1631019924373,-0.901397,-0.303475,-0.191357
1631019924383,-0.900116,-0.304695,-0.190198
1631019924393,-0.9006649999999999,-0.302865,-0.188307
1631019924402,-0.902678,-0.300608,-0.187697
1631019924412,-0.904142,-0.299022,-0.187636
1631019924421,-0.905118,-0.298717,-0.188002
1631019924431,-0.906887,-0.2989,-0.18842899999999999
1631019924441,-0.9070699999999999,-0.300364,-0.189161
1631019924450,-0.907558,-0.302682,-0.191113
1631019924460,-0.9076799999999999,-0.30384099999999997,-0.191235
1631019924469,-0.906582,-0.303353,-0.19215
1631019924479,-0.905606,-0.303353,-0.19117399999999998
1631019924489,-0.9049349999999999,-0.302926,-0.189222
1631019924498,-0.905057,-0.302133,-0.189588
1631019924508,-0.9046299999999999,-0.300791,-0.189283
1631019924517,-0.904447,-0.300669,-0.18903899999999998
1631019924527,-0.903532,-0.299815,-0.188856
1631019924537,-0.903959,-0.300242,-0.188917
1631019924546,-0.902861,-0.301523,-0.189161
1631019924556,-0.902617,-0.301828,-0.188978
1631019924565,-0.902251,-0.302804,-0.189222
1631019924575,-0.903471,-0.30384099999999997,-0.189283
1631019924585,-0.902922,-0.304329,-0.18971
1631019924594,-0.902861,-0.304268,-0.190747
1631019924604,-0.902129,-0.305305,-0.192211
1631019924613,-0.9027999999999999,-0.307928,-0.192455
1631019924623,-0.902251,-0.308538,-0.192333
1631019924633,-0.900909,-0.306098,-0.19086899999999998
1631019924642,-0.9003599999999999,-0.304024,-0.1891
1631019924652,-0.901031,-0.303414,-0.187941
1631019924661,-0.901946,-0.30475599999999997,-0.187758
1631019924671,-0.902861,-0.304573,-0.187087
1631019924681,-0.902922,-0.30475599999999997,-0.187026
1631019924690,-0.904264,-0.305244,-0.188246
1631019924700,-0.904996,-0.305183,-0.188185
1631019924709,-0.904386,-0.306464,-0.18788
1631019924719,-0.904203,-0.305793,-0.188612
1631019924729,-0.903654,-0.305793,-0.18842899999999999
1631019924738,-0.9031049999999999,-0.305854,-0.187575
1631019924748,-0.902434,-0.307135,-0.186843
1631019924757,-0.9024949999999999,-0.307684,-0.187087
1631019924767,-0.903288,-0.306647,-0.186965
1631019924777,-0.904142,-0.306403,-0.186599
1631019924786,-0.904142,-0.305854,-0.187087
1631019924796,-0.904142,-0.307074,-0.188002
1631019924805,-0.903837,-0.30744,-0.187331
1631019924815,-0.9034099999999999,-0.307074,-0.187331
1631019924825,-0.903044,-0.305915,-0.187941
1631019924834,-0.903959,-0.305793,-0.187514
1631019924844,-0.9034099999999999,-0.305,-0.187758
1631019924853,-0.903837,-0.304817,-0.187209
1631019924863,-0.903471,-0.305244,-0.186843
1631019924873,-0.9040199999999999,-0.303597,-0.187026
1631019924882,-0.905118,-0.303414,-0.188368
1631019924892,-0.9052399999999999,-0.303536,-0.188368
1631019924901,-0.904752,-0.304024,-0.18849
1631019924911,-0.904508,-0.304085,-0.188368
1631019924921,-0.9031049999999999,-0.304573,-0.188002
1631019924930,-0.903288,-0.30567099999999997,-0.188002
1631019924940,-0.9027999999999999,-0.304878,-0.189222
1631019924949,-0.9027999999999999,-0.30414599999999997,-0.189893
1631019924959,-0.902861,-0.30317,-0.188856
1631019924969,-0.901031,-0.30439,-0.18873399999999999
1631019924978,-0.8994449999999999,-0.303658,-0.187758
1631019924988,-0.900238,-0.305,-0.188856
1631019924997,-0.899201,-0.30536599999999997,-0.19117399999999998
1631019925007,-0.8997499999999999,-0.30719599999999997,-0.192943
1631019925017,-0.901214,-0.307318,-0.191418
1631019925026,-0.9012749999999999,-0.30506099999999997,-0.190381
1631019925036,-0.902861,-0.302438,-0.191113
1631019925045,-0.904264,-0.299754,-0.189283
1631019925055,-0.904691,-0.29853399999999997,-0.189771
1631019925065,-0.906094,-0.298656,-0.189466
1631019925074,-0.906582,-0.301706,-0.190991
1631019925084,-0.905606,-0.30195,-0.191235
1631019925093,-0.905179,-0.301889,-0.190442
1631019925103,-0.904813,-0.302072,-0.190442
1631019925113,-0.904386,-0.30384099999999997,-0.19025899999999998
1631019925122,-0.9034099999999999,-0.30384099999999997,-0.18971
1631019925132,-0.903288,-0.303597,-0.18995399999999998
1631019925141,-0.903288,-0.303414,-0.190442
1631019925151,-0.9040199999999999,-0.30378,-0.18934399999999998
1631019925161,-0.9034099999999999,-0.304329,-0.190137
1631019925170,-0.902983,-0.305244,-0.190381
1631019925180,-0.902739,-0.305793,-0.191418
1631019925189,-0.903166,-0.306342,-0.191113
1631019925199,-0.902556,-0.305854,-0.191418
1631019925209,-0.903471,-0.306037,-0.190991
1631019925218,-0.902922,-0.306769,-0.191235
1631019925228,-0.902556,-0.30597599999999997,-0.192272
1631019925237,-0.902434,-0.306159,-0.192882
1631019925247,-0.9021899999999999,-0.308904,-0.193004
1631019925257,-0.9012749999999999,-0.308782,-0.192943
1631019925266,-0.900543,-0.307928,-0.191906
1631019925276,-0.899689,-0.306342,-0.191296
1631019925285,-0.899201,-0.30658599999999997,-0.190686
1631019925295,-0.8982249999999999,-0.30689099999999997,-0.190015
1631019925305,-0.900482,-0.306769,-0.18995399999999998
1631019925314,-0.901153,-0.308233,-0.190625
1631019925324,-0.902922,-0.307989,-0.191052
1631019925333,-0.9027999999999999,-0.308355,-0.19093
1631019925343,-0.904386,-0.30866,-0.191601
1631019925353,-0.904386,-0.308843,-0.190686
1631019925362,-0.903898,-0.308477,-0.190625
1631019925372,-0.902922,-0.308172,-0.189527
1631019925381,-0.903532,-0.308599,-0.18873399999999999
1631019925391,-0.902678,-0.308172,-0.188856
1631019925401,-0.9027999999999999,-0.308599,-0.190137
1631019925410,-0.903227,-0.307928,-0.189832
1631019925420,-0.902678,-0.307745,-0.18971
1631019925429,-0.902617,-0.306708,-0.190015
1631019925439,-0.9027999999999999,-0.306525,-0.190747
1631019925449,-0.903593,-0.30658599999999997,-0.190625
1631019925458,-0.9027999999999999,-0.306342,-0.190381
1631019925468,-0.902556,-0.30658599999999997,-0.189588
1631019925477,-0.901946,-0.306403,-0.189161
1631019925487,-0.9031049999999999,-0.305,-0.188673
1631019925497,-0.902617,-0.30439,-0.188856
1631019925506,-0.9034099999999999,-0.303719,-0.18812399999999999
1631019925516,-0.903349,-0.304329,-0.188246
1631019925525,-0.902678,-0.303597,-0.18842899999999999
1631019925535,-0.903776,-0.302987,-0.188917
1631019925545,-0.905118,-0.302377,-0.188795
1631019925554,-0.904752,-0.304024,-0.18971
1631019925564,-0.905057,-0.304573,-0.189588
1631019925573,-0.9027999999999999,-0.304878,-0.189832
1631019925583,-0.902312,-0.304512,-0.18971
1631019925593,-0.903227,-0.304085,-0.188917
1631019925602,-0.903654,-0.30414599999999997,-0.1891
1631019925612,-0.903959,-0.30317,-0.188246
1631019925621,-0.902434,-0.303231,-0.18849
1631019925631,-0.901519,-0.304268,-0.189283
1631019925641,-0.9015799999999999,-0.305488,-0.19032
1631019925650,-0.901702,-0.307623,-0.190991
1631019925660,-0.902129,-0.307562,-0.190198
1631019925669,-0.901336,-0.304085,-0.18934399999999998
1631019925679,-0.902678,-0.30134,-0.187758
1631019925689,-0.9037149999999999,-0.300669,-0.186477
1631019925698,-0.905118,-0.301279,-0.186904
1631019925708,-0.905728,-0.30195,-0.188002
1631019925717,-0.906094,-0.303231,-0.188612
1631019925727,-0.906338,-0.30439,-0.18903899999999998
1631019925737,-0.905911,-0.30536599999999997,-0.189405
1631019925746,-0.905667,-0.306098,-0.188795
1631019925756,-0.904691,-0.307379,-0.18812399999999999
1631019925765,-0.903654,-0.307562,-0.186843
1631019925775,-0.903044,-0.307989,-0.186843
1631019925785,-0.9021899999999999,-0.308538,-0.186782
1631019925794,-0.901214,-0.308355,-0.187148
1631019925804,-0.9003599999999999,-0.30927,-0.187575
1631019925813,-0.9003599999999999,-0.30988,-0.18849
1631019925823,-0.900726,-0.30902599999999997,-0.189466
1631019925833,-0.900848,-0.308782,-0.188673
1631019925842,-0.901397,-0.309575,-0.188612
1631019925852,-0.903166,-0.308782,-0.18842899999999999
1631019925861,-0.903898,-0.308355,-0.189161
1631019925871,-0.902922,-0.30683,-0.189283
1631019925881,-0.9031049999999999,-0.307623,-0.189832
1631019925890,-0.904142,-0.30963599999999997,-0.189832
1631019925900,-0.903044,-0.310978,-0.19086899999999998
1631019925909,-0.902129,-0.310429,-0.190442
1631019925919,-0.901214,-0.309148,-0.190747
1631019925929,-0.900909,-0.307867,-0.18995399999999998
1631019925938,-0.900787,-0.30780599999999997,-0.189832
1631019925948,-0.9009699999999999,-0.308355,-0.189527
1631019925957,-0.902251,-0.307562,-0.190076
1631019925967,-0.9018849999999999,-0.30744,-0.190442
1631019925977,-0.900848,-0.309148,-0.190015
1631019925986,-0.9018849999999999,-0.310429,-0.190442
1631019925996,-0.901946,-0.310185,-0.19032
1631019926005,-0.901336,-0.309392,-0.19032
1631019926015,-0.901763,-0.308782,-0.189771
1631019926025,-0.901519,-0.30866,-0.188917
1631019926034,-0.902312,-0.308782,-0.187941
1631019926044,-0.903044,-0.307989,-0.188368
1631019926053,-0.903288,-0.308782,-0.18934399999999998
1631019926063,-0.9021899999999999,-0.307989,-0.189527
1631019926073,-0.901702,-0.309575,-0.188978
1631019926082,-0.901641,-0.310002,-0.18903899999999998
1631019926092,-0.901519,-0.31049,-0.1891
1631019926101,-0.901153,-0.31024599999999997,-0.189893
1631019926111,-0.900726,-0.311039,-0.19056399999999998
1631019926121,-0.899933,-0.310185,-0.191296
1631019926130,-0.900482,-0.309758,-0.19147899999999998
1631019926140,-0.900421,-0.309087,-0.190991
1631019926149,-0.900299,-0.308355,-0.190808
1631019926159,-0.9000549999999999,-0.307318,-0.190625
1631019926169,-0.9018849999999999,-0.30475599999999997,-0.191235
1631019926178,-0.902617,-0.303658,-0.190442
1631019926188,-0.903898,-0.302682,-0.19093
1631019926197,-0.904142,-0.303231,-0.189832
1631019926207,-0.905118,-0.302316,-0.190747
1631019926217,-0.9046299999999999,-0.302072,-0.190381
1631019926226,-0.9034099999999999,-0.302011,-0.189283
1631019926236,-0.903898,-0.302499,-0.1891
1631019926245,-0.905667,-0.302682,-0.18971
1631019926255,-0.9061549999999999,-0.302987,-0.19032
1631019926265,-0.9052399999999999,-0.30384099999999997,-0.191235
1631019926274,-0.9034099999999999,-0.303902,-0.191235
1631019926284,-0.902007,-0.305183,-0.192882
1631019926293,-0.901824,-0.30622,-0.192394
1631019926303,-0.901092,-0.306952,-0.192516
1631019926313,-0.899262,-0.304512,-0.190808
1631019926322,-0.898164,-0.302438,-0.188612
1631019926332,-0.900238,-0.30256,-0.188795
1631019926341,-0.902068,-0.302865,-0.190503
1631019926351,-0.903654,-0.302682,-0.19117399999999998
1631019926361,-0.904691,-0.30384099999999997,-0.19093
1631019926370,-0.905789,-0.302987,-0.191296
1631019926380,-0.906948,-0.303658,-0.191357
1631019926389,-0.906643,-0.30317,-0.190381
1631019926399,-0.905423,-0.303719,-0.189405
1631019926409,-0.904508,-0.303048,-0.189466
1631019926418,-0.9034099999999999,-0.304085,-0.18849
1631019926428,-0.903227,-0.305183,-0.188002
1631019926437,-0.903349,-0.305732,-0.188612
1631019926447,-0.9009699999999999,-0.304878,-0.188246
1631019926457,-0.902251,-0.30567099999999997,-0.188002
1631019926466,-0.9015799999999999,-0.306342,-0.188917
1631019926476,-0.902007,-0.306098,-0.188856
1631019926485,-0.902373,-0.30628099999999997,-0.189222
1631019926495,-0.9018849999999999,-0.306647,-0.187209
1631019926505,-0.902312,-0.306098,-0.18605
1631019926514,-0.901397,-0.305549,-0.186416
1631019926524,-0.9015799999999999,-0.305732,-0.186172
1631019926533,-0.9018849999999999,-0.30719599999999997,-0.18544
1631019926543,-0.9040199999999999,-0.30811099999999997,-0.18544
1631019926553,-0.902556,-0.307928,-0.186538
1631019926562,-0.901702,-0.30719599999999997,-0.18544
1631019926572,-0.903288,-0.306769,-0.184464
1631019926581,-0.902373,-0.30744,-0.183915
1631019926591,-0.903044,-0.309392,-0.183854
1631019926601,-0.9043249999999999,-0.308599,-0.184586
1631019926610,-0.9052399999999999,-0.30994099999999997,-0.18440299999999998
1631019926620,-0.906399,-0.309087,-0.184586
1631019926629,-0.907009,-0.309209,-0.184647
1631019926639,-0.906399,-0.30902599999999997,-0.184342
1631019926649,-0.907924,-0.308782,-0.18501299999999998
1631019926658,-0.907314,-0.30927,-0.184037
1631019926668,-0.906277,-0.308538,-0.18409799999999998
1631019926677,-0.905728,-0.308599,-0.185806
1631019926687,-0.905728,-0.30866,-0.186416
1631019926697,-0.905118,-0.307989,-0.186172
1631019926706,-0.904081,-0.307074,-0.186294
1631019926716,-0.904142,-0.30597599999999997,-0.186294
1631019926725,-0.904264,-0.306525,-0.18727
1631019926735,-0.904264,-0.30567099999999997,-0.188002
1631019926745,-0.904752,-0.304817,-0.187209
1631019926754,-0.902922,-0.304207,-0.187636
