timestamp,gx,gy,gz
1631019914066,-0.7350000000000001,-1.33,0.805
1631019914076,-0.5775,-1.3825,0.805
1631019914085,-0.45500000000000007,-1.2950000000000002,0.6825000000000001
1631019914095,-0.35000000000000003,-1.2075,0.6300000000000001
1631019914105,-0.14,-1.2950000000000002,0.4025
1631019914114,0.0,-1.1375000000000002,0.14
1631019914124,0.0,-0.805,-0.035
1631019914133,0.0175,-0.6125,-0.08750000000000001
1631019914143,0.15750000000000003,-0.5075000000000001,-0.3325
1631019914153,0.07,-0.21000000000000002,-0.49000000000000005
1631019914162,0.0175,-0.08750000000000001,-0.525
1631019914172,0.035,-0.035,-0.5775
1631019914181,0.035,0.10500000000000001,-0.6300000000000001
1631019914191,0.035,0.43750000000000006,-0.5950000000000001
1631019914201,0.07,0.6825000000000001,-0.28
1631019914210,0.08750000000000001,0.77,0.035
1631019914220,-0.24500000000000002,0.8925000000000001,0.2625
1631019914229,-0.56,0.9450000000000001,0.7175
1631019914239,-0.5775,0.7000000000000001,1.12
1631019914249,-0.6825000000000001,0.1925,1.1900000000000002
1631019914258,-0.7000000000000001,0.0,0.9975
1631019914268,-0.7525000000000001,0.43750000000000006,0.9975
1631019914277,-0.28,0.7525000000000001,0.9625000000000001
1631019914287,0.3325,0.8575,0.8925000000000001
1631019914297,0.9275000000000001,0.8925000000000001,0.9625000000000001
1631019914306,1.4875,0.8225000000000001,1.1900000000000002
1631019914316,1.7850000000000001,0.42000000000000004,1.3125000000000002
1631019914325,2.1175,-0.47250000000000003,1.4700000000000002
1631019914335,2.2225,-1.3650000000000002,1.61
1631019914345,1.9775000000000003,-1.9075000000000002,1.6450000000000002
1631019914354,1.54,-2.1875,1.6625
1631019914364,1.1725,-2.3800000000000003,1.5575
1631019914373,0.77,-2.2750000000000004,1.3825
1631019914383,0.385,-1.8200000000000003,1.1025
1631019914393,0.052500000000000005,-1.225,0.8225000000000001
1631019914402,-0.21000000000000002,-0.7350000000000001,0.7525000000000001
1631019914412,-0.36750000000000005,-0.3325,0.5425000000000001
1631019914421,-0.4025,0.14,0.17500000000000002
1631019914431,-0.2625,0.5075000000000001,-0.035
1631019914441,-0.1925,0.7875000000000001,-0.0175
1631019914450,-0.052500000000000005,0.6300000000000001,-0.15750000000000003
1631019914460,0.035,0.43750000000000006,0.0
1631019914469,0.2625,0.0175,0.14
1631019914479,0.47250000000000003,-0.665,-0.17500000000000002
1631019914489,0.7350000000000001,-0.9975,-0.43750000000000006
1631019914498,1.12,-1.05,-0.42000000000000004
1631019914508,1.61,-0.9625000000000001,-0.43750000000000006
1631019914517,1.995,-0.8750000000000001,-0.7175
1631019914527,2.2575000000000003,-0.7350000000000001,-1.0150000000000001
1631019914537,2.31,-0.385,-1.2950000000000002
1631019914546,2.1,-0.17500000000000002,-1.6975000000000002
1631019914556,1.8725000000000003,-0.21000000000000002,-1.9075000000000002
1631019914565,1.5575,-0.08750000000000001,-1.9250000000000003
1631019914575,1.12,0.12250000000000001,-1.8550000000000002
1631019914585,0.6825000000000001,0.21000000000000002,-1.8375000000000001
1631019914594,0.24500000000000002,0.21000000000000002,-1.715
1631019914604,-0.21000000000000002,0.0175,-1.4175000000000002
1631019914613,-0.56,-0.24500000000000002,-1.155
1631019914623,-1.05,-0.29750000000000004,-0.9625000000000001
1631019914633,-1.4525000000000001,-0.35000000000000003,-0.77
1631019914642,-1.715,-0.6300000000000001,-0.5425000000000001
1631019914652,-1.9775000000000003,-0.8925000000000001,-0.21000000000000002
1631019914661,-2.2750000000000004,-0.9275000000000001,-0.052500000000000005
1631019914671,-2.4675000000000002,-0.9975,-0.07
1631019914681,-2.5725000000000002,-0.9625000000000001,0.052500000000000005
1631019914690,-2.6250000000000004,-1.0150000000000001,0.17500000000000002
1631019914700,-2.555,-1.05,0.15750000000000003
1631019914709,-2.3625000000000003,-1.1025,0.035
1631019914719,-2.2925000000000004,-0.9975,-0.052500000000000005
1631019914729,-2.1175,-0.9800000000000001,-0.08750000000000001
1631019914738,-1.6450000000000002,-1.2950000000000002,-0.29750000000000004
1631019914748,-1.3825,-1.4175000000000002,-0.36750000000000005
1631019914757,-1.1900000000000002,-1.2950000000000002,-0.2625
1631019914767,-0.9450000000000001,-1.4000000000000001,-0.29750000000000004
1631019914777,-0.7875000000000001,-1.5925000000000002,-0.47250000000000003
1631019914786,-0.665,-1.8375000000000001,-0.525
1631019914796,-0.5775,-1.995,-0.6125
1631019914805,-0.525,-1.9250000000000003,-0.7875000000000001
1631019914815,-0.525,-1.6800000000000002,-0.7875000000000001
1631019914825,-0.5075000000000001,-1.3825,-0.5075000000000001
1631019914834,-0.7350000000000001,-1.05,-0.29750000000000004
1631019914844,-1.1375000000000002,-0.6125,0.07
1631019914853,-1.2425000000000002,-0.5075000000000001,0.5075000000000001
1631019914863,-1.225,-0.665,0.7175
1631019914873,-1.1900000000000002,-0.77,0.77
1631019914882,-1.0675000000000001,-0.29750000000000004,1.0325000000000002
1631019914892,-0.6125,0.1925,1.2775
1631019914901,-0.29750000000000004,0.24500000000000002,1.12
1631019914911,-0.12250000000000001,0.2625,0.77
1631019914921,0.2625,0.2625,0.49000000000000005
1631019914930,0.3325,0.47250000000000003,0.35000000000000003
1631019914940,0.43750000000000006,0.36750000000000005,0.08750000000000001
1631019914949,0.47250000000000003,0.22750000000000004,-0.052500000000000005
1631019914959,0.5775,0.28,-0.052500000000000005
1631019914969,0.6125,0.29750000000000004,-0.052500000000000005
1631019914978,0.7350000000000001,0.14,0.07
1631019914988,0.6475000000000001,-0.035,0.07
1631019914997,0.56,-0.15750000000000003,0.0175
1631019915007,0.4025,-0.14,0.0175
1631019915017,0.35000000000000003,-0.2625,-0.08750000000000001
1631019915026,0.21000000000000002,-0.35000000000000003,0.0
1631019915036,0.07,-0.47250000000000003,0.052500000000000005
1631019915045,-0.07,-0.56,0.0175
1631019915055,-0.0175,-0.7350000000000001,-0.1925
1631019915065,-0.1925,-0.525,-0.2625
1631019915074,-0.47250000000000003,-0.28,-0.5425000000000001
1631019915084,-0.8925000000000001,-0.08750000000000001,-0.5950000000000001
1631019915093,-1.225,-0.07,-0.5425000000000001
1631019915103,-1.4000000000000001,-0.42000000000000004,-0.665
1631019915113,-1.6275000000000002,-0.42000000000000004,-0.8925000000000001
1631019915122,-1.9775000000000003,-0.052500000000000005,-0.8575
1631019915132,-2.0650000000000004,0.21000000000000002,-0.6825000000000001
1631019915141,-1.995,0.10500000000000001,-0.665
1631019915151,-1.9250000000000003,-0.0175,-0.7525000000000001
1631019915161,-1.8725000000000003,0.08750000000000001,-0.805
1631019915170,-1.6800000000000002,0.21000000000000002,-0.77
1631019915180,-1.54,0.0175,-0.8750000000000001
1631019915189,-1.3650000000000002,-0.31500000000000006,-0.9100000000000001
1631019915199,-1.1900000000000002,-0.49000000000000005,-1.05
1631019915209,-1.0675000000000001,-0.49000000000000005,-1.1025
1631019915218,-1.2075,-0.5075000000000001,-1.1900000000000002
1631019915228,-1.0850000000000002,-0.8225000000000001,-1.2075
1631019915237,-1.0850000000000002,-1.0850000000000002,-1.1900000000000002
1631019915247,-1.155,-1.12,-1.05
1631019915257,-1.0850000000000002,-1.1025,-1.05
1631019915266,-1.0150000000000001,-1.12,-1.0150000000000001
1631019915276,-1.0850000000000002,-1.1900000000000002,-0.8925000000000001
1631019915285,-1.12,-1.1900000000000002,-0.7350000000000001
1631019915295,-1.2075,-1.155,-0.665
1631019915305,-1.225,-1.1725,-0.5775
1631019915314,-1.2075,-1.155,-0.5075000000000001
1631019915324,-1.1375000000000002,-1.225,-0.43750000000000006
1631019915333,-0.9800000000000001,-1.225,-0.29750000000000004
1631019915343,-1.05,-1.2600000000000002,-0.24500000000000002
1631019915353,-0.9275000000000001,-1.225,-0.15750000000000003
1631019915362,-0.7350000000000001,-1.1725,-0.17500000000000002
1631019915372,-0.6300000000000001,-0.9625000000000001,-0.15750000000000003
1631019915381,-0.6475000000000001,-0.8225000000000001,-0.08750000000000001
1631019915391,-0.5425000000000001,-0.8750000000000001,-0.035
1631019915401,-0.5075000000000001,-0.9625000000000001,-0.12250000000000001
1631019915410,-0.525,-0.7875000000000001,-0.035
1631019915420,-0.43750000000000006,-0.9800000000000001,0.052500000000000005
1631019915429,-0.4025,-1.0325000000000002,-0.052500000000000005
1631019915439,-0.43750000000000006,-0.77,0.17500000000000002
1631019915449,-0.45500000000000007,-0.43750000000000006,0.35000000000000003
1631019915458,-0.56,-0.17500000000000002,0.56
1631019915468,-0.7175,-0.052500000000000005,0.9450000000000001
1631019915477,-0.7175,-0.22750000000000004,1.2950000000000002
1631019915487,-0.6475000000000001,-0.6125,1.3475000000000001
1631019915497,-0.49000000000000005,-0.7175,1.33
1631019915506,-0.15750000000000003,-0.5425000000000001,1.5925000000000002
1631019915516,0.15750000000000003,-0.4025,1.7325000000000002
1631019915525,0.35000000000000003,-0.4025,1.4700000000000002
1631019915535,0.43750000000000006,-0.47250000000000003,1.1725
1631019915545,0.525,-0.6125,0.9975
1631019915554,0.5425000000000001,-0.7525000000000001,0.665
1631019915564,0.49000000000000005,-0.665,0.385
1631019915573,0.43750000000000006,-0.56,0.3325
1631019915583,0.385,-0.385,0.22750000000000004
1631019915593,0.24500000000000002,-0.35000000000000003,0.0175
1631019915602,0.29750000000000004,-0.45500000000000007,0.07
1631019915612,0.08750000000000001,-0.6475000000000001,0.07
1631019915621,-0.035,-0.8225000000000001,0.052500000000000005
1631019915631,-0.1925,-0.9100000000000001,0.0
1631019915641,-0.3325,-1.0325000000000002,-0.035
1631019915650,-0.5075000000000001,-1.1025,-0.052500000000000005
1631019915660,-0.665,-1.1725,-0.14
1631019915669,-0.7525000000000001,-1.2775,-0.1925
1631019915679,-0.7875000000000001,-1.2075,-0.21000000000000002
1631019915689,-0.665,-1.1025,-0.2625
1631019915698,-0.7350000000000001,-1.0325000000000002,-0.24500000000000002
1631019915708,-0.8750000000000001,-0.7350000000000001,-0.0175
1631019915717,-0.8925000000000001,-0.5775,0.3325
1631019915727,-0.665,-0.8925000000000001,0.45500000000000007
1631019915737,-0.5075000000000001,-0.8400000000000001,0.43750000000000006
1631019915746,-0.385,-0.5950000000000001,0.45500000000000007
1631019915756,-0.08750000000000001,-0.4025,0.6825000000000001
1631019915765,0.2625,-0.43750000000000006,0.8225000000000001
1631019915775,0.43750000000000006,-0.4025,0.8750000000000001
1631019915785,0.6300000000000001,-0.31500000000000006,0.8925000000000001
1631019915794,0.7000000000000001,-0.12250000000000001,0.8225000000000001
1631019915804,0.805,-0.12250000000000001,0.7000000000000001
1631019915813,0.9975,-0.1925,0.5425000000000001
1631019915823,1.05,-0.24500000000000002,0.47250000000000003
1631019915833,1.0675000000000001,-0.21000000000000002,0.42000000000000004
1631019915842,0.9450000000000001,-0.12250000000000001,0.2625
1631019915852,0.805,-0.1925,0.24500000000000002
1631019915861,0.6125,-0.24500000000000002,0.15750000000000003
1631019915871,0.525,-0.2625,0.24500000000000002
1631019915881,0.56,-0.3325,0.24500000000000002
1631019915890,0.35000000000000003,-0.31500000000000006,0.3325
1631019915900,0.14,-0.56,0.35000000000000003
1631019915909,0.0175,-0.9800000000000001,0.43750000000000006
1631019915919,-0.1925,-1.05,0.43750000000000006
1631019915929,-0.4025,-0.9975,0.35000000000000003
1631019915938,-0.56,-1.1375000000000002,0.4025
1631019915948,-0.6475000000000001,-1.3475000000000001,0.43750000000000006
1631019915957,-0.6475000000000001,-1.4000000000000001,0.29750000000000004
1631019915967,-0.7175,-1.2425000000000002,0.21000000000000002
1631019915977,-0.7875000000000001,-1.1375000000000002,0.17500000000000002
1631019915986,-0.7525000000000001,-1.1900000000000002,0.10500000000000001
1631019915996,-0.8225000000000001,-1.05,-0.12250000000000001
1631019916005,-0.8925000000000001,-0.7875000000000001,-0.28
1631019916015,-0.8925000000000001,-0.665,-0.24500000000000002
1631019916025,-0.77,-0.8750000000000001,-0.36750000000000005
1631019916034,-1.0150000000000001,-0.8225000000000001,-0.31500000000000006
1631019916044,-1.05,-0.7525000000000001,-0.35000000000000003
1631019916053,-1.05,-0.6475000000000001,-0.4025
1631019916063,-1.05,-0.5075000000000001,-0.525
1631019916073,-0.8750000000000001,-0.17500000000000002,-0.525
1631019916082,-0.6475000000000001,0.10500000000000001,-0.36750000000000005
1631019916092,-0.6825000000000001,0.3325,-0.052500000000000005
1631019916101,-0.805,0.45500000000000007,0.3325
1631019916111,-0.6825000000000001,0.35000000000000003,0.6475000000000001
1631019916121,-0.4025,-0.08750000000000001,0.805
1631019916130,-0.10500000000000001,-0.31500000000000006,0.9800000000000001
1631019916140,0.2625,0.07,1.2425000000000002
1631019916149,0.5425000000000001,0.6475000000000001,1.435
1631019916159,0.805,0.7525000000000001,1.225
1631019916169,1.0325000000000002,0.49000000000000005,0.8750000000000001
1631019916178,1.05,0.56,0.5075000000000001
1631019916188,0.9450000000000001,0.665,0.24500000000000002
1631019916197,0.8225000000000001,0.56,0.07
1631019916207,0.6475000000000001,0.35000000000000003,-0.10500000000000001
1631019916217,0.385,0.2625,-0.10500000000000001
1631019916226,0.2625,0.12250000000000001,-0.17500000000000002
1631019916236,0.07,-0.035,-0.1925
1631019916245,-0.1925,-0.28,-0.2625
1631019916255,-0.47250000000000003,-0.5425000000000001,-0.31500000000000006
1631019916265,-0.7000000000000001,-0.665,-0.3325
1631019916274,-0.9625000000000001,-0.805,-0.4025
1631019916284,-1.1025,-1.05,-0.385
1631019916293,-1.2775,-1.225,-0.24500000000000002
1631019916303,-1.4875,-1.2775,-0.2625
1631019916313,-1.61,-1.2075,-0.3325
1631019916322,-1.5925000000000002,-1.2075,-0.28
1631019916332,-1.7675,-1.0850000000000002,-0.15750000000000003
1631019916341,-1.9425000000000001,-0.8925000000000001,0.10500000000000001
1631019916351,-1.8725000000000003,-0.8575,0.3325
1631019916361,-1.7500000000000002,-0.9975,0.49000000000000005
1631019916370,-1.54,-0.9975,0.5775
1631019916380,-1.5050000000000001,-0.665,0.805
1631019916389,-0.9100000000000001,-0.7000000000000001,0.8400000000000001
1631019916399,-0.6475000000000001,-0.56,0.9800000000000001
1631019916409,-0.24500000000000002,-0.6475000000000001,1.05
1631019916418,0.24500000000000002,-0.8400000000000001,1.0325000000000002
1631019916428,0.45500000000000007,-0.77,0.9975
1631019916437,0.6825000000000001,-0.7350000000000001,0.8575
1631019916447,0.9275000000000001,-0.6475000000000001,0.7525000000000001
1631019916457,0.9625000000000001,-0.525,0.6300000000000001
1631019916466,0.9975,-0.47250000000000003,0.5950000000000001
1631019916476,0.9450000000000001,-0.47250000000000003,0.525
1631019916485,0.8750000000000001,-0.45500000000000007,0.45500000000000007
1631019916495,0.7000000000000001,-0.42000000000000004,0.49000000000000005
1631019916505,0.5775,-0.36750000000000005,0.43750000000000006
1631019916514,0.3325,-0.28,0.42000000000000004
1631019916524,0.15750000000000003,-0.29750000000000004,0.4025
1631019916533,0.052500000000000005,-0.28,0.47250000000000003
1631019916543,-0.07,-0.35000000000000003,0.47250000000000003
1631019916553,-0.12250000000000001,-0.28,0.49000000000000005
1631019916562,-0.035,-0.31500000000000006,0.45500000000000007
1631019916572,-0.29750000000000004,-0.052500000000000005,0.47250000000000003
1631019916581,-0.29750000000000004,-0.12250000000000001,0.5075000000000001
1631019916591,-0.28,-0.22750000000000004,0.4025
1631019916601,-0.22750000000000004,-0.21000000000000002,0.28
1631019916610,-0.1925,-0.28,0.35000000000000003
1631019916620,-0.052500000000000005,-0.31500000000000006,0.28
1631019916629,-0.08750000000000001,-0.24500000000000002,0.14
1631019916639,-0.07,-0.14,0.10500000000000001
1631019916649,-0.052500000000000005,-0.29750000000000004,0.052500000000000005
1631019916658,-0.0175,-0.42000000000000004,0.052500000000000005
1631019916668,-0.07,-0.49000000000000005,0.052500000000000005
1631019916677,-0.17500000000000002,-0.47250000000000003,0.07
1631019916687,-0.17500000000000002,-0.525,0.08750000000000001
1631019916697,-0.07,-0.6475000000000001,0.0175
1631019916706,-0.052500000000000005,-0.77,0.052500000000000005
1631019916716,-0.1925,-0.6300000000000001,0.36750000000000005
1631019916725,-0.12250000000000001,-0.5950000000000001,0.49000000000000005
1631019916735,-0.35000000000000003,-0.5425000000000001,0.7000000000000001
1631019916745,-0.6475000000000001,-0.77,1.1375000000000002
1631019916754,-0.7350000000000001,-1.0850000000000002,1.6450000000000002
1631019916764,-0.7350000000000001,-1.4175000000000002,1.8900000000000001
1631019916773,-0.6125,-1.4875,1.8725000000000003
1631019916783,-0.42000000000000004,-1.225,1.9600000000000002
1631019916793,-0.21000000000000002,-0.7875000000000001,2.0300000000000002
1631019916802,-0.10500000000000001,-0.43750000000000006,1.7500000000000002
1631019916812,0.08750000000000001,-0.45500000000000007,1.3825
1631019916821,0.14,-0.43750000000000006,1.05
1631019916831,0.12250000000000001,-0.28,0.805
1631019916841,-0.0175,-0.07,0.5425000000000001
1631019916850,0.035,-0.2625,0.35000000000000003
1631019916860,0.0175,-0.6125,0.3325
1631019916869,-0.035,-0.7175,0.3325
1631019916879,-0.2625,-0.6300000000000001,0.1925
1631019916889,-0.29750000000000004,-0.8400000000000001,0.052500000000000005
1631019916898,-0.45500000000000007,-1.1725,0.0
1631019916908,-0.49000000000000005,-1.4700000000000002,-0.052500000000000005
1631019916917,-0.665,-1.4175000000000002,-0.08750000000000001
1631019916927,-0.7875000000000001,-1.2775,-0.052500000000000005
1631019916937,-0.9450000000000001,-1.12,-0.08750000000000001
1631019916946,-1.0150000000000001,-1.0850000000000002,-0.29750000000000004
1631019916956,-0.9275000000000001,-0.9975,-0.35000000000000003
1631019916965,-0.9800000000000001,-0.9275000000000001,-0.28
1631019916975,-1.225,-0.7525000000000001,-0.29750000000000004
1631019916985,-1.3825,-0.6300000000000001,-0.14
1631019916994,-1.3125000000000002,-0.7525000000000001,-0.07
1631019917004,-1.2425000000000002,-1.0325000000000002,-0.07
1631019917013,-1.2075,-0.9975,0.0175
1631019917023,-0.9100000000000001,-0.7525000000000001,0.1925
1631019917033,-0.6475000000000001,-0.47250000000000003,0.42000000000000004
1631019917042,-0.45500000000000007,-0.45500000000000007,0.45500000000000007
1631019917052,-0.22750000000000004,-0.7525000000000001,0.49000000000000005
1631019917061,-0.12250000000000001,-0.9625000000000001,0.42000000000000004
1631019917071,0.0,-0.9975,0.3325
1631019917081,-0.052500000000000005,-0.8400000000000001,0.14
1631019917090,-0.052500000000000005,-0.9800000000000001,0.0175
1631019917100,-0.10500000000000001,-1.0675000000000001,-0.035
1631019917109,-0.17500000000000002,-0.9450000000000001,-0.21000000000000002
1631019917119,-0.22750000000000004,-0.9275000000000001,-0.31500000000000006
1631019917129,-0.36750000000000005,-0.9100000000000001,-0.36750000000000005
1631019917138,-0.49000000000000005,-0.7875000000000001,-0.525
1631019917148,-0.6125,-0.6825000000000001,-0.5950000000000001
1631019917157,-0.5950000000000001,-0.6125,-0.525
1631019917167,-0.7350000000000001,-0.56,-0.47250000000000003
1631019917177,-0.7875000000000001,-0.525,-0.5425000000000001
1631019917186,-0.6475000000000001,-0.5075000000000001,-0.5775
1631019917196,-0.56,-0.5775,-0.525
1631019917205,-0.56,-0.42000000000000004,-0.525
1631019917215,-0.5075000000000001,-0.45500000000000007,-0.525
1631019917225,-0.5775,-0.22750000000000004,-0.525
1631019917234,-0.49000000000000005,-0.15750000000000003,-0.6125
1631019917244,-0.35000000000000003,-0.14,-0.56
1631019917253,-0.28,-0.052500000000000005,-0.5075000000000001
1631019917263,-0.24500000000000002,0.0,-0.49000000000000005
1631019917273,-0.24500000000000002,0.035,-0.5075000000000001
1631019917282,-0.14,-0.052500000000000005,-0.5425000000000001
1631019917292,0.0175,0.0,-0.5775
1631019917301,0.052500000000000005,0.12250000000000001,-0.6475000000000001
1631019917311,0.0175,0.12250000000000001,-0.7875000000000001
1631019917321,0.0,0.052500000000000005,-0.8750000000000001
1631019917330,-0.0175,-0.1925,-0.7875000000000001
1631019917340,0.08750000000000001,-0.45500000000000007,-0.9450000000000001
1631019917349,0.0175,-0.45500000000000007,-1.0675000000000001
1631019917359,-0.14,-0.42000000000000004,-1.0150000000000001
1631019917369,-0.1925,-0.6300000000000001,-0.9275000000000001
1631019917378,-0.12250000000000001,-0.8400000000000001,-0.8575
1631019917388,-0.28,-0.43750000000000006,-0.6300000000000001
1631019917397,-0.22750000000000004,-0.28,-0.42000000000000004
1631019917407,-0.5075000000000001,-0.22750000000000004,-0.07
1631019917417,-0.9450000000000001,-0.35000000000000003,0.5075000000000001
1631019917426,-1.05,-0.6300000000000001,1.05
1631019917436,-1.0850000000000002,-1.0150000000000001,1.1725
1631019917445,-0.9975,-1.0675000000000001,1.225
1631019917455,-0.8225000000000001,-0.7525000000000001,1.54
1631019917465,-0.5950000000000001,-0.2625,1.9425000000000001
1631019917474,-0.4025,-0.17500000000000002,1.715
1631019917484,-0.3325,-0.4025,1.3125000000000002
1631019917493,-0.385,-0.42000000000000004,1.0150000000000001
1631019917503,-0.42000000000000004,-0.56,0.7000000000000001
1631019917513,-0.4025,-0.6300000000000001,0.45500000000000007
1631019917522,-0.665,-0.6125,0.28
1631019917532,-0.5950000000000001,-0.9450000000000001,0.24500000000000002
1631019917541,-0.5775,-1.12,0.22750000000000004
1631019917551,-0.5075000000000001,-1.225,0.28
1631019917561,-0.5950000000000001,-1.4000000000000001,0.29750000000000004
1631019917570,-0.5950000000000001,-1.5750000000000002,0.2625
1631019917580,-0.6825000000000001,-1.6975000000000002,0.29750000000000004
1631019917589,-0.6300000000000001,-1.7325000000000002,0.47250000000000003
1631019917599,-0.5775,-1.6800000000000002,0.5075000000000001
1631019917609,-0.5425000000000001,-1.61,0.49000000000000005
1631019917618,-0.525,-1.5925000000000002,0.385
1631019917628,-0.45500000000000007,-1.6625,0.29750000000000004
1631019917637,-0.31500000000000006,-1.6450000000000002,0.22750000000000004
1631019917647,-0.47250000000000003,-1.3125000000000002,0.08750000000000001
1631019917657,-0.6300000000000001,-0.8575,0.10500000000000001
1631019917666,-0.56,-0.8225000000000001,0.2625
1631019917676,-0.45500000000000007,-0.9800000000000001,0.28
1631019917685,-0.42000000000000004,-0.7875000000000001,0.36750000000000005
1631019917695,-0.4025,-0.12250000000000001,0.43750000000000006
1631019917705,-0.1925,0.31500000000000006,0.49000000000000005
1631019917714,0.052500000000000005,0.42000000000000004,0.49000000000000005
1631019917724,0.31500000000000006,0.24500000000000002,0.5075000000000001
1631019917733,0.5075000000000001,0.29750000000000004,0.5775
1631019917743,0.5425000000000001,0.525,0.42000000000000004
1631019917753,0.5075000000000001,0.56,0.17500000000000002
1631019917762,0.6125,0.5075000000000001,0.10500000000000001
1631019917772,0.6825000000000001,0.385,0.10500000000000001
1631019917781,0.7525000000000001,0.36750000000000005,0.0175
1631019917791,0.7875000000000001,0.45500000000000007,-0.08750000000000001
1631019917801,0.805,0.42000000000000004,-0.12250000000000001
1631019917810,0.8400000000000001,0.31500000000000006,-0.10500000000000001
1631019917820,0.8575,0.10500000000000001,-0.052500000000000005
1631019917829,0.7350000000000001,0.17500000000000002,-0.10500000000000001
1631019917839,0.7175,0.035,-0.10500000000000001
1631019917849,0.525,-0.052500000000000005,-0.15750000000000003
1631019917858,0.5425000000000001,-0.2625,-0.17500000000000002
1631019917868,0.43750000000000006,-0.35000000000000003,-0.15750000000000003
1631019917877,0.36750000000000005,-0.385,-0.17500000000000002
1631019917887,0.2625,-0.29750000000000004,-0.1925
1631019917897,0.12250000000000001,-0.29750000000000004,-0.1925
1631019917906,0.08750000000000001,-0.36750000000000005,-0.10500000000000001
1631019917916,0.052500000000000005,-0.385,-0.12250000000000001
1631019917925,-0.07,-0.42000000000000004,-0.08750000000000001
1631019917935,-0.07,-0.45500000000000007,-0.07
1631019917945,-0.12250000000000001,-0.5950000000000001,-0.17500000000000002
1631019917954,-0.15750000000000003,-0.6475000000000001,-0.21000000000000002
1631019917964,-0.10500000000000001,-0.6475000000000001,-0.22750000000000004
1631019917973,-0.12250000000000001,-0.5425000000000001,-0.29750000000000004
1631019917983,-0.1925,-0.3325,-0.4025
1631019917993,-0.035,-0.36750000000000005,-0.49000000000000005
1631019918002,0.035,-0.28,-0.45500000000000007
1631019918012,0.21000000000000002,-0.385,-0.5075000000000001
1631019918021,0.21000000000000002,-0.2625,-0.385
1631019918031,0.5075000000000001,-0.47250000000000003,-0.35000000000000003
1631019918041,0.6125,-0.665,-0.28
1631019918050,0.5775,-0.665,-0.08750000000000001
1631019918060,0.5425000000000001,-0.525,0.17500000000000002
1631019918069,0.47250000000000003,-0.5075000000000001,0.385
1631019918079,0.14,-0.31500000000000006,0.805
1631019918089,-0.21000000000000002,-0.1925,1.4000000000000001
1631019918098,-0.15750000000000003,-0.4025,1.7500000000000002
1631019918108,-0.08750000000000001,-0.56,2.0300000000000002
1631019918117,0.035,-0.4025,2.2925000000000004
1631019918127,0.35000000000000003,-0.07,2.66
1631019918137,0.6475000000000001,0.17500000000000002,2.7125000000000004
1631019918146,0.77,0.10500000000000001,2.345
1631019918156,1.0150000000000001,-0.17500000000000002,1.9250000000000003
1631019918165,1.05,-0.17500000000000002,1.8025000000000002
1631019918175,1.0850000000000002,-0.31500000000000006,1.5575
1631019918185,1.0675000000000001,-0.77,1.1900000000000002
1631019918194,1.05,-1.0325000000000002,0.9975
1631019918204,0.9625000000000001,-0.9975,0.8400000000000001
1631019918213,0.7350000000000001,-0.9275000000000001,0.7000000000000001
1631019918223,0.7000000000000001,-1.155,0.525
1631019918233,0.56,-1.2775,0.35000000000000003
1631019918242,0.28,-1.225,0.2625
1631019918252,0.08750000000000001,-1.0675000000000001,0.15750000000000003
1631019918261,-0.08750000000000001,-1.1025,0.08750000000000001
1631019918271,-0.2625,-1.155,-0.0175
1631019918281,-0.42000000000000004,-1.0675000000000001,-0.10500000000000001
1631019918290,-0.525,-1.0150000000000001,-0.24500000000000002
1631019918300,-0.6300000000000001,-1.0150000000000001,-0.36750000000000005
1631019918309,-0.5775,-0.9975,-0.43750000000000006
1631019918319,-0.7350000000000001,-0.805,-0.4025
1631019918329,-0.9450000000000001,-0.42000000000000004,-0.17500000000000002
1631019918338,-0.805,-0.5075000000000001,0.12250000000000001
1631019918348,-0.7525000000000001,-0.8400000000000001,0.10500000000000001
1631019918357,-0.7000000000000001,-0.665,0.07
1631019918367,-0.6475000000000001,-0.24500000000000002,0.28
1631019918377,-0.42000000000000004,0.10500000000000001,0.385
1631019918386,-0.14,0.29750000000000004,0.35000000000000003
1631019918396,0.12250000000000001,0.36750000000000005,0.36750000000000005
1631019918405,0.35000000000000003,0.42000000000000004,0.4025
1631019918415,0.525,0.47250000000000003,0.29750000000000004
1631019918425,0.7875000000000001,0.49000000000000005,0.17500000000000002
1631019918434,0.8925000000000001,0.6125,0.22750000000000004
1631019918444,1.0150000000000001,0.5775,0.28
1631019918453,1.1900000000000002,0.42000000000000004,0.22750000000000004
1631019918463,1.1900000000000002,0.17500000000000002,0.28
1631019918473,1.2075,-0.08750000000000001,0.29750000000000004
1631019918482,1.2425000000000002,-0.42000000000000004,0.31500000000000006
1631019918492,1.155,-0.6125,0.24500000000000002
1631019918501,1.05,-0.6475000000000001,0.22750000000000004
1631019918511,0.8750000000000001,-0.7000000000000001,0.24500000000000002
1631019918521,0.7000000000000001,-0.9800000000000001,0.31500000000000006
1631019918530,0.6125,-1.225,0.42000000000000004
1631019918540,0.43750000000000006,-1.1725,0.385
1631019918549,0.15750000000000003,-1.0850000000000002,0.35000000000000003
1631019918559,-0.10500000000000001,-1.0150000000000001,0.4025
1631019918569,-0.3325,-1.12,0.29750000000000004
1631019918578,-0.525,-0.9975,0.1925
1631019918588,-0.6475000000000001,-0.9100000000000001,0.14
1631019918597,-0.7175,-0.8575,0.10500000000000001
1631019918607,-0.7000000000000001,-0.77,0.0
1631019918617,-0.6475000000000001,-0.5425000000000001,-0.10500000000000001
1631019918626,-0.56,-0.29750000000000004,-0.2625
1631019918636,-0.45500000000000007,-0.10500000000000001,-0.43750000000000006
1631019918645,-0.24500000000000002,-0.07,-0.45500000000000007
1631019918655,-0.08750000000000001,-0.0175,-0.45500000000000007
1631019918665,0.0175,0.07,-0.56
1631019918674,0.14,0.0175,-0.6300000000000001
1631019918684,0.36750000000000005,0.0,-0.5425000000000001
1631019918693,0.56,-0.10500000000000001,-0.5950000000000001
1631019918703,0.5950000000000001,0.0175,-0.6300000000000001
1631019918713,0.5425000000000001,0.31500000000000006,-0.5950000000000001
1631019918722,0.56,0.525,-0.4025
1631019918732,0.42000000000000004,0.7525000000000001,-0.17500000000000002
1631019918741,0.07,0.8575,0.31500000000000006
1631019918751,-0.0175,0.7175,0.8925000000000001
1631019918761,0.15750000000000003,0.35000000000000003,1.1725
1631019918770,0.31500000000000006,0.10500000000000001,1.4000000000000001
1631019918780,0.56,0.43750000000000006,1.6450000000000002
1631019918789,0.7000000000000001,0.8225000000000001,1.8550000000000002
1631019918799,0.7350000000000001,0.7175,1.61
1631019918809,0.8225000000000001,0.31500000000000006,1.1375000000000002
1631019918818,0.77,0.2625,0.7525000000000001
1631019918828,0.6825000000000001,0.45500000000000007,0.5075000000000001
1631019918837,0.6475000000000001,0.35000000000000003,0.22750000000000004
1631019918847,0.525,0.12250000000000001,0.14
1631019918857,0.43750000000000006,0.052500000000000005,0.21000000000000002
1631019918866,0.31500000000000006,-0.0175,0.2625
1631019918876,0.22750000000000004,-0.43750000000000006,0.31500000000000006
1631019918885,0.0175,-0.77,0.31500000000000006
1631019918895,-0.1925,-1.0150000000000001,0.3325
1631019918905,-0.49000000000000005,-1.0850000000000002,0.2625
1631019918914,-0.7525000000000001,-1.4000000000000001,0.22750000000000004
1631019918924,-0.8225000000000001,-1.6275000000000002,0.31500000000000006
1631019918933,-1.0150000000000001,-1.5575,0.28
1631019918943,-1.0675000000000001,-1.4175000000000002,0.2625
1631019918953,-1.12,-1.3825,0.15750000000000003
1631019918962,-1.1025,-1.2950000000000002,0.15750000000000003
1631019918972,-1.2425000000000002,-1.0850000000000002,0.24500000000000002
1631019918981,-1.4175000000000002,-0.7175,0.35000000000000003
1631019918991,-1.4000000000000001,-0.56,0.5775
1631019919001,-1.2950000000000002,-0.9100000000000001,0.5775
1631019919010,-1.225,-0.9625000000000001,0.5775
1631019919020,-1.0675000000000001,-0.5950000000000001,0.7875000000000001
1631019919029,-0.8925000000000001,-0.1925,1.0325000000000002
1631019919039,-0.47250000000000003,-0.15750000000000003,1.0675000000000001
1631019919049,-0.14,-0.28,0.9975
1631019919058,0.17500000000000002,-0.385,0.9975
1631019919068,0.3325,-0.21000000000000002,1.0675000000000001
1631019919077,0.45500000000000007,-0.2625,0.9625000000000001
1631019919087,0.6300000000000001,-0.24500000000000002,0.77
1631019919097,0.6475000000000001,-0.1925,0.6300000000000001
1631019919106,0.56,-0.21000000000000002,0.42000000000000004
1631019919116,0.47250000000000003,-0.3325,0.2625
1631019919125,0.385,-0.525,0.24500000000000002
1631019919135,0.36750000000000005,-0.6475000000000001,0.15750000000000003
1631019919145,0.15750000000000003,-0.6825000000000001,0.15750000000000003
1631019919154,-0.052500000000000005,-0.5775,0.15750000000000003
1631019919164,-0.24500000000000002,-0.7000000000000001,0.08750000000000001
1631019919173,-0.36750000000000005,-0.8400000000000001,0.0
1631019919183,-0.6300000000000001,-0.8400000000000001,0.035
1631019919193,-0.8750000000000001,-0.8750000000000001,0.12250000000000001
1631019919202,-0.9275000000000001,-0.8225000000000001,0.24500000000000002
1631019919212,-1.0325000000000002,-0.8400000000000001,0.31500000000000006
1631019919221,-1.1725,-0.8750000000000001,0.21000000000000002
1631019919231,-1.2075,-1.0150000000000001,0.14
1631019919241,-1.1900000000000002,-1.12,0.15750000000000003
1631019919250,-1.0850000000000002,-1.0150000000000001,0.14
1631019919260,-1.0150000000000001,-0.8400000000000001,-0.035
1631019919269,-0.8925000000000001,-0.7175,-0.07
1631019919279,-0.7525000000000001,-0.7000000000000001,-0.24500000000000002
1631019919289,-0.5950000000000001,-0.8575,-0.28
1631019919298,-0.5775,-0.8225000000000001,-0.28
1631019919308,-0.6300000000000001,-0.7350000000000001,-0.21000000000000002
1631019919317,-0.5950000000000001,-0.8225000000000001,-0.35000000000000003
1631019919327,-0.49000000000000005,-0.9100000000000001,-0.43750000000000006
1631019919337,-0.43750000000000006,-1.0150000000000001,-0.42000000000000004
1631019919346,-0.525,-0.8575,-0.31500000000000006
1631019919356,-0.5425000000000001,-0.6125,-0.14
1631019919365,-0.42000000000000004,-0.5775,-0.035
1631019919375,-0.5950000000000001,-0.5950000000000001,0.12250000000000001
1631019919385,-1.0150000000000001,-0.385,0.5075000000000001
1631019919394,-1.225,-0.42000000000000004,1.0325000000000002
1631019919404,-1.1025,-0.6475000000000001,1.33
1631019919413,-0.9275000000000001,-0.7350000000000001,1.435
1631019919423,-0.6825000000000001,-0.43750000000000006,1.5750000000000002
1631019919433,-0.35000000000000003,0.07,1.7675
1631019919442,-0.15750000000000003,0.43750000000000006,1.5225000000000002
1631019919452,0.035,0.43750000000000006,1.0850000000000002
1631019919461,0.14,0.29750000000000004,0.7000000000000001
1631019919471,0.14,0.4025,0.49000000000000005
1631019919481,0.1925,0.29750000000000004,0.31500000000000006
1631019919490,0.28,-0.052500000000000005,0.22750000000000004
1631019919500,0.36750000000000005,-0.22750000000000004,0.15750000000000003
1631019919509,0.22750000000000004,-0.2625,0.15750000000000003
1631019919519,0.10500000000000001,-0.49000000000000005,0.22750000000000004
1631019919529,0.08750000000000001,-0.805,0.1925
1631019919538,-0.08750000000000001,-1.0325000000000002,0.12250000000000001
1631019919548,-0.3325,-1.0675000000000001,0.0175
1631019919557,-0.5425000000000001,-1.155,0.07
1631019919567,-0.6825000000000001,-1.3125000000000002,0.052500000000000005
1631019919577,-0.805,-1.435,-0.035
1631019919586,-0.8750000000000001,-1.3475000000000001,-0.07
1631019919596,-0.8225000000000001,-1.2425000000000002,-0.15750000000000003
1631019919605,-0.8925000000000001,-1.2775,-0.21000000000000002
1631019919615,-1.1725,-1.1725,-0.3325
1631019919625,-1.2775,-1.1900000000000002,-0.22750000000000004
1631019919634,-1.12,-1.3650000000000002,0.0175
1631019919644,-0.9100000000000001,-1.54,0.052500000000000005
1631019919653,-0.9100000000000001,-1.1375000000000002,0.14
1631019919663,-0.7000000000000001,-0.77,0.28
1631019919673,-0.4025,-0.6825000000000001,0.47250000000000003
1631019919682,-0.1925,-0.8575,0.56
1631019919692,-0.035,-0.9450000000000001,0.49000000000000005
1631019919701,0.07,-0.77,0.43750000000000006
1631019919711,0.10500000000000001,-0.665,0.36750000000000005
1631019919721,0.29750000000000004,-0.7175,0.21000000000000002
1631019919730,0.17500000000000002,-0.665,0.0175
1631019919740,0.08750000000000001,-0.4025,-0.14
1631019919749,0.07,-0.3325,-0.1925
1631019919759,-0.0175,-0.4025,-0.2625
1631019919769,-0.1925,-0.2625,-0.35000000000000003
1631019919778,-0.42000000000000004,-0.0175,-0.36750000000000005
1631019919788,-0.6125,0.035,-0.36750000000000005
1631019919797,-0.7350000000000001,0.0,-0.35000000000000003
1631019919807,-0.8400000000000001,0.035,-0.35000000000000003
1631019919817,-0.7875000000000001,0.10500000000000001,-0.22750000000000004
1631019919826,-0.5950000000000001,0.052500000000000005,-0.15750000000000003
1631019919836,-0.6125,-0.07,-0.1925
1631019919845,-0.56,-0.21000000000000002,-0.08750000000000001
1631019919855,-0.43750000000000006,-0.4025,0.0175
1631019919865,-0.28,-0.5075000000000001,-0.0175
1631019919874,-0.17500000000000002,-0.6125,-0.08750000000000001
1631019919884,-0.14,-0.7350000000000001,-0.10500000000000001
1631019919893,-0.10500000000000001,-0.9625000000000001,-0.17500000000000002
1631019919903,-0.10500000000000001,-0.9625000000000001,-0.28
1631019919913,-0.08750000000000001,-0.9100000000000001,-0.24500000000000002
1631019919922,-0.14,-0.9275000000000001,-0.24500000000000002
1631019919932,-0.22750000000000004,-0.9100000000000001,-0.28
1631019919941,-0.31500000000000006,-0.9275000000000001,-0.24500000000000002
1631019919951,-0.525,-0.9450000000000001,-0.28
1631019919961,-0.6300000000000001,-1.0150000000000001,-0.31500000000000006
1631019919970,-0.6825000000000001,-0.9975,-0.43750000000000006
1631019919980,-0.805,-0.8925000000000001,-0.45500000000000007
1631019919989,-0.7525000000000001,-0.7875000000000001,-0.525
1631019919999,-0.7175,-0.665,-0.36750000000000005
1631019920009,-0.7000000000000001,-0.45500000000000007,-0.12250000000000001
1631019920018,-0.9100000000000001,-0.1925,0.15750000000000003
1631019920028,-1.0675000000000001,-0.035,0.7350000000000001
1631019920037,-0.9800000000000001,-0.28,1.5225000000000002
1631019920047,-0.49000000000000005,-0.9975,1.9425000000000001
1631019920057,-0.052500000000000005,-1.1375000000000002,2.345
1631019920066,0.47250000000000003,-0.7350000000000001,3.0100000000000002
1631019920076,1.12,-0.4025,3.535
1631019920085,1.61,-0.5425000000000001,3.535
1631019920095,2.0125,-0.8750000000000001,3.3075
1631019920105,2.24,-0.9975,3.1850000000000005
1631019920114,2.345,-0.9100000000000001,2.9400000000000004
1631019920124,2.45,-0.9975,2.6075000000000004
1631019920133,2.4325,-1.0150000000000001,2.345
1631019920143,2.45,-1.12,2.2925000000000004
1631019920153,2.3625000000000003,-1.1725,2.1
1631019920162,2.205,-1.05,1.8900000000000001
1631019920172,1.9250000000000003,-0.9975,1.6625
1631019920181,1.4525000000000001,-0.77,1.5750000000000002
1631019920191,1.2425000000000002,-0.9100000000000001,1.3650000000000002
1631019920201,0.9625000000000001,-0.9975,1.05
1631019920210,0.6125,-0.9800000000000001,0.7875000000000001
1631019920220,0.28,-0.8750000000000001,0.49000000000000005
1631019920229,-0.07,-0.9100000000000001,0.07
1631019920239,-0.17500000000000002,-0.805,-0.2625
1631019920249,-0.36750000000000005,-0.5950000000000001,-0.5775
1631019920258,-0.7875000000000001,-0.29750000000000004,-0.8225000000000001
1631019920268,-1.1025,0.052500000000000005,-0.7875000000000001
1631019920277,-1.2950000000000002,0.10500000000000001,-0.7175
1631019920287,-1.3650000000000002,0.035,-0.7000000000000001
1631019920297,-1.2775,0.31500000000000006,-0.6475000000000001
1631019920306,-1.2775,0.7875000000000001,-0.3325
1631019920316,-1.0150000000000001,0.8925000000000001,0.052500000000000005
1631019920325,-0.5950000000000001,0.7525000000000001,0.21000000000000002
1631019920335,-0.3325,0.7175,0.29750000000000004
1631019920345,-0.15750000000000003,0.8225000000000001,0.29750000000000004
1631019920354,0.35000000000000003,0.56,0.14
1631019920364,0.5950000000000001,0.29750000000000004,-0.07
1631019920373,0.665,0.1925,-0.12250000000000001
1631019920383,0.805,0.14,-0.15750000000000003
1631019920393,0.8400000000000001,-0.22750000000000004,-0.17500000000000002
1631019920402,0.8575,-0.525,-0.08750000000000001
1631019920412,0.805,-0.7350000000000001,0.0175
1631019920421,0.5775,-0.8400000000000001,0.035
1631019920431,0.42000000000000004,-0.9975,0.08750000000000001
1631019920441,0.12250000000000001,-1.2775,0.14
1631019920450,-0.21000000000000002,-1.5225000000000002,0.21000000000000002
1631019920460,-0.35000000000000003,-1.6450000000000002,0.24500000000000002
1631019920469,-0.665,-1.5925000000000002,0.43750000000000006
1631019920479,-0.8225000000000001,-1.5925000000000002,0.525
1631019920489,-1.0325000000000002,-1.4000000000000001,0.49000000000000005
1631019920498,-1.155,-1.435,0.5775
1631019920508,-0.9975,-1.6275000000000002,0.6300000000000001
1631019920517,-0.9625000000000001,-1.5575,0.525
1631019920527,-0.8925000000000001,-1.4000000000000001,0.43750000000000006
1631019920537,-0.6825000000000001,-1.33,0.36750000000000005
1631019920546,-0.5425000000000001,-1.225,0.15750000000000003
1631019920556,-0.43750000000000006,-1.155,-0.035
1631019920565,-0.31500000000000006,-1.0675000000000001,-0.1925
1631019920575,-0.21000000000000002,-1.0675000000000001,-0.24500000000000002
1631019920585,-0.17500000000000002,-1.155,-0.47250000000000003
1631019920594,-0.1925,-1.2075,-0.7525000000000001
1631019920604,-0.14,-1.3125000000000002,-0.9100000000000001
1631019920613,-0.10500000000000001,-1.2775,-0.9800000000000001
1631019920623,-0.052500000000000005,-1.225,-1.0850000000000002
1631019920633,-0.035,-1.05,-0.9450000000000001
1631019920642,0.07,-1.0850000000000002,-1.0325000000000002
1631019920652,-0.35000000000000003,-0.7175,-0.8575
1631019920661,-0.77,-0.28,-0.21000000000000002
1631019920671,-0.5075000000000001,-0.525,0.29750000000000004
1631019920681,-0.35000000000000003,-0.805,0.385
1631019920690,-0.14,-0.665,0.56
1631019920700,0.035,-0.10500000000000001,0.9800000000000001
1631019920709,0.3325,0.08750000000000001,0.9800000000000001
1631019920719,0.525,-0.08750000000000001,0.6825000000000001
1631019920729,0.7000000000000001,-0.21000000000000002,0.43750000000000006
1631019920738,0.8225000000000001,-0.10500000000000001,0.3325
1631019920748,0.805,-0.15750000000000003,0.14
1631019920757,0.6300000000000001,-0.31500000000000006,-0.10500000000000001
1631019920767,0.665,-0.35000000000000003,-0.24500000000000002
1631019920777,0.7000000000000001,-0.29750000000000004,-0.1925
1631019920786,0.49000000000000005,-0.31500000000000006,-0.1925
1631019920796,0.3325,-0.5950000000000001,-0.14
1631019920805,0.15750000000000003,-0.665,-0.12250000000000001
1631019920815,-0.0175,-0.7175,-0.22750000000000004
1631019920825,-0.24500000000000002,-0.8750000000000001,-0.31500000000000006
1631019920834,-0.525,-1.2075,-0.43750000000000006
1631019920844,-0.8225000000000001,-1.2775,-0.45500000000000007
1631019920853,-0.8225000000000001,-1.2425000000000002,-0.6125
1631019920863,-1.0675000000000001,-1.05,-0.6475000000000001
1631019920873,-0.9625000000000001,-1.1725,-0.6125
1631019920882,-0.9975,-1.225,-0.665
1631019920892,-1.1725,-0.9800000000000001,-0.5950000000000001
1631019920901,-1.1375000000000002,-0.665,-0.1925
1631019920911,-0.8575,-1.05,0.08750000000000001
1631019920921,-0.7350000000000001,-1.2600000000000002,-0.0175
1631019920930,-0.7875000000000001,-0.8400000000000001,-0.035
1631019920940,-0.56,-0.5075000000000001,0.1925
1631019920949,-0.28,-0.36750000000000005,0.4025
1631019920959,0.10500000000000001,-0.43750000000000006,0.35000000000000003
1631019920969,0.385,-0.21000000000000002,0.35000000000000003
1631019920978,0.45500000000000007,0.1925,0.17500000000000002
1631019920988,0.5075000000000001,0.28,-0.052500000000000005
1631019920997,0.6125,0.29750000000000004,-0.22750000000000004
1631019921007,0.6475000000000001,0.35000000000000003,-0.31500000000000006
1631019921017,0.665,0.31500000000000006,-0.5075000000000001
1631019921026,0.56,0.3325,-0.5425000000000001
1631019921036,0.5775,0.29750000000000004,-0.56
1631019921045,0.47250000000000003,0.24500000000000002,-0.525
1631019921055,0.36750000000000005,0.17500000000000002,-0.47250000000000003
1631019921065,0.24500000000000002,-0.035,-0.4025
1631019921074,0.17500000000000002,-0.28,-0.3325
1631019921084,0.07,-0.525,-0.2625
1631019921093,-0.12250000000000001,-0.5075000000000001,-0.10500000000000001
1631019921103,-0.22750000000000004,-0.5775,0.052500000000000005
1631019921113,-0.29750000000000004,-0.5775,0.15750000000000003
1631019921122,-0.29750000000000004,-0.5075000000000001,0.22750000000000004
1631019921132,-0.21000000000000002,-0.7175,0.2625
1631019921141,-0.21000000000000002,-0.9275000000000001,0.35000000000000003
1631019921151,-0.21000000000000002,-0.8750000000000001,0.4025
1631019921161,-0.17500000000000002,-0.7175,0.36750000000000005
1631019921170,-0.10500000000000001,-0.6300000000000001,0.36750000000000005
1631019921180,-0.035,-0.6825000000000001,0.3325
1631019921189,-0.07,-0.5075000000000001,0.2625
1631019921199,-0.07,-0.42000000000000004,0.22750000000000004
1631019921209,-0.10500000000000001,-0.56,0.2625
1631019921218,-0.12250000000000001,-0.77,0.22750000000000004
1631019921228,-0.17500000000000002,-0.7525000000000001,0.12250000000000001
1631019921237,-0.2625,-0.7350000000000001,-0.052500000000000005
1631019921247,-0.385,-0.8400000000000001,-0.10500000000000001
1631019921257,-0.5775,-0.7000000000000001,0.052500000000000005
1631019921266,-0.7000000000000001,-0.56,0.21000000000000002
1631019921276,-0.8575,-0.42000000000000004,0.24500000000000002
1631019921285,-1.1900000000000002,-0.35000000000000003,0.665
1631019921295,-1.2950000000000002,-0.385,1.12
1631019921305,-1.0675000000000001,-0.8575,1.2775
1631019921314,-0.9275000000000001,-0.8400000000000001,1.3825
1631019921324,-0.5950000000000001,-0.4025,1.7500000000000002
1631019921333,-0.035,-0.12250000000000001,2.0475000000000003
1631019921343,0.36750000000000005,-0.0175,1.6975000000000002
1631019921353,0.56,0.07,1.2600000000000002
1631019921362,0.5775,0.12250000000000001,0.9800000000000001
1631019921372,0.7000000000000001,0.08750000000000001,0.665
1631019921381,0.7350000000000001,0.07,0.28
1631019921391,0.5775,0.29750000000000004,0.07
1631019921401,0.5075000000000001,0.3325,-0.08750000000000001
1631019921410,0.42000000000000004,0.07,-0.1925
1631019921420,0.15750000000000003,-0.0175,-0.29750000000000004
1631019921429,0.0,0.0175,-0.29750000000000004
1631019921439,-0.28,0.0175,-0.3325
1631019921449,-0.5075000000000001,-0.10500000000000001,-0.43750000000000006
1631019921458,-0.7350000000000001,-0.24500000000000002,-0.45500000000000007
1631019921468,-0.6825000000000001,-0.5075000000000001,-0.385
1631019921477,-0.9625000000000001,-0.4025,-0.36750000000000005
1631019921487,-0.9800000000000001,-0.49000000000000005,-0.36750000000000005
1631019921497,-0.9275000000000001,-0.665,-0.31500000000000006
1631019921506,-0.805,-0.8225000000000001,-0.2625
1631019921516,-0.9625000000000001,-0.7175,-0.2625
1631019921525,-1.1725,-0.5075000000000001,-0.12250000000000001
1631019921535,-1.1725,-0.665,0.17500000000000002
1631019921545,-1.1025,-0.9975,0.29750000000000004
1631019921554,-1.1375000000000002,-0.9975,0.43750000000000006
1631019921564,-1.05,-0.77,0.56
1631019921573,-1.1025,-0.6300000000000001,0.7350000000000001
1631019921583,-1.1025,-0.5950000000000001,0.9450000000000001
1631019921593,-1.0850000000000002,-0.6825000000000001,0.9625000000000001
1631019921602,-1.2075,-0.5950000000000001,0.9275000000000001
1631019921612,-1.2075,-0.56,0.8575
1631019921621,-1.0850000000000002,-0.7525000000000001,0.8225000000000001
1631019921631,-0.8925000000000001,-1.1900000000000002,0.7000000000000001
1631019921641,-0.9625000000000001,-1.05,0.7000000000000001
1631019921650,-0.8400000000000001,-1.1025,0.6300000000000001
1631019921660,-0.7525000000000001,-1.2425000000000002,0.6300000000000001
1631019921669,-0.525,-1.4175000000000002,0.6125
1631019921679,-0.56,-1.3125000000000002,0.6300000000000001
1631019921689,-0.5775,-1.3125000000000002,0.5775
1631019921698,-0.7350000000000001,-1.3825,0.5425000000000001
1631019921708,-0.8400000000000001,-1.4875,0.525
1631019921717,-0.9975,-1.4875,0.6300000000000001
1631019921727,-1.1375000000000002,-1.3825,0.5950000000000001
1631019921737,-1.2775,-1.33,0.6475000000000001
1631019921746,-1.1725,-1.3125000000000002,0.6125
1631019921756,-1.12,-1.0150000000000001,0.5425000000000001
1631019921765,-1.1025,-0.6125,0.5075000000000001
1631019921775,-0.7525000000000001,-0.5950000000000001,0.4025
1631019921785,-0.525,-0.5425000000000001,0.4025
1631019921794,-0.36750000000000005,-0.36750000000000005,0.35000000000000003
1631019921804,-0.12250000000000001,-0.42000000000000004,0.24500000000000002
1631019921813,0.0175,-0.36750000000000005,0.21000000000000002
1631019921823,0.14,-0.47250000000000003,0.08750000000000001
1631019921833,0.15750000000000003,-0.7175,-0.052500000000000005
1631019921842,0.10500000000000001,-0.7175,-0.24500000000000002
1631019921852,0.10500000000000001,-0.7525000000000001,-0.28
1631019921861,0.07,-0.7175,-0.35000000000000003
1631019921871,0.0,-0.47250000000000003,-0.3325
1631019921881,-0.10500000000000001,-0.17500000000000002,-0.12250000000000001
1631019921890,-0.17500000000000002,-0.07,0.052500000000000005
1631019921900,-0.43750000000000006,-0.035,0.29750000000000004
1631019921909,-0.9100000000000001,-0.08750000000000001,0.8400000000000001
1631019921919,-0.8575,-0.42000000000000004,1.155
1631019921929,-0.7525000000000001,-0.6300000000000001,1.3475000000000001
1631019921938,-0.5075000000000001,-0.5775,1.4875
1631019921948,-0.24500000000000002,-0.08750000000000001,1.61
1631019921957,-0.052500000000000005,0.45500000000000007,1.6450000000000002
1631019921967,0.1925,0.36750000000000005,1.2075
1631019921977,0.24500000000000002,0.08750000000000001,0.8225000000000001
1631019921986,0.15750000000000003,0.035,0.6125
1631019921996,0.0175,0.12250000000000001,0.5075000000000001
1631019922005,0.052500000000000005,-0.035,0.43750000000000006
1631019922015,0.07,-0.385,0.5075000000000001
1631019922025,-0.035,-0.7350000000000001,0.5425000000000001
1631019922034,-0.24500000000000002,-1.0325000000000002,0.43750000000000006
1631019922044,-0.28,-1.2600000000000002,0.47250000000000003
1631019922053,-0.3325,-1.5225000000000002,0.43750000000000006
1631019922063,-0.47250000000000003,-1.5225000000000002,0.3325
1631019922073,-0.5425000000000001,-1.4700000000000002,0.35000000000000003
1631019922082,-0.525,-1.6275000000000002,0.21000000000000002
1631019922092,-0.5425000000000001,-1.6275000000000002,0.035
1631019922101,-0.47250000000000003,-1.3650000000000002,-0.10500000000000001
1631019922111,-0.385,-1.155,-0.17500000000000002
1631019922121,-0.5775,-0.8225000000000001,-0.24500000000000002
1631019922130,-0.8925000000000001,-0.5425000000000001,-0.385
1631019922140,-1.0675000000000001,-0.385,-0.2625
1631019922149,-1.0325000000000002,-0.6825000000000001,-0.14
1631019922159,-1.0325000000000002,-0.9275000000000001,-0.15750000000000003
1631019922169,-0.9975,-0.5775,-0.12250000000000001
1631019922178,-0.7875000000000001,-0.10500000000000001,0.035
1631019922188,-0.5425000000000001,0.12250000000000001,0.12250000000000001
1631019922197,-0.28,-0.07,0.10500000000000001
1631019922207,0.035,-0.1925,-0.0175
1631019922217,0.10500000000000001,0.0175,-0.1925
1631019922226,0.1925,0.29750000000000004,-0.49000000000000005
1631019922236,0.21000000000000002,0.31500000000000006,-0.6300000000000001
1631019922245,0.29750000000000004,-0.0175,-0.7875000000000001
1631019922255,0.12250000000000001,0.12250000000000001,-0.805
1631019922265,0.08750000000000001,0.08750000000000001,-0.8750000000000001
1631019922274,-0.1925,0.0175,-0.8750000000000001
1631019922284,-0.24500000000000002,-0.07,-0.8750000000000001
1631019922293,-0.36750000000000005,-0.10500000000000001,-0.8575
1631019922303,-0.6125,-0.052500000000000005,-0.805
1631019922313,-0.805,-0.0175,-0.8400000000000001
1631019922322,-0.9800000000000001,0.0,-0.8575
1631019922332,-0.9275000000000001,-0.3325,-0.805
1631019922341,-0.9100000000000001,-0.5425000000000001,-0.6475000000000001
1631019922351,-0.9625000000000001,-0.5950000000000001,-0.5775
1631019922361,-0.8925000000000001,-0.6300000000000001,-0.45500000000000007
1631019922370,-0.7525000000000001,-0.7875000000000001,-0.24500000000000002
1631019922380,-0.7525000000000001,-0.8225000000000001,-0.1925
1631019922389,-0.6300000000000001,-0.77,-0.15750000000000003
1631019922399,-0.3325,-0.8925000000000001,-0.07
1631019922409,-0.28,-0.8400000000000001,0.0175
1631019922418,-0.3325,-0.5425000000000001,0.035
1631019922428,-0.22750000000000004,-0.43750000000000006,0.052500000000000005
1631019922437,-0.035,-0.665,0.14
1631019922447,-0.052500000000000005,-0.6300000000000001,0.22750000000000004
1631019922457,-0.12250000000000001,-0.56,0.15750000000000003
1631019922466,0.12250000000000001,-0.5075000000000001,0.12250000000000001
1631019922476,0.2625,-0.665,0.12250000000000001
1631019922485,0.24500000000000002,-0.6825000000000001,0.12250000000000001
1631019922495,0.22750000000000004,-0.6125,0.22750000000000004
1631019922505,0.21000000000000002,-0.29750000000000004,0.42000000000000004
1631019922514,0.10500000000000001,-0.28,0.5425000000000001
1631019922524,-0.22750000000000004,-0.31500000000000006,0.9100000000000001
1631019922533,-0.31500000000000006,-0.6125,1.33
1631019922543,-0.22750000000000004,-0.8925000000000001,1.5050000000000001
1631019922553,-0.052500000000000005,-0.9275000000000001,1.4875
1631019922562,0.15750000000000003,-0.5775,1.6975000000000002
1631019922572,0.31500000000000006,-0.12250000000000001,1.7850000000000001
1631019922581,0.525,0.12250000000000001,1.4175000000000002
1631019922591,0.525,0.22750000000000004,0.9800000000000001
1631019922601,0.6300000000000001,0.1925,0.5950000000000001
1631019922610,0.5950000000000001,0.22750000000000004,0.36750000000000005
1631019922620,0.525,0.12250000000000001,0.0
1631019922629,0.5075000000000001,0.10500000000000001,-0.15750000000000003
1631019922639,0.4025,0.21000000000000002,-0.21000000000000002
1631019922649,0.3325,0.10500000000000001,-0.31500000000000006
1631019922658,0.29750000000000004,-0.14,-0.4025
1631019922668,0.21000000000000002,-0.28,-0.385
1631019922677,0.10500000000000001,-0.36750000000000005,-0.4025
1631019922687,0.0,-0.43750000000000006,-0.35000000000000003
1631019922697,-0.035,-0.6125,-0.4025
1631019922706,-0.10500000000000001,-0.6300000000000001,-0.43750000000000006
1631019922716,-0.21000000000000002,-0.6125,-0.4025
1631019922725,-0.2625,-0.5425000000000001,-0.49000000000000005
1631019922735,-0.12250000000000001,-0.5775,-0.47250000000000003
1631019922745,-0.29750000000000004,-0.2625,-0.56
1631019922754,-0.36750000000000005,-0.07,-0.47250000000000003
1631019922764,-0.28,-0.12250000000000001,-0.14
1631019922773,-0.15750000000000003,-0.5075000000000001,-0.12250000000000001
1631019922783,-0.08750000000000001,-0.6125,-0.10500000000000001
1631019922793,-0.052500000000000005,-0.22750000000000004,0.07
1631019922802,0.31500000000000006,-0.035,0.36750000000000005
1631019922812,0.56,-0.07,0.47250000000000003
1631019922821,0.77,-0.1925,0.49000000000000005
1631019922831,0.9800000000000001,-0.14,0.43750000000000006
1631019922841,1.1025,0.035,0.43750000000000006
1631019922850,1.2600000000000002,0.07,0.4025
1631019922860,1.3825,-0.0175,0.2625
1631019922869,1.4175000000000002,-0.07,0.1925
1631019922879,1.5575,-0.08750000000000001,0.14
1631019922889,1.5925000000000002,-0.21000000000000002,0.10500000000000001
1631019922898,1.7500000000000002,-0.56,0.08750000000000001
1631019922908,1.6625,-0.6300000000000001,0.07
1631019922917,1.3475000000000001,-0.7000000000000001,0.07
1631019922927,1.225,-1.0325000000000002,0.07
1631019922937,0.8575,-1.0675000000000001,0.07
1631019922946,0.4025,-1.0675000000000001,0.0
1631019922956,0.08750000000000001,-1.2075,-0.07
1631019922965,-0.2625,-1.3650000000000002,-0.07
1631019922975,-0.525,-1.4700000000000002,0.0
1631019922985,-0.8225000000000001,-1.2600000000000002,0.0175
1631019922994,-1.0325000000000002,-1.0850000000000002,0.0
1631019923004,-1.05,-0.9450000000000001,0.0
1631019923013,-1.1375000000000002,-0.8925000000000001,-0.10500000000000001
1631019923023,-1.12,-0.8925000000000001,-0.14
1631019923033,-1.0850000000000002,-0.7875000000000001,-0.17500000000000002
1631019923042,-1.12,-0.7350000000000001,-0.29750000000000004
1631019923052,-1.0675000000000001,-0.7175,-0.4025
1631019923061,-1.0325000000000002,-0.7525000000000001,-0.45500000000000007
1631019923071,-0.8925000000000001,-0.77,-0.5775
1631019923081,-0.7875000000000001,-0.5425000000000001,-0.665
1631019923090,-0.7350000000000001,-0.45500000000000007,-0.7000000000000001
1631019923100,-0.5775,-0.47250000000000003,-0.7525000000000001
1631019923109,-0.49000000000000005,-0.36750000000000005,-0.6300000000000001
1631019923119,-0.42000000000000004,-0.0175,-0.36750000000000005
1631019923129,-0.31500000000000006,0.10500000000000001,-0.07
1631019923138,-0.56,0.29750000000000004,0.42000000000000004
1631019923148,-0.525,0.21000000000000002,0.9625000000000001
1631019923157,-0.31500000000000006,-0.22750000000000004,1.2075
1631019923167,0.0175,-0.45500000000000007,1.3125000000000002
1631019923177,0.22750000000000004,-0.1925,1.5050000000000001
1631019923186,0.5425000000000001,0.052500000000000005,1.8025000000000002
1631019923196,0.8400000000000001,-0.14,1.8025000000000002
1631019923205,0.9275000000000001,-0.29750000000000004,1.4700000000000002
1631019923215,0.8750000000000001,-0.08750000000000001,1.225
1631019923225,0.665,0.12250000000000001,1.0150000000000001
1631019923234,0.7175,-0.10500000000000001,0.7175
1631019923244,0.8225000000000001,-0.3325,0.4025
1631019923253,0.5425000000000001,-0.052500000000000005,0.28
1631019923263,0.28,0.17500000000000002,0.24500000000000002
1631019923273,0.15750000000000003,-0.0175,0.22750000000000004
1631019923282,0.0,-0.3325,0.10500000000000001
1631019923292,-0.15750000000000003,-0.56,-0.08750000000000001
1631019923301,-0.35000000000000003,-0.7000000000000001,-0.24500000000000002
1631019923311,-0.45500000000000007,-0.77,-0.385
1631019923321,-0.5775,-0.8225000000000001,-0.45500000000000007
1631019923330,-0.7175,-0.8750000000000001,-0.5425000000000001
1631019923340,-0.805,-0.8750000000000001,-0.6475000000000001
1631019923349,-0.7875000000000001,-0.8575,-0.5950000000000001
1631019923359,-0.805,-0.8925000000000001,-0.6475000000000001
1631019923369,-0.9975,-0.7350000000000001,-0.7000000000000001
1631019923378,-1.1725,-0.47250000000000003,-0.45500000000000007
1631019923388,-1.12,-0.665,-0.07
1631019923397,-1.12,-0.9450000000000001,0.08750000000000001
1631019923407,-1.1375000000000002,-0.8400000000000001,0.17500000000000002
1631019923417,-0.8925000000000001,-0.6300000000000001,0.3325
1631019923426,-0.43750000000000006,-0.56,0.49000000000000005
1631019923436,-0.12250000000000001,-0.47250000000000003,0.56
1631019923445,0.22750000000000004,-0.525,0.525
1631019923455,0.7525000000000001,-0.8225000000000001,0.56
1631019923465,0.9275000000000001,-0.7350000000000001,0.45500000000000007
1631019923474,1.155,-0.7350000000000001,0.17500000000000002
1631019923484,1.2775,-0.7000000000000001,0.08750000000000001
1631019923493,1.1725,-0.47250000000000003,0.0175
1631019923503,1.0150000000000001,-0.42000000000000004,-0.12250000000000001
1631019923513,0.9275000000000001,-0.3325,-0.12250000000000001
1631019923522,0.7525000000000001,-0.3325,-0.0175
1631019923532,0.6475000000000001,-0.28,0.035
1631019923541,0.56,-0.31500000000000006,0.052500000000000005
1631019923551,0.35000000000000003,-0.29750000000000004,0.07
1631019923561,0.2625,-0.4025,0.29750000000000004
1631019923570,0.2625,-0.56,0.45500000000000007
1631019923580,0.07,-0.5075000000000001,0.5075000000000001
1631019923589,0.17500000000000002,-0.6825000000000001,0.56
1631019923599,0.24500000000000002,-1.0675000000000001,0.6475000000000001
1631019923609,0.17500000000000002,-1.2775,0.7175
1631019923618,0.14,-1.3825,0.665
1631019923628,0.12250000000000001,-1.2425000000000002,0.665
1631019923637,0.17500000000000002,-1.1025,0.5425000000000001
1631019923647,0.14,-1.0150000000000001,0.31500000000000006
1631019923657,0.07,-1.0150000000000001,0.28
1631019923666,-0.0175,-0.8925000000000001,0.24500000000000002
1631019923676,-0.12250000000000001,-0.77,0.22750000000000004
1631019923685,-0.21000000000000002,-0.5950000000000001,0.21000000000000002
1631019923695,-0.31500000000000006,-0.385,0.15750000000000003
1631019923705,-0.36750000000000005,-0.28,0.0175
1631019923714,-0.385,-0.28,-0.07
1631019923724,-0.3325,-0.4025,-0.15750000000000003
1631019923733,-0.15750000000000003,-0.36750000000000005,-0.14
1631019923743,-0.12250000000000001,-0.10500000000000001,0.08750000000000001
1631019923753,-0.29750000000000004,0.1925,0.2625
1631019923762,-0.36750000000000005,0.3325,0.6125
1631019923772,-0.1925,0.07,0.9800000000000001
1631019923781,-0.052500000000000005,-0.385,1.225
1631019923791,-0.07,-0.36750000000000005,1.2950000000000002
1631019923801,0.08750000000000001,-0.12250000000000001,1.5925000000000002
1631019923810,0.36750000000000005,0.0175,1.8200000000000003
1631019923820,0.49000000000000005,-0.12250000000000001,1.6275000000000002
1631019923829,0.47250000000000003,-0.35000000000000003,1.2425000000000002
1631019923839,0.385,-0.22750000000000004,0.9275000000000001
1631019923849,0.2625,-0.17500000000000002,0.5950000000000001
1631019923858,0.07,-0.385,0.47250000000000003
1631019923868,-0.0175,-0.45500000000000007,0.29750000000000004
1631019923877,-0.3325,-0.10500000000000001,0.3325
1631019923887,-0.36750000000000005,-0.12250000000000001,0.35000000000000003
1631019923897,-0.36750000000000005,-0.42000000000000004,0.36750000000000005
1631019923906,-0.42000000000000004,-0.7350000000000001,0.35000000000000003
1631019923916,-0.5075000000000001,-0.8750000000000001,0.35000000000000003
1631019923925,-0.5075000000000001,-1.0325000000000002,0.36750000000000005
1631019923935,-0.5775,-1.3650000000000002,0.35000000000000003
1631019923945,-0.7350000000000001,-1.61,0.29750000000000004
1631019923954,-0.805,-1.6275000000000002,0.28
1631019923964,-0.8575,-1.61,0.22750000000000004
1631019923973,-0.7350000000000001,-1.5575,0.08750000000000001
1631019923983,-0.7000000000000001,-1.3475000000000001,0.10500000000000001
1631019923993,-0.805,-1.1375000000000002,0.15750000000000003
1631019924002,-1.0150000000000001,-0.77,0.31500000000000006
1631019924012,-0.9450000000000001,-0.665,0.385
1631019924021,-0.805,-0.8225000000000001,0.36750000000000005
1631019924031,-0.8225000000000001,-0.6300000000000001,0.4025
1631019924041,-0.665,-0.35000000000000003,0.525
1631019924050,-0.29750000000000004,-0.17500000000000002,0.7875000000000001
1631019924060,-0.052500000000000005,0.0,0.805
1631019924069,0.3325,-0.052500000000000005,0.6300000000000001
1631019924079,0.6125,-0.035,0.56
1631019924089,0.7175,0.0175,0.35000000000000003
1631019924098,0.8750000000000001,0.035,0.12250000000000001
1631019924108,1.0325000000000002,0.052500000000000005,0.14
1631019924117,1.0850000000000002,0.10500000000000001,0.07
1631019924127,0.9625000000000001,0.28,-0.10500000000000001
1631019924137,0.8225000000000001,0.28,-0.31500000000000006
1631019924146,0.7000000000000001,0.21000000000000002,-0.31500000000000006
1631019924156,0.5950000000000001,0.10500000000000001,-0.28
1631019924165,0.36750000000000005,0.07,-0.31500000000000006
1631019924175,0.17500000000000002,0.10500000000000001,-0.35000000000000003
1631019924185,-0.0175,-0.052500000000000005,-0.21000000000000002
1631019924194,-0.15750000000000003,-0.22750000000000004,-0.15750000000000003
1631019924204,-0.35000000000000003,-0.1925,0.0
1631019924213,-0.47250000000000003,-0.36750000000000005,0.0175
1631019924223,-0.525,-0.5775,0.08750000000000001
1631019924233,-0.5075000000000001,-0.7875000000000001,0.21000000000000002
1631019924242,-0.49000000000000005,-0.9100000000000001,0.22750000000000004
1631019924252,-0.49000000000000005,-0.9450000000000001,0.2625
1631019924261,-0.525,-0.9450000000000001,0.29750000000000004
1631019924271,-0.56,-0.8750000000000001,0.17500000000000002
1631019924281,-0.5075000000000001,-0.9450000000000001,0.052500000000000005
1631019924290,-0.5425000000000001,-0.9100000000000001,0.08750000000000001
1631019924300,-0.665,-0.8575,0.17500000000000002
1631019924309,-0.6825000000000001,-0.8400000000000001,0.07
1631019924319,-0.77,-0.8225000000000001,-0.08750000000000001
1631019924329,-0.805,-0.8225000000000001,-0.08750000000000001
1631019924338,-0.77,-0.9450000000000001,-0.1925
1631019924348,-0.665,-0.7350000000000001,-0.28
1631019924357,-0.6475000000000001,-0.3325,-0.14
1631019924367,-0.6300000000000001,-0.35000000000000003,0.12250000000000001
1631019924377,-0.6125,-0.6300000000000001,0.31500000000000006
1631019924386,-1.05,-0.5425000000000001,0.7525000000000001
1631019924396,-1.0850000000000002,-0.77,1.0850000000000002
1631019924405,-1.1375000000000002,-0.8750000000000001,1.2775
1631019924415,-0.8750000000000001,-1.12,1.4525000000000001
1631019924425,-0.43750000000000006,-1.05,1.6625
1631019924434,0.0175,-0.5425000000000001,1.8200000000000003
1631019924444,0.1925,0.08750000000000001,1.6625
1631019924453,0.28,0.10500000000000001,1.12
1631019924463,0.385,-0.21000000000000002,0.805
1631019924473,0.14,-0.21000000000000002,0.56
1631019924482,-0.12250000000000001,-0.21000000000000002,0.1925
1631019924492,-0.22750000000000004,-0.3325,-0.035
1631019924501,-0.28,-0.5950000000000001,-0.035
1631019924511,-0.4025,-0.7000000000000001,-0.07
1631019924521,-0.525,-0.6300000000000001,-0.035
1631019924530,-0.49000000000000005,-0.9450000000000001,-0.08750000000000001
1631019924540,-0.47250000000000003,-1.0150000000000001,-0.12250000000000001
1631019924549,-0.5075000000000001,-1.1725,-0.08750000000000001
1631019924559,-0.5075000000000001,-1.1725,0.0175
1631019924569,-0.5425000000000001,-1.1900000000000002,0.12250000000000001
1631019924578,-0.6300000000000001,-1.2775,0.052500000000000005
1631019924588,-0.5950000000000001,-1.4175000000000002,0.0175
1631019924597,-0.5775,-1.4000000000000001,0.10500000000000001
1631019924607,-0.6125,-1.3825,0.0
1631019924617,-0.9975,-1.0850000000000002,-0.035
1631019924626,-1.2075,-0.8750000000000001,0.17500000000000002
1631019924636,-1.225,-1.05,0.24500000000000002
1631019924645,-1.1900000000000002,-1.05,0.2625
1631019924655,-1.2075,-0.5425000000000001,0.45500000000000007
1631019924665,-0.9975,-0.14,0.7175
1631019924674,-0.6475000000000001,-0.07,0.8925000000000001
1631019924684,-0.29750000000000004,-0.22750000000000004,0.9975
1631019924693,-0.10500000000000001,-0.29750000000000004,0.8925000000000001
1631019924703,0.0175,-0.07,0.9100000000000001
1631019924713,0.14,-0.10500000000000001,0.805
1631019924722,0.35000000000000003,-0.49000000000000005,0.6475000000000001
1631019924732,0.4025,-0.5425000000000001,0.5075000000000001
1631019924741,0.3325,-0.43750000000000006,0.36750000000000005
1631019924751,0.12250000000000001,-0.3325,0.24500000000000002
1631019924761,0.035,-0.35000000000000003,0.15750000000000003
1631019924770,-0.10500000000000001,-0.35000000000000003,0.22750000000000004
1631019924780,-0.15750000000000003,-0.36750000000000005,0.21000000000000002
1631019924789,-0.22750000000000004,-0.28,0.1925
1631019924799,-0.31500000000000006,-0.22750000000000004,0.15750000000000003
1631019924809,-0.42000000000000004,-0.2625,0.21000000000000002
1631019924818,-0.6300000000000001,-0.42000000000000004,0.2625
1631019924828,-0.7350000000000001,-0.525,0.2625
1631019924837,-0.7525000000000001,-0.43750000000000006,0.24500000000000002
1631019924847,-0.8400000000000001,-0.42000000000000004,0.21000000000000002
1631019924857,-0.8400000000000001,-0.5950000000000001,0.29750000000000004
1631019924866,-0.7000000000000001,-0.8925000000000001,0.15750000000000003
1631019924876,-0.7525000000000001,-0.6475000000000001,0.22750000000000004
1631019924885,-0.7875000000000001,-0.4025,0.1925
1631019924895,-0.6125,-0.385,-0.035
1631019924905,-0.42000000000000004,-0.665,-0.07
1631019924914,-0.42000000000000004,-0.5775,-0.07
1631019924924,-0.385,-0.56,-0.1925
1631019924933,-0.29750000000000004,-0.6125,-0.2625
1631019924943,-0.28,-0.77,-0.2625
1631019924953,-0.4025,-1.0850000000000002,-0.29750000000000004
1631019924962,-0.47250000000000003,-1.05,-0.29750000000000004
1631019924972,-0.47250000000000003,-0.8750000000000001,-0.43750000000000006
1631019924981,-0.47250000000000003,-0.7000000000000001,-0.4025
1631019924991,-0.5075000000000001,-0.525,-0.2625
1631019925001,-0.47250000000000003,-0.47250000000000003,-0.14
1631019925010,-0.56,-0.49000000000000005,-0.035
1631019925020,-0.8400000000000001,-0.29750000000000004,0.3325
1631019925029,-0.9975,-0.1925,0.6825000000000001
1631019925039,-0.7175,-0.525,0.77
1631019925049,-0.4025,-0.665,0.9450000000000001
1631019925058,-0.052500000000000005,-0.1925,1.0850000000000002
1631019925068,0.22750000000000004,0.49000000000000005,1.1725
1631019925077,0.5425000000000001,0.6825000000000001,0.9450000000000001
1631019925087,0.7000000000000001,0.43750000000000006,0.6125
1631019925097,0.7875000000000001,0.21000000000000002,0.42000000000000004
1631019925106,0.5950000000000001,0.24500000000000002,0.2625
1631019925116,0.56,0.14,-0.052500000000000005
1631019925125,0.47250000000000003,-0.22750000000000004,-0.14
1631019925135,0.29750000000000004,-0.3325,-0.052500000000000005
1631019925145,0.0175,-0.525,-0.0175
1631019925154,-0.1925,-0.7350000000000001,-0.10500000000000001
1631019925164,-0.42000000000000004,-0.8925000000000001,-0.15750000000000003
1631019925173,-0.6125,-0.8750000000000001,-0.07
1631019925183,-0.7525000000000001,-1.0675000000000001,-0.052500000000000005
1631019925193,-0.9625000000000001,-1.05,0.0175
1631019925202,-1.1025,-1.05,0.07
1631019925212,-1.1900000000000002,-0.9975,0.08750000000000001
1631019925221,-1.2075,-1.0675000000000001,-0.07
1631019925231,-1.155,-1.0850000000000002,-0.10500000000000001
1631019925241,-1.0850000000000002,-1.05,-0.17500000000000002
1631019925250,-1.1900000000000002,-0.8925000000000001,-0.24500000000000002
1631019925260,-1.1375000000000002,-0.665,-0.08750000000000001
1631019925269,-0.9800000000000001,-0.8750000000000001,-0.035
1631019925279,-0.8400000000000001,-1.225,0.035
1631019925289,-0.7525000000000001,-1.1025,0.14
1631019925298,-0.56,-0.6125,0.42000000000000004
1631019925308,-0.17500000000000002,-0.35000000000000003,0.56
1631019925317,0.0175,-0.525,0.6475000000000001
1631019925327,0.31500000000000006,-0.6825000000000001,0.7875000000000001
1631019925337,0.49000000000000005,-0.5425000000000001,0.7875000000000001
1631019925346,0.525,-0.3325,0.525
1631019925356,0.6475000000000001,-0.45500000000000007,0.2625
1631019925365,0.665,-0.5775,0.12250000000000001
1631019925375,0.7875000000000001,-0.56,-0.0175
1631019925385,0.77,-0.29750000000000004,-0.08750000000000001
1631019925394,0.7875000000000001,-0.21000000000000002,-0.10500000000000001
1631019925404,0.7175,-0.29750000000000004,-0.17500000000000002
1631019925413,0.6300000000000001,-0.42000000000000004,-0.3325
1631019925423,0.525,-0.36750000000000005,-0.36750000000000005
1631019925433,0.45500000000000007,-0.49000000000000005,-0.29750000000000004
1631019925442,0.28,-0.42000000000000004,-0.28
1631019925452,0.22750000000000004,-0.385,-0.24500000000000002
1631019925461,0.15750000000000003,-0.35000000000000003,-0.1925
1631019925471,-0.0175,-0.36750000000000005,-0.14
1631019925481,-0.14,-0.4025,-0.052500000000000005
1631019925490,-0.15750000000000003,-0.47250000000000003,0.0
1631019925500,-0.14,-0.49000000000000005,0.08750000000000001
1631019925509,-0.1925,-0.36750000000000005,0.22750000000000004
1631019925519,-0.17500000000000002,-0.385,0.31500000000000006
1631019925529,-0.052500000000000005,-0.7000000000000001,0.31500000000000006
1631019925538,0.052500000000000005,-0.8225000000000001,0.2625
1631019925548,0.10500000000000001,-0.7350000000000001,0.22750000000000004
1631019925557,0.21000000000000002,-0.7175,0.21000000000000002
1631019925567,0.24500000000000002,-0.7350000000000001,0.17500000000000002
1631019925577,0.21000000000000002,-0.77,0.14
1631019925586,0.14,-0.7350000000000001,0.10500000000000001
1631019925596,0.035,-0.665,0.0
1631019925605,0.052500000000000005,-0.6475000000000001,-0.12250000000000001
1631019925615,0.07,-0.665,-0.1925
1631019925625,0.0,-0.47250000000000003,-0.12250000000000001
1631019925634,0.0175,-0.1925,0.1925
1631019925644,0.035,-0.07,0.36750000000000005
1631019925653,-0.29750000000000004,0.052500000000000005,0.665
1631019925663,-0.5775,0.12250000000000001,1.2775
1631019925673,-0.56,-0.29750000000000004,1.7500000000000002
1631019925682,-0.17500000000000002,-0.9800000000000001,1.61
1631019925692,-0.035,-0.77,1.6975000000000002
1631019925701,0.22750000000000004,-0.4025,1.9425000000000001
1631019925711,0.5075000000000001,-0.28,1.9250000000000003
1631019925721,0.7175,-0.43750000000000006,1.6275000000000002
1631019925730,0.9100000000000001,-0.5950000000000001,1.2075
1631019925740,0.8225000000000001,-0.4025,0.9100000000000001
1631019925749,0.7175,-0.49000000000000005,0.56
1631019925759,0.665,-0.805,0.36750000000000005
1631019925769,0.43750000000000006,-0.8400000000000001,0.1925
1631019925778,0.22750000000000004,-0.525,0.1925
1631019925788,0.0,-0.47250000000000003,0.1925
1631019925797,-0.1925,-0.6475000000000001,0.15750000000000003
1631019925807,-0.47250000000000003,-0.5950000000000001,0.21000000000000002
1631019925817,-0.8225000000000001,-0.5950000000000001,0.2625
1631019925826,-0.9975,-0.6825000000000001,0.22750000000000004
1631019925836,-1.2425000000000002,-0.77,0.14
1631019925845,-1.435,-0.9275000000000001,-0.0175
1631019925855,-1.5750000000000002,-0.9100000000000001,-0.10500000000000001
1631019925865,-1.61,-0.9975,-0.24500000000000002
1631019925874,-1.3650000000000002,-1.1375000000000002,-0.45500000000000007
1631019925884,-1.2775,-1.0150000000000001,-0.43750000000000006
1631019925893,-1.3125000000000002,-0.805,-0.47250000000000003
1631019925903,-1.33,-0.45500000000000007,-0.31500000000000006
1631019925913,-0.9625000000000001,-0.7875000000000001,-0.15750000000000003
1631019925922,-0.7175,-1.2425000000000002,-0.17500000000000002
1631019925932,-0.7175,-1.1025,-0.12250000000000001
1631019925941,-0.56,-0.77,-0.0175
1631019925951,-0.24500000000000002,-0.7175,0.08750000000000001
1631019925961,0.052500000000000005,-0.7175,0.21000000000000002
1631019925970,0.36750000000000005,-0.5425000000000001,0.24500000000000002
1631019925980,0.5075000000000001,-0.24500000000000002,0.2625
1631019925989,0.5775,-0.052500000000000005,0.22750000000000004
1631019925999,0.6825000000000001,-0.17500000000000002,0.07
1631019926009,0.805,-0.42000000000000004,-0.08750000000000001
1631019926018,0.7000000000000001,-0.42000000000000004,-0.17500000000000002
1631019926028,0.5775,-0.24500000000000002,-0.1925
1631019926037,0.43750000000000006,-0.07,-0.14
1631019926047,0.45500000000000007,-0.08750000000000001,-0.14
1631019926057,0.35000000000000003,-0.10500000000000001,-0.15750000000000003
1631019926066,0.1925,-0.035,-0.21000000000000002
1631019926076,0.0175,-0.17500000000000002,-0.12250000000000001
1631019926085,-0.17500000000000002,-0.36750000000000005,-0.14
1631019926095,-0.29750000000000004,-0.4025,-0.08750000000000001
1631019926105,-0.43750000000000006,-0.35000000000000003,0.0
1631019926114,-0.6475000000000001,-0.2625,0.15750000000000003
1631019926124,-0.8225000000000001,-0.385,0.07
1631019926133,-1.0675000000000001,-0.385,0.052500000000000005
1631019926143,-1.155,-0.28,-0.035
1631019926153,-1.3125000000000002,0.0175,-0.07
1631019926162,-1.155,-0.08750000000000001,-0.10500000000000001
1631019926172,-1.0675000000000001,0.035,0.0
1631019926181,-0.7175,0.36750000000000005,-0.08750000000000001
1631019926191,-0.43750000000000006,0.6475000000000001,-0.24500000000000002
1631019926201,-0.1925,0.7350000000000001,-0.29750000000000004
1631019926210,0.22750000000000004,0.6125,-0.2625
1631019926220,0.7000000000000001,0.5075000000000001,-0.2625
1631019926229,1.0150000000000001,0.525,-0.3325
1631019926239,1.1725,0.29750000000000004,-0.35000000000000003
1631019926249,1.4175000000000002,-0.2625,-0.385
1631019926258,1.5750000000000002,-0.8575,-0.42000000000000004
1631019926268,1.5050000000000001,-0.8575,-0.385
1631019926277,1.4000000000000001,-0.805,-0.22750000000000004
1631019926287,1.225,-0.7175,-0.035
1631019926297,0.805,-0.5950000000000001,0.035
1631019926306,0.29750000000000004,-0.45500000000000007,0.43750000000000006
1631019926316,0.12250000000000001,-0.5775,1.0325000000000002
1631019926325,0.07,-0.8225000000000001,1.2425000000000002
1631019926335,0.0,-0.6125,1.3825
1631019926345,0.0,-0.035,1.6450000000000002
1631019926354,0.12250000000000001,0.22750000000000004,1.8375000000000001
1631019926364,0.08750000000000001,0.08750000000000001,1.715
1631019926373,0.08750000000000001,-0.10500000000000001,1.2950000000000002
1631019926383,0.035,-0.0175,1.05
1631019926393,0.07,-0.10500000000000001,0.8750000000000001
1631019926402,0.12250000000000001,-0.49000000000000005,0.7525000000000001
1631019926412,0.1925,-0.7000000000000001,0.6825000000000001
1631019926421,0.052500000000000005,-0.5425000000000001,0.7350000000000001
1631019926431,0.0,-0.665,0.7350000000000001
1631019926441,-0.0175,-0.9625000000000001,0.7350000000000001
1631019926450,-0.0175,-0.9450000000000001,0.7525000000000001
1631019926460,-0.07,-0.7525000000000001,0.7000000000000001
1631019926469,-0.07,-0.7000000000000001,0.7350000000000001
1631019926479,-0.035,-0.665,0.6825000000000001
1631019926489,-0.052500000000000005,-0.6825000000000001,0.665
1631019926498,0.052500000000000005,-0.7350000000000001,0.7000000000000001
1631019926508,0.14,-0.5950000000000001,0.7525000000000001
1631019926517,0.2625,-0.5775,0.6125
1631019926527,0.6300000000000001,-0.77,0.4025
1631019926537,0.5425000000000001,-0.6125,0.35000000000000003
1631019926546,0.42000000000000004,-0.49000000000000005,0.45500000000000007
1631019926556,0.6125,-0.6125,0.7525000000000001
1631019926565,0.8225000000000001,-1.0150000000000001,0.77
1631019926575,0.7350000000000001,-0.8750000000000001,0.6125
1631019926585,0.6300000000000001,-0.6300000000000001,0.525
1631019926594,0.6825000000000001,-0.47250000000000003,0.6300000000000001
1631019926604,0.77,-0.5075000000000001,0.6300000000000001
1631019926613,0.7350000000000001,-0.47250000000000003,0.42000000000000004
1631019926623,0.6475000000000001,-0.3325,0.31500000000000006
1631019926633,0.5425000000000001,-0.31500000000000006,0.22750000000000004
1631019926642,0.5775,-0.56,-0.08750000000000001
1631019926652,0.36750000000000005,-0.385,-0.28
1631019926661,0.21000000000000002,-0.1925,-0.42000000000000004
1631019926671,0.052500000000000005,0.0,-0.6125
1631019926681,-0.14,-0.0175,-0.7525000000000001
1631019926690,-0.29750000000000004,-0.1925,-0.9275000000000001
1631019926700,-0.49000000000000005,-0.3325,-0.9275000000000001
1631019926709,-0.6475000000000001,-0.31500000000000006,-0.9625000000000001
1631019926719,-0.7350000000000001,-0.2625,-1.0325000000000002
1631019926729,-0.9625000000000001,-0.17500000000000002,-0.8575
1631019926738,-0.8750000000000001,-0.43750000000000006,-0.665
1631019926748,-0.8750000000000001,-0.7350000000000001,-0.45500000000000007
1631019926757,-0.9975,-0.7875000000000001,-0.24500000000000002
