timestamp,temp
1630934667000,34.45
1630934667250,34.45
1630934667500,34.45
1630934667750,34.45
1630934668000,34.45
1630934668250,34.45
1630934668500,34.45
1630934668750,34.45
1630934669000,34.47
1630934669250,34.47
1630934669500,34.47
1630934669750,34.47
1630934670000,34.47
1630934670250,34.47
1630934670500,34.47
1630934670750,34.47
1630934671000,34.45
1630934671250,34.45
1630934671500,34.45
1630934671750,34.45
1630934672000,34.47
1630934672250,34.47
1630934672500,34.47
1630934672750,34.47
1630934673000,34.49
1630934673250,34.49
1630934673500,34.49
1630934673750,34.49
1630934674000,34.47
1630934674250,34.47
1630934674500,34.47
1630934674750,34.47
1630934675000,34.47
1630934675250,34.47
1630934675500,34.47
1630934675750,34.47
1630934676000,34.47
1630934676250,34.47
1630934676500,34.47
1630934676750,34.47
1630934677000,34.47
1630934677250,34.47
1630934677500,34.47
1630934677750,34.47
1630934678000,34.49
1630934678250,34.49
1630934678500,34.49
1630934678750,34.49
1630934679000,34.49
1630934679250,34.49
1630934679500,34.49
1630934679750,34.49
1630934680000,34.49
1630934680250,34.49
1630934680500,34.49
1630934680750,34.49
1630934681000,34.49
1630934681250,34.49
1630934681500,34.49
1630934681750,34.49
1630934682000,34.49
1630934682250,34.49
1630934682500,34.49
1630934682750,34.49
1630934683000,34.5
1630934683250,34.5
1630934683500,34.5
1630934683750,34.5
1630934684000,34.49
1630934684250,34.49
1630934684500,34.49
1630934684750,34.49
1630934685000,34.5
1630934685250,34.5
1630934685500,34.5
1630934685750,34.5
1630934686000,34.5
1630934686250,34.5
1630934686500,34.5
1630934686750,34.5
1630934687000,34.53
1630934687250,34.53
1630934687500,34.53
1630934687750,34.53
1630934688000,34.49
1630934688250,34.49
1630934688500,34.49
1630934688750,34.49
1630934689000,34.53
1630934689250,34.53
1630934689500,34.53
1630934689750,34.53
1630934690000,34.53
1630934690250,34.53
1630934690500,34.53
1630934690750,34.53
1630934691000,34.53
1630934691250,34.53
1630934691500,34.53
1630934691750,34.53
1630934692000,34.53
1630934692250,34.53
1630934692500,34.53
1630934692750,34.53
1630934693000,34.53
1630934693250,34.53
1630934693500,34.53
1630934693750,34.53
1630934694000,34.53
1630934694250,34.53
1630934694500,34.53
1630934694750,34.53
1630934695000,34.55
1630934695250,34.55
1630934695500,34.55
1630934695750,34.55
1630934696000,34.5
1630934696250,34.5
1630934696500,34.5
1630934696750,34.5
1630934697000,34.53
1630934697250,34.53
1630934697500,34.53
1630934697750,34.53
1630934698000,34.55
1630934698250,34.55
1630934698500,34.55
1630934698750,34.55
1630934699000,34.55
1630934699250,34.55
1630934699500,34.55
1630934699750,34.55
1630934700000,34.57
1630934700250,34.57
1630934700500,34.57
1630934700750,34.57
1630934701000,34.57
1630934701250,34.57
1630934701500,34.57
1630934701750,34.57
1630934702000,34.53
1630934702250,34.53
1630934702500,34.53
1630934702750,34.53
1630934703000,34.57
1630934703250,34.57
1630934703500,34.57
1630934703750,34.57
1630934704000,34.55
1630934704250,34.55
1630934704500,34.55
1630934704750,34.55
1630934705000,34.57
1630934705250,34.57
1630934705500,34.57
1630934705750,34.57
1630934706000,34.57
1630934706250,34.57
1630934706500,34.57
1630934706750,34.57
1630934707000,34.59
1630934707250,34.59
1630934707500,34.59
1630934707750,34.59
1630934708000,34.57
1630934708250,34.57
1630934708500,34.57
1630934708750,34.57
1630934709000,34.59
1630934709250,34.59
1630934709500,34.59
1630934709750,34.59
1630934710000,34.61
1630934710250,34.61
1630934710500,34.61
1630934710750,34.61
1630934711000,34.61
1630934711250,34.61
1630934711500,34.61
1630934711750,34.61
1630934712000,34.59
1630934712250,34.59
1630934712500,34.59
1630934712750,34.59
1630934713000,34.61
1630934713250,34.61
1630934713500,34.61
1630934713750,34.61
1630934714000,34.61
1630934714250,34.61
1630934714500,34.61
1630934714750,34.61
1630934715000,34.61
1630934715250,34.61
1630934715500,34.61
1630934715750,34.61
1630934716000,34.63
1630934716250,34.63
1630934716500,34.63
1630934716750,34.63
1630934717000,34.61
1630934717250,34.61
1630934717500,34.61
1630934717750,34.61
1630934718000,34.63
1630934718250,34.63
1630934718500,34.63
1630934718750,34.63
1630934719000,34.63
1630934719250,34.63
1630934719500,34.63
1630934719750,34.63
1630934720000,34.65
1630934720250,34.65
1630934720500,34.65
1630934720750,34.65
1630934721000,34.63
1630934721250,34.63
1630934721500,34.63
1630934721750,34.63
1630934722000,34.66
1630934722250,34.66
1630934722500,34.66
1630934722750,34.66
1630934723000,34.65
1630934723250,34.65
1630934723500,34.65
1630934723750,34.65
1630934724000,34.66
1630934724250,34.66
1630934724500,34.66
1630934724750,34.66
1630934725000,34.68
1630934725250,34.68
1630934725500,34.68
1630934725750,34.68
1630934726000,34.66
1630934726250,34.66
1630934726500,34.66
1630934726750,34.66
1630934727000,34.66
1630934727250,34.66
1630934727500,34.66
1630934727750,34.66
1630934728000,34.68
1630934728250,34.68
1630934728500,34.68
1630934728750,34.68
1630934729000,34.68
1630934729250,34.68
1630934729500,34.68
1630934729750,34.68
1630934730000,34.71
1630934730250,34.71
1630934730500,34.71
1630934730750,34.71
1630934731000,34.68
1630934731250,34.68
1630934731500,34.68
1630934731750,34.68
1630934732000,34.68
1630934732250,34.68
1630934732500,34.68
1630934732750,34.68
1630934733000,34.71
1630934733250,34.71
1630934733500,34.71
1630934733750,34.71
1630934734000,34.71
1630934734250,34.71
1630934734500,34.71
1630934734750,34.71
1630934735000,34.71
1630934735250,34.71
1630934735500,34.71
1630934735750,34.71
1630934736000,34.73
1630934736250,34.73
1630934736500,34.73
1630934736750,34.73
1630934737000,34.73
1630934737250,34.73
1630934737500,34.73
1630934737750,34.73
1630934738000,34.73
1630934738250,34.73
1630934738500,34.73
1630934738750,34.73
1630934739000,34.75
1630934739250,34.75
1630934739500,34.75
1630934739750,34.75
1630934740000,34.73
1630934740250,34.73
1630934740500,34.73
1630934740750,34.73
1630934741000,34.75
1630934741250,34.75
1630934741500,34.75
1630934741750,34.75
1630934742000,34.75
1630934742250,34.75
1630934742500,34.75
1630934742750,34.75
1630934743000,34.77
1630934743250,34.77
1630934743500,34.77
1630934743750,34.77
1630934744000,34.79
1630934744250,34.79
1630934744500,34.79
1630934744750,34.79
1630934745000,34.77
1630934745250,34.77
1630934745500,34.77
1630934745750,34.77
1630934746000,34.77
1630934746250,34.77
1630934746500,34.77
1630934746750,34.77
1630934747000,34.79
1630934747250,34.79
1630934747500,34.79
1630934747750,34.79
1630934748000,34.81
1630934748250,34.81
1630934748500,34.81
1630934748750,34.81
1630934749000,34.81
1630934749250,34.81
1630934749500,34.81
1630934749750,34.81
1630934750000,34.83
1630934750250,34.83
1630934750500,34.83
1630934750750,34.83
1630934751000,34.81
1630934751250,34.81
1630934751500,34.81
1630934751750,34.81
1630934752000,34.83
1630934752250,34.83
1630934752500,34.83
1630934752750,34.83
1630934753000,34.83
1630934753250,34.83
1630934753500,34.83
1630934753750,34.83
1630934754000,34.83
1630934754250,34.83
1630934754500,34.83
1630934754750,34.83
1630934755000,34.83
1630934755250,34.83
1630934755500,34.83
1630934755750,34.83
1630934756000,34.83
1630934756250,34.83
1630934756500,34.83
1630934756750,34.83
1630934757000,34.83
1630934757250,34.83
1630934757500,34.83
1630934757750,34.83
1630934758000,34.83
1630934758250,34.83
1630934758500,34.83
1630934758750,34.83
1630934759000,34.83
1630934759250,34.83
1630934759500,34.83
1630934759750,34.83
1630934760000,34.84
1630934760250,34.84
1630934760500,34.84
1630934760750,34.84
1630934761000,34.83
1630934761250,34.83
1630934761500,34.83
1630934761750,34.83
1630934762000,34.84
1630934762250,34.84
1630934762500,34.84
1630934762750,34.84
1630934763000,34.84
1630934763250,34.84
1630934763500,34.84
1630934763750,34.84
1630934764000,34.87
1630934764250,34.87
1630934764500,34.87
1630934764750,34.87
1630934765000,34.84
1630934765250,34.84
1630934765500,34.84
1630934765750,34.84
1630934766000,34.84
1630934766250,34.84
1630934766500,34.84
1630934766750,34.84
1630934767000,34.87
1630934767250,34.87
1630934767500,34.87
1630934767750,34.87
1630934768000,34.87
1630934768250,34.87
1630934768500,34.87
1630934768750,34.87
1630934769000,34.89
1630934769250,34.89
1630934769500,34.89
1630934769750,34.89
1630934770000,34.87
1630934770250,34.87
1630934770500,34.87
1630934770750,34.87
1630934771000,34.87
1630934771250,34.87
1630934771500,34.87
1630934771750,34.87
1630934772000,34.91
1630934772250,34.91
1630934772500,34.91
1630934772750,34.91
1630934773000,34.87
1630934773250,34.87
1630934773500,34.87
1630934773750,34.87
1630934774000,34.87
1630934774250,34.87
1630934774500,34.87
1630934774750,34.87
1630934775000,34.89
1630934775250,34.89
1630934775500,34.89
1630934775750,34.89
1630934776000,34.87
1630934776250,34.87
1630934776500,34.87
1630934776750,34.87
1630934777000,34.89
1630934777250,34.89
1630934777500,34.89
1630934777750,34.89
1630934778000,34.89
1630934778250,34.89
1630934778500,34.89
1630934778750,34.89
1630934779000,34.89
1630934779250,34.89
1630934779500,34.89
1630934779750,34.89
1630934780000,34.89
1630934780250,34.89
1630934780500,34.89
1630934780750,34.89
1630934781000,34.91
1630934781250,34.91
1630934781500,34.91
1630934781750,34.91
1630934782000,34.89
1630934782250,34.89
1630934782500,34.89
1630934782750,34.89
1630934783000,34.89
1630934783250,34.89
1630934783500,34.89
1630934783750,34.89
1630934784000,34.89
1630934784250,34.89
1630934784500,34.89
1630934784750,34.89
1630934785000,34.87
1630934785250,34.87
1630934785500,34.87
1630934785750,34.87
1630934786000,34.89
1630934786250,34.89
1630934786500,34.89
1630934786750,34.89
1630934787000,34.89
1630934787250,34.89
1630934787500,34.89
1630934787750,34.89
1630934788000,34.89
1630934788250,34.89
1630934788500,34.89
1630934788750,34.89
1630934789000,34.93
1630934789250,34.93
1630934789500,34.93
1630934789750,34.93
1630934790000,34.89
1630934790250,34.89
1630934790500,34.89
1630934790750,34.89
1630934791000,34.91
1630934791250,34.91
1630934791500,34.91
1630934791750,34.91
1630934792000,34.91
1630934792250,34.91
1630934792500,34.91
1630934792750,34.91
1630934793000,34.89
1630934793250,34.89
1630934793500,34.89
1630934793750,34.89
1630934794000,34.93
1630934794250,34.93
1630934794500,34.93
1630934794750,34.93
1630934795000,34.89
1630934795250,34.89
1630934795500,34.89
1630934795750,34.89
1630934796000,34.91
1630934796250,34.91
1630934796500,34.91
1630934796750,34.91
1630934797000,34.91
1630934797250,34.91
1630934797500,34.91
1630934797750,34.91
1630934798000,34.91
1630934798250,34.91
1630934798500,34.91
1630934798750,34.91
1630934799000,34.91
1630934799250,34.91
1630934799500,34.91
1630934799750,34.91
1630934800000,34.89
1630934800250,34.89
1630934800500,34.89
1630934800750,34.89
1630934801000,34.89
1630934801250,34.89
1630934801500,34.89
1630934801750,34.89
1630934802000,34.91
1630934802250,34.91
1630934802500,34.91
1630934802750,34.91
1630934803000,34.89
1630934803250,34.89
1630934803500,34.89
1630934803750,34.89
1630934804000,34.91
1630934804250,34.91
1630934804500,34.91
1630934804750,34.91
1630934805000,34.91
1630934805250,34.91
1630934805500,34.91
1630934805750,34.91
1630934806000,34.91
1630934806250,34.91
1630934806500,34.91
1630934806750,34.91
1630934807000,34.93
1630934807250,34.93
1630934807500,34.93
1630934807750,34.93
1630934808000,34.91
1630934808250,34.91
1630934808500,34.91
1630934808750,34.91
1630934809000,34.93
1630934809250,34.93
1630934809500,34.93
1630934809750,34.93
1630934810000,34.91
1630934810250,34.91
1630934810500,34.91
1630934810750,34.91
1630934811000,34.89
1630934811250,34.89
1630934811500,34.89
1630934811750,34.89
1630934812000,34.91
1630934812250,34.91
1630934812500,34.91
1630934812750,34.91
1630934813000,34.91
1630934813250,34.91
1630934813500,34.91
1630934813750,34.91
1630934814000,34.91
1630934814250,34.91
1630934814500,34.91
1630934814750,34.91
1630934815000,34.91
1630934815250,34.91
1630934815500,34.91
1630934815750,34.91
1630934816000,34.93
1630934816250,34.93
1630934816500,34.93
1630934816750,34.93
1630934817000,34.89
1630934817250,34.89
1630934817500,34.89
1630934817750,34.89
1630934818000,34.91
1630934818250,34.91
1630934818500,34.91
1630934818750,34.91
1630934819000,34.93
1630934819250,34.93
1630934819500,34.93
1630934819750,34.93
1630934820000,34.91
1630934820250,34.91
1630934820500,34.91
1630934820750,34.91
1630934821000,34.89
1630934821250,34.89
1630934821500,34.89
1630934821750,34.89
1630934822000,34.91
1630934822250,34.91
1630934822500,34.91
1630934822750,34.91
1630934823000,34.93
1630934823250,34.93
1630934823500,34.93
1630934823750,34.93
1630934824000,34.91
1630934824250,34.91
1630934824500,34.91
1630934824750,34.91
1630934825000,34.89
1630934825250,34.89
1630934825500,34.89
1630934825750,34.89
1630934826000,34.89
1630934826250,34.89
1630934826500,34.89
1630934826750,34.89
1630934827000,34.91
1630934827250,34.91
1630934827500,34.91
1630934827750,34.91
1630934828000,34.89
1630934828250,34.89
1630934828500,34.89
1630934828750,34.89
1630934829000,34.91
1630934829250,34.91
1630934829500,34.91
1630934829750,34.91
1630934830000,34.87
1630934830250,34.87
1630934830500,34.87
1630934830750,34.87
1630934831000,34.89
1630934831250,34.89
1630934831500,34.89
1630934831750,34.89
1630934832000,34.89
1630934832250,34.89
1630934832500,34.89
1630934832750,34.89
1630934833000,34.84
1630934833250,34.84
1630934833500,34.84
1630934833750,34.84
1630934834000,34.89
1630934834250,34.89
1630934834500,34.89
1630934834750,34.89
1630934835000,34.87
1630934835250,34.87
1630934835500,34.87
1630934835750,34.87
1630934836000,34.91
1630934836250,34.91
1630934836500,34.91
1630934836750,34.91
1630934837000,34.87
1630934837250,34.87
1630934837500,34.87
1630934837750,34.87
1630934838000,34.87
1630934838250,34.87
1630934838500,34.87
1630934838750,34.87
1630934839000,34.87
1630934839250,34.87
1630934839500,34.87
1630934839750,34.87
1630934840000,34.87
1630934840250,34.87
1630934840500,34.87
1630934840750,34.87
1630934841000,34.87
1630934841250,34.87
1630934841500,34.87
1630934841750,34.87
1630934842000,34.84
1630934842250,34.84
1630934842500,34.84
1630934842750,34.84
1630934843000,34.84
1630934843250,34.84
1630934843500,34.84
1630934843750,34.84
1630934844000,34.84
1630934844250,34.84
1630934844500,34.84
1630934844750,34.84
1630934845000,34.83
1630934845250,34.83
1630934845500,34.83
1630934845750,34.83
1630934846000,34.81
1630934846250,34.81
1630934846500,34.81
1630934846750,34.81
1630934847000,34.83
1630934847250,34.83
1630934847500,34.83
1630934847750,34.83
1630934848000,34.81
1630934848250,34.81
1630934848500,34.81
1630934848750,34.81
1630934849000,34.83
1630934849250,34.83
1630934849500,34.83
1630934849750,34.83
1630934850000,34.81
1630934850250,34.81
1630934850500,34.81
1630934850750,34.81
1630934851000,34.83
1630934851250,34.83
1630934851500,34.83
1630934851750,34.83
1630934852000,34.81
1630934852250,34.81
1630934852500,34.81
1630934852750,34.81
1630934853000,34.79
1630934853250,34.79
1630934853500,34.79
1630934853750,34.79
1630934854000,34.81
1630934854250,34.81
1630934854500,34.81
1630934854750,34.81
1630934855000,34.81
1630934855250,34.81
1630934855500,34.81
1630934855750,34.81
1630934856000,34.81
1630934856250,34.81
1630934856500,34.81
1630934856750,34.81
1630934857000,34.81
1630934857250,34.81
1630934857500,34.81
1630934857750,34.81
1630934858000,34.81
1630934858250,34.81
1630934858500,34.81
1630934858750,34.81
1630934859000,34.81
1630934859250,34.81
1630934859500,34.81
1630934859750,34.81
1630934860000,34.81
1630934860250,34.81
1630934860500,34.81
1630934860750,34.81
1630934861000,34.79
1630934861250,34.79
1630934861500,34.79
1630934861750,34.79
1630934862000,34.81
1630934862250,34.81
1630934862500,34.81
1630934862750,34.81
1630934863000,34.81
1630934863250,34.81
1630934863500,34.81
1630934863750,34.81
1630934864000,34.81
1630934864250,34.81
1630934864500,34.81
1630934864750,34.81
1630934865000,34.81
1630934865250,34.81
1630934865500,34.81
1630934865750,34.81
1630934866000,34.83
1630934866250,34.83
1630934866500,34.83
1630934866750,34.83
1630934867000,34.81
1630934867250,34.81
1630934867500,34.81
1630934867750,34.81
1630934868000,34.79
1630934868250,34.79
1630934868500,34.79
1630934868750,34.79
1630934869000,34.81
1630934869250,34.81
1630934869500,34.81
1630934869750,34.81
1630934870000,34.81
1630934870250,34.81
1630934870500,34.81
1630934870750,34.81
1630934871000,34.79
1630934871250,34.79
1630934871500,34.79
1630934871750,34.79
1630934872000,34.81
1630934872250,34.81
1630934872500,34.81
1630934872750,34.81
1630934873000,34.79
1630934873250,34.79
1630934873500,34.79
1630934873750,34.79
1630934874000,34.79
1630934874250,34.79
1630934874500,34.79
1630934874750,34.79
1630934875000,34.81
1630934875250,34.81
1630934875500,34.81
1630934875750,34.81
1630934876000,34.79
1630934876250,34.79
1630934876500,34.79
1630934876750,34.79
1630934877000,34.79
1630934877250,34.79
1630934877500,34.79
1630934877750,34.79
1630934878000,34.81
1630934878250,34.81
1630934878500,34.81
1630934878750,34.81
1630934879000,34.79
1630934879250,34.79
1630934879500,34.79
1630934879750,34.79
1630934880000,34.83
1630934880250,34.83
1630934880500,34.83
1630934880750,34.83
1630934881000,34.81
1630934881250,34.81
1630934881500,34.81
1630934881750,34.81
1630934882000,34.79
1630934882250,34.79
1630934882500,34.79
1630934882750,34.79
1630934883000,34.83
1630934883250,34.83
1630934883500,34.83
1630934883750,34.83
1630934884000,34.79
1630934884250,34.79
1630934884500,34.79
1630934884750,34.79
1630934885000,34.83
1630934885250,34.83
1630934885500,34.83
1630934885750,34.83
1630934886000,34.81
1630934886250,34.81
1630934886500,34.81
1630934886750,34.81
1630934887000,34.81
1630934887250,34.81
1630934887500,34.81
1630934887750,34.81
1630934888000,34.81
1630934888250,34.81
1630934888500,34.81
1630934888750,34.81
1630934889000,34.79
1630934889250,34.79
1630934889500,34.79
1630934889750,34.79
1630934890000,34.81
1630934890250,34.81
1630934890500,34.81
1630934890750,34.81
1630934891000,34.81
1630934891250,34.81
1630934891500,34.81
1630934891750,34.81
1630934892000,34.81
1630934892250,34.81
1630934892500,34.81
1630934892750,34.81
1630934893000,34.81
1630934893250,34.81
1630934893500,34.81
1630934893750,34.81
1630934894000,34.83
1630934894250,34.83
1630934894500,34.83
1630934894750,34.83
1630934895000,34.81
1630934895250,34.81
1630934895500,34.81
1630934895750,34.81
1630934896000,34.81
1630934896250,34.81
1630934896500,34.81
1630934896750,34.81
1630934897000,34.79
1630934897250,34.79
1630934897500,34.79
1630934897750,34.79
1630934898000,34.81
1630934898250,34.81
1630934898500,34.81
1630934898750,34.81
1630934899000,34.81
1630934899250,34.81
1630934899500,34.81
1630934899750,34.81
1630934900000,34.81
1630934900250,34.81
1630934900500,34.81
1630934900750,34.81
1630934901000,34.81
1630934901250,34.81
1630934901500,34.81
1630934901750,34.81
1630934902000,34.79
1630934902250,34.79
1630934902500,34.79
1630934902750,34.79
1630934903000,34.83
1630934903250,34.83
1630934903500,34.83
1630934903750,34.83
1630934904000,34.79
1630934904250,34.79
1630934904500,34.79
1630934904750,34.79
1630934905000,34.81
1630934905250,34.81
1630934905500,34.81
1630934905750,34.81
1630934906000,34.81
1630934906250,34.81
1630934906500,34.81
1630934906750,34.81
1630934907000,34.81
1630934907250,34.81
1630934907500,34.81
1630934907750,34.81
1630934908000,34.83
1630934908250,34.83
1630934908500,34.83
1630934908750,34.83
1630934909000,34.81
1630934909250,34.81
1630934909500,34.81
1630934909750,34.81
1630934910000,34.81
1630934910250,34.81
1630934910500,34.81
1630934910750,34.81
1630934911000,34.77
1630934911250,34.77
1630934911500,34.77
1630934911750,34.77
1630934912000,34.79
1630934912250,34.79
1630934912500,34.79
1630934912750,34.79
1630934913000,34.81
1630934913250,34.81
1630934913500,34.81
1630934913750,34.81
1630934914000,34.79
1630934914250,34.79
1630934914500,34.79
1630934914750,34.79
1630934915000,34.83
1630934915250,34.83
1630934915500,34.83
1630934915750,34.83
1630934916000,34.83
1630934916250,34.83
1630934916500,34.83
1630934916750,34.83
1630934917000,34.77
1630934917250,34.77
1630934917500,34.77
1630934917750,34.77
1630934918000,34.79
1630934918250,34.79
1630934918500,34.79
1630934918750,34.79
1630934919000,34.83
1630934919250,34.83
1630934919500,34.83
1630934919750,34.83
1630934920000,34.79
1630934920250,34.79
1630934920500,34.79
1630934920750,34.79
1630934921000,34.81
1630934921250,34.81
1630934921500,34.81
1630934921750,34.81
1630934922000,34.79
1630934922250,34.79
1630934922500,34.79
1630934922750,34.79
1630934923000,34.81
1630934923250,34.81
1630934923500,34.81
1630934923750,34.81
1630934924000,34.79
1630934924250,34.79
1630934924500,34.79
1630934924750,34.79
1630934925000,34.77
1630934925250,34.77
1630934925500,34.77
1630934925750,34.77
1630934926000,34.79
1630934926250,34.79
1630934926500,34.79
1630934926750,34.79
1630934927000,34.79
1630934927250,34.79
1630934927500,34.79
1630934927750,34.79
1630934928000,34.79
1630934928250,34.79
1630934928500,34.79
1630934928750,34.79
1630934929000,34.79
1630934929250,34.79
1630934929500,34.79
1630934929750,34.79
1630934930000,34.79
1630934930250,34.79
1630934930500,34.79
1630934930750,34.79
1630934931000,34.77
1630934931250,34.77
1630934931500,34.77
1630934931750,34.77
1630934932000,34.77
1630934932250,34.77
1630934932500,34.77
1630934932750,34.77
1630934933000,34.79
1630934933250,34.79
1630934933500,34.79
1630934933750,34.79
1630934934000,34.77
1630934934250,34.77
1630934934500,34.77
1630934934750,34.77
1630934935000,34.79
1630934935250,34.79
1630934935500,34.79
1630934935750,34.79
1630934936000,34.77
1630934936250,34.77
1630934936500,34.77
1630934936750,34.77
1630934937000,34.77
1630934937250,34.77
1630934937500,34.77
1630934937750,34.77
1630934938000,34.79
1630934938250,34.79
1630934938500,34.79
1630934938750,34.79
1630934939000,34.77
1630934939250,34.77
1630934939500,34.77
1630934939750,34.77
1630934940000,34.79
1630934940250,34.79
1630934940500,34.79
1630934940750,34.79
1630934941000,34.77
1630934941250,34.77
1630934941500,34.77
1630934941750,34.77
1630934942000,34.77
1630934942250,34.77
1630934942500,34.77
1630934942750,34.77
1630934943000,34.79
1630934943250,34.79
1630934943500,34.79
1630934943750,34.79
1630934944000,34.75
1630934944250,34.75
1630934944500,34.75
1630934944750,34.75
1630934945000,34.77
1630934945250,34.77
1630934945500,34.77
1630934945750,34.77
1630934946000,34.79
1630934946250,34.79
1630934946500,34.79
1630934946750,34.79
1630934947000,34.79
1630934947250,34.79
1630934947500,34.79
1630934947750,34.79
1630934948000,34.77
1630934948250,34.77
1630934948500,34.77
1630934948750,34.77
1630934949000,34.77
1630934949250,34.77
1630934949500,34.77
1630934949750,34.77
1630934950000,34.79
1630934950250,34.79
1630934950500,34.79
1630934950750,34.79
1630934951000,34.75
1630934951250,34.75
1630934951500,34.75
1630934951750,34.75
1630934952000,34.75
1630934952250,34.75
1630934952500,34.75
1630934952750,34.75
1630934953000,34.77
1630934953250,34.77
1630934953500,34.77
1630934953750,34.77
1630934954000,34.77
1630934954250,34.77
1630934954500,34.77
1630934954750,34.77
1630934955000,34.79
1630934955250,34.79
1630934955500,34.79
1630934955750,34.79
1630934956000,34.75
1630934956250,34.75
1630934956500,34.75
1630934956750,34.75
1630934957000,34.77
1630934957250,34.77
1630934957500,34.77
1630934957750,34.77
1630934958000,34.77
1630934958250,34.77
1630934958500,34.77
1630934958750,34.77
1630934959000,34.79
1630934959250,34.79
1630934959500,34.79
1630934959750,34.79
1630934960000,34.77
1630934960250,34.77
1630934960500,34.77
1630934960750,34.77
1630934961000,34.77
1630934961250,34.77
1630934961500,34.77
1630934961750,34.77
1630934962000,34.77
1630934962250,34.77
1630934962500,34.77
1630934962750,34.77
1630934963000,34.79
1630934963250,34.79
1630934963500,34.79
1630934963750,34.79
1630934964000,34.75
1630934964250,34.75
1630934964500,34.75
1630934964750,34.75
1630934965000,34.77
1630934965250,34.77
1630934965500,34.77
1630934965750,34.77
1630934966000,34.79
1630934966250,34.79
1630934966500,34.79
1630934966750,34.79
1630934967000,34.77
1630934967250,34.77
1630934967500,34.77
1630934967750,34.77
1630934968000,34.75
1630934968250,34.75
1630934968500,34.75
1630934968750,34.75
1630934969000,34.75
1630934969250,34.75
1630934969500,34.75
1630934969750,34.75
1630934970000,34.75
1630934970250,34.75
1630934970500,34.75
1630934970750,34.75
1630934971000,34.75
1630934971250,34.75
1630934971500,34.75
1630934971750,34.75
1630934972000,34.77
1630934972250,34.77
1630934972500,34.77
1630934972750,34.77
1630934973000,34.77
1630934973250,34.77
1630934973500,34.77
1630934973750,34.77
1630934974000,34.77
1630934974250,34.77
1630934974500,34.77
1630934974750,34.77
1630934975000,34.77
1630934975250,34.77
1630934975500,34.77
1630934975750,34.77
1630934976000,34.77
1630934976250,34.77
1630934976500,34.77
1630934976750,34.77
1630934977000,34.79
1630934977250,34.79
1630934977500,34.79
1630934977750,34.79
1630934978000,34.79
1630934978250,34.79
1630934978500,34.79
1630934978750,34.79
1630934979000,34.79
1630934979250,34.79
1630934979500,34.79
1630934979750,34.79
1630934980000,34.81
1630934980250,34.81
1630934980500,34.81
1630934980750,34.81
1630934981000,34.77
1630934981250,34.77
1630934981500,34.77
1630934981750,34.77
1630934982000,34.79
1630934982250,34.79
1630934982500,34.79
1630934982750,34.79
1630934983000,34.75
1630934983250,34.75
1630934983500,34.75
1630934983750,34.75
1630934984000,34.79
1630934984250,34.79
1630934984500,34.79
1630934984750,34.79
1630934985000,34.77
1630934985250,34.77
1630934985500,34.77
1630934985750,34.77
1630934986000,34.77
1630934986250,34.77
1630934986500,34.77
1630934986750,34.77
1630934987000,34.77
1630934987250,34.77
1630934987500,34.77
1630934987750,34.77
1630934988000,34.77
1630934988250,34.77
1630934988500,34.77
1630934988750,34.77
1630934989000,34.77
1630934989250,34.77
1630934989500,34.77
1630934989750,34.77
1630934990000,34.79
1630934990250,34.79
1630934990500,34.79
1630934990750,34.79
1630934991000,34.79
1630934991250,34.79
1630934991500,34.79
1630934991750,34.79
1630934992000,34.75
1630934992250,34.75
1630934992500,34.75
1630934992750,34.75
1630934993000,34.77
1630934993250,34.77
1630934993500,34.77
1630934993750,34.77
1630934994000,34.77
1630934994250,34.77
1630934994500,34.77
1630934994750,34.77
1630934995000,34.77
1630934995250,34.77
1630934995500,34.77
1630934995750,34.77
1630934996000,34.79
1630934996250,34.79
1630934996500,34.79
1630934996750,34.79
1630934997000,34.79
1630934997250,34.79
1630934997500,34.79
1630934997750,34.79
1630934998000,34.77
1630934998250,34.77
1630934998500,34.77
1630934998750,34.77
1630934999000,34.79
1630934999250,34.79
1630934999500,34.79
1630934999750,34.79
1630935000000,34.79
1630935000250,34.79
1630935000500,34.79
1630935000750,34.79
1630935001000,34.77
1630935001250,34.77
1630935001500,34.77
1630935001750,34.77
1630935002000,34.77
1630935002250,34.77
1630935002500,34.77
1630935002750,34.77
1630935003000,34.79
1630935003250,34.79
1630935003500,34.79
1630935003750,34.79
1630935004000,34.79
1630935004250,34.79
1630935004500,34.79
1630935004750,34.79
1630935005000,34.77
1630935005250,34.77
1630935005500,34.77
1630935005750,34.77
1630935006000,34.79
1630935006250,34.79
1630935006500,34.79
1630935006750,34.79
1630935007000,34.79
1630935007250,34.79
1630935007500,34.79
1630935007750,34.79
1630935008000,34.79
1630935008250,34.79
1630935008500,34.79
1630935008750,34.79
1630935009000,34.75
1630935009250,34.75
1630935009500,34.75
1630935009750,34.75
1630935010000,34.77
1630935010250,34.77
1630935010500,34.77
1630935010750,34.77
1630935011000,34.77
1630935011250,34.77
1630935011500,34.77
1630935011750,34.77
1630935012000,34.79
1630935012250,34.79
1630935012500,34.79
1630935012750,34.79
1630935013000,34.77
1630935013250,34.77
1630935013500,34.77
1630935013750,34.77
1630935014000,34.77
1630935014250,34.77
1630935014500,34.77
1630935014750,34.77
1630935015000,34.79
1630935015250,34.79
1630935015500,34.79
1630935015750,34.79
1630935016000,34.79
1630935016250,34.79
1630935016500,34.79
1630935016750,34.79
1630935017000,34.75
1630935017250,34.75
1630935017500,34.75
1630935017750,34.75
1630935018000,34.79
1630935018250,34.79
1630935018500,34.79
1630935018750,34.79
1630935019000,34.77
1630935019250,34.77
1630935019500,34.77
1630935019750,34.77
1630935020000,34.75
1630935020250,34.75
1630935020500,34.75
1630935020750,34.75
1630935021000,34.75
1630935021250,34.75
1630935021500,34.75
1630935021750,34.75
1630935022000,34.75
1630935022250,34.75
1630935022500,34.75
1630935022750,34.75
1630935023000,34.77
1630935023250,34.77
1630935023500,34.77
1630935023750,34.77
1630935024000,34.75
1630935024250,34.75
1630935024500,34.75
1630935024750,34.75
1630935025000,34.77
1630935025250,34.77
1630935025500,34.77
1630935025750,34.77
1630935026000,34.77
1630935026250,34.77
1630935026500,34.77
1630935026750,34.77
1630935027000,34.77
1630935027250,34.77
1630935027500,34.77
1630935027750,34.77
1630935028000,34.77
1630935028250,34.77
1630935028500,34.77
1630935028750,34.77
1630935029000,34.75
1630935029250,34.75
1630935029500,34.75
1630935029750,34.75
1630935030000,34.75
1630935030250,34.75
1630935030500,34.75
1630935030750,34.75
1630935031000,34.75
1630935031250,34.75
1630935031500,34.75
1630935031750,34.75
1630935032000,34.75
1630935032250,34.75
1630935032500,34.75
1630935032750,34.75
1630935033000,34.71
1630935033250,34.71
1630935033500,34.71
1630935033750,34.71
1630935034000,34.73
1630935034250,34.73
1630935034500,34.73
1630935034750,34.73
1630935035000,34.71
1630935035250,34.71
1630935035500,34.71
1630935035750,34.71
1630935036000,34.73
1630935036250,34.73
1630935036500,34.73
1630935036750,34.73
1630935037000,34.75
1630935037250,34.75
1630935037500,34.75
1630935037750,34.75
1630935038000,34.71
1630935038250,34.71
1630935038500,34.71
1630935038750,34.71
1630935039000,34.71
1630935039250,34.71
1630935039500,34.71
1630935039750,34.71
1630935040000,34.71
1630935040250,34.71
1630935040500,34.71
1630935040750,34.71
1630935041000,34.71
1630935041250,34.71
1630935041500,34.71
1630935041750,34.71
1630935042000,34.68
1630935042250,34.68
1630935042500,34.68
1630935042750,34.68
1630935043000,34.71
1630935043250,34.71
1630935043500,34.71
1630935043750,34.71
1630935044000,34.68
1630935044250,34.68
1630935044500,34.68
1630935044750,34.68
1630935045000,34.68
1630935045250,34.68
1630935045500,34.68
1630935045750,34.68
1630935046000,34.68
1630935046250,34.68
1630935046500,34.68
1630935046750,34.68
1630935047000,34.68
1630935047250,34.68
1630935047500,34.68
1630935047750,34.68
1630935048000,34.65
1630935048250,34.65
1630935048500,34.65
1630935048750,34.65
1630935049000,34.66
1630935049250,34.66
1630935049500,34.66
1630935049750,34.66
1630935050000,34.66
1630935050250,34.66
1630935050500,34.66
1630935050750,34.66
1630935051000,34.66
1630935051250,34.66
1630935051500,34.66
1630935051750,34.66
1630935052000,34.65
1630935052250,34.65
1630935052500,34.65
1630935052750,34.65
1630935053000,34.65
1630935053250,34.65
1630935053500,34.65
1630935053750,34.65
1630935054000,34.63
1630935054250,34.63
1630935054500,34.63
1630935054750,34.63
1630935055000,34.65
1630935055250,34.65
1630935055500,34.65
1630935055750,34.65
1630935056000,34.63
1630935056250,34.63
1630935056500,34.63
1630935056750,34.63
1630935057000,34.65
1630935057250,34.65
1630935057500,34.65
1630935057750,34.65
1630935058000,34.65
1630935058250,34.65
1630935058500,34.65
1630935058750,34.65
1630935059000,34.61
1630935059250,34.61
1630935059500,34.61
1630935059750,34.61
1630935060000,34.63
1630935060250,34.63
1630935060500,34.63
1630935060750,34.63
1630935061000,34.61
1630935061250,34.61
1630935061500,34.61
1630935061750,34.61
1630935062000,34.63
1630935062250,34.63
1630935062500,34.63
1630935062750,34.63
1630935063000,34.63
1630935063250,34.63
1630935063500,34.63
1630935063750,34.63
1630935064000,34.59
1630935064250,34.59
1630935064500,34.59
1630935064750,34.59
1630935065000,34.61
1630935065250,34.61
1630935065500,34.61
1630935065750,34.61
1630935066000,34.61
1630935066250,34.61
1630935066500,34.61
1630935066750,34.61
1630935067000,34.63
1630935067250,34.63
1630935067500,34.63
1630935067750,34.63
1630935068000,34.61
1630935068250,34.61
1630935068500,34.61
1630935068750,34.61
1630935069000,34.61
1630935069250,34.61
1630935069500,34.61
1630935069750,34.61
1630935070000,34.61
1630935070250,34.61
1630935070500,34.61
1630935070750,34.61
1630935071000,34.59
1630935071250,34.59
1630935071500,34.59
1630935071750,34.59
1630935072000,34.63
1630935072250,34.63
1630935072500,34.63
1630935072750,34.63
1630935073000,34.61
1630935073250,34.61
1630935073500,34.61
1630935073750,34.61
1630935074000,34.61
1630935074250,34.61
1630935074500,34.61
1630935074750,34.61
1630935075000,34.61
1630935075250,34.61
1630935075500,34.61
1630935075750,34.61
1630935076000,34.57
1630935076250,34.57
1630935076500,34.57
1630935076750,34.57
1630935077000,34.59
1630935077250,34.59
1630935077500,34.59
1630935077750,34.59
1630935078000,34.61
1630935078250,34.61
1630935078500,34.61
1630935078750,34.61
1630935079000,34.59
1630935079250,34.59
1630935079500,34.59
1630935079750,34.59
1630935080000,34.59
1630935080250,34.59
1630935080500,34.59
1630935080750,34.59
1630935081000,34.59
1630935081250,34.59
1630935081500,34.59
1630935081750,34.59
1630935082000,34.57
1630935082250,34.57
1630935082500,34.57
1630935082750,34.57
1630935083000,34.59
1630935083250,34.59
1630935083500,34.59
1630935083750,34.59
1630935084000,34.57
1630935084250,34.57
1630935084500,34.57
1630935084750,34.57
1630935085000,34.57
1630935085250,34.57
1630935085500,34.57
1630935085750,34.57
1630935086000,34.59
1630935086250,34.59
1630935086500,34.59
1630935086750,34.59
1630935087000,34.57
1630935087250,34.57
1630935087500,34.57
1630935087750,34.57
1630935088000,34.57
1630935088250,34.57
1630935088500,34.57
1630935088750,34.57
1630935089000,34.57
1630935089250,34.57
1630935089500,34.57
1630935089750,34.57
1630935090000,34.57
1630935090250,34.57
1630935090500,34.57
1630935090750,34.57
1630935091000,34.57
1630935091250,34.57
1630935091500,34.57
1630935091750,34.57
1630935092000,34.55
1630935092250,34.55
1630935092500,34.55
1630935092750,34.55
1630935093000,34.55
1630935093250,34.55
1630935093500,34.55
1630935093750,34.55
1630935094000,34.55
1630935094250,34.55
1630935094500,34.55
1630935094750,34.55
1630935095000,34.55
1630935095250,34.55
1630935095500,34.55
1630935095750,34.55
1630935096000,34.53
1630935096250,34.53
1630935096500,34.53
1630935096750,34.53
1630935097000,34.55
1630935097250,34.55
1630935097500,34.55
1630935097750,34.55
1630935098000,34.57
1630935098250,34.57
1630935098500,34.57
1630935098750,34.57
1630935099000,34.53
1630935099250,34.53
1630935099500,34.53
1630935099750,34.53
1630935100000,34.55
1630935100250,34.55
1630935100500,34.55
1630935100750,34.55
1630935101000,34.55
1630935101250,34.55
1630935101500,34.55
1630935101750,34.55
1630935102000,34.55
1630935102250,34.55
1630935102500,34.55
1630935102750,34.55
1630935103000,34.5
1630935103250,34.5
1630935103500,34.5
1630935103750,34.5
1630935104000,34.55
1630935104250,34.55
1630935104500,34.55
1630935104750,34.55
1630935105000,34.53
1630935105250,34.53
1630935105500,34.53
1630935105750,34.53
1630935106000,34.55
1630935106250,34.55
1630935106500,34.55
1630935106750,34.55
1630935107000,34.55
1630935107250,34.55
1630935107500,34.55
1630935107750,34.55
1630935108000,34.5
1630935108250,34.5
1630935108500,34.5
1630935108750,34.5
1630935109000,34.55
1630935109250,34.55
1630935109500,34.55
1630935109750,34.55
1630935110000,34.53
1630935110250,34.53
1630935110500,34.53
1630935110750,34.53
1630935111000,34.53
1630935111250,34.53
1630935111500,34.53
1630935111750,34.53
1630935112000,34.5
1630935112250,34.5
1630935112500,34.5
1630935112750,34.5
1630935113000,34.53
1630935113250,34.53
1630935113500,34.53
1630935113750,34.53
1630935114000,34.53
1630935114250,34.53
1630935114500,34.53
1630935114750,34.53
1630935115000,34.5
1630935115250,34.5
1630935115500,34.5
1630935115750,34.5
1630935116000,34.5
1630935116250,34.5
1630935116500,34.5
1630935116750,34.5
1630935117000,34.5
1630935117250,34.5
1630935117500,34.5
1630935117750,34.5
1630935118000,34.53
1630935118250,34.53
1630935118500,34.53
1630935118750,34.53
1630935119000,34.55
1630935119250,34.55
1630935119500,34.55
1630935119750,34.55
1630935120000,34.5
1630935120250,34.5
1630935120500,34.5
1630935120750,34.5
1630935121000,34.53
1630935121250,34.53
1630935121500,34.53
1630935121750,34.53
1630935122000,34.5
1630935122250,34.5
1630935122500,34.5
1630935122750,34.5
1630935123000,34.5
1630935123250,34.5
1630935123500,34.5
1630935123750,34.5
1630935124000,34.5
1630935124250,34.5
1630935124500,34.5
1630935124750,34.5
1630935125000,34.5
1630935125250,34.5
1630935125500,34.5
1630935125750,34.5
1630935126000,34.49
1630935126250,34.49
1630935126500,34.49
1630935126750,34.49
1630935127000,34.49
1630935127250,34.49
1630935127500,34.49
1630935127750,34.49
1630935128000,34.49
1630935128250,34.49
1630935128500,34.49
1630935128750,34.49
1630935129000,34.5
1630935129250,34.5
1630935129500,34.5
1630935129750,34.5
1630935130000,34.49
1630935130250,34.49
1630935130500,34.49
1630935130750,34.49
1630935131000,34.49
1630935131250,34.49
1630935131500,34.49
1630935131750,34.49
1630935132000,34.5
1630935132250,34.5
1630935132500,34.5
1630935132750,34.5
1630935133000,34.49
1630935133250,34.49
1630935133500,34.49
1630935133750,34.49
1630935134000,34.5
1630935134250,34.5
1630935134500,34.5
1630935134750,34.5
1630935135000,34.47
1630935135250,34.47
1630935135500,34.47
1630935135750,34.47
1630935136000,34.49
1630935136250,34.49
1630935136500,34.49
1630935136750,34.49
1630935137000,34.49
1630935137250,34.49
1630935137500,34.49
1630935137750,34.49
1630935138000,34.49
1630935138250,34.49
1630935138500,34.49
1630935138750,34.49
1630935139000,34.49
1630935139250,34.49
1630935139500,34.49
1630935139750,34.49
1630935140000,34.49
1630935140250,34.49
1630935140500,34.49
1630935140750,34.49
1630935141000,34.49
1630935141250,34.49
1630935141500,34.49
1630935141750,34.49
1630935142000,34.49
1630935142250,34.49
1630935142500,34.49
1630935142750,34.49
1630935143000,34.49
1630935143250,34.49
1630935143500,34.49
1630935143750,34.49
1630935144000,34.49
1630935144250,34.49
1630935144500,34.49
1630935144750,34.49
1630935145000,34.49
1630935145250,34.49
1630935145500,34.49
1630935145750,34.49
1630935146000,34.49
1630935146250,34.49
1630935146500,34.49
1630935146750,34.49
1630935147000,34.5
1630935147250,34.5
1630935147500,34.5
1630935147750,34.5
1630935148000,34.49
1630935148250,34.49
1630935148500,34.49
1630935148750,34.49
1630935149000,34.49
1630935149250,34.49
1630935149500,34.49
1630935149750,34.49
1630935150000,34.49
1630935150250,34.49
1630935150500,34.49
1630935150750,34.49
1630935151000,34.49
1630935151250,34.49
1630935151500,34.49
1630935151750,34.49
1630935152000,34.47
1630935152250,34.47
1630935152500,34.47
1630935152750,34.47
1630935153000,34.49
1630935153250,34.49
1630935153500,34.49
1630935153750,34.49
1630935154000,34.47
1630935154250,34.47
1630935154500,34.47
1630935154750,34.47
1630935155000,34.49
1630935155250,34.49
1630935155500,34.49
1630935155750,34.49
1630935156000,34.47
1630935156250,34.47
1630935156500,34.47
1630935156750,34.47
1630935157000,34.47
1630935157250,34.47
1630935157500,34.47
1630935157750,34.47
1630935158000,34.49
1630935158250,34.49
1630935158500,34.49
1630935158750,34.49
1630935159000,34.49
1630935159250,34.49
1630935159500,34.49
1630935159750,34.49
1630935160000,34.49
1630935160250,34.49
1630935160500,34.49
1630935160750,34.49
1630935161000,34.49
1630935161250,34.49
1630935161500,34.49
1630935161750,34.49
1630935162000,34.47
1630935162250,34.47
1630935162500,34.47
1630935162750,34.47
1630935163000,34.49
1630935163250,34.49
1630935163500,34.49
1630935163750,34.49
1630935164000,34.47
1630935164250,34.47
1630935164500,34.47
1630935164750,34.47
1630935165000,34.49
1630935165250,34.49
1630935165500,34.49
1630935165750,34.49
1630935166000,34.47
1630935166250,34.47
1630935166500,34.47
1630935166750,34.47
1630935167000,34.49
1630935167250,34.49
1630935167500,34.49
1630935167750,34.49
1630935168000,34.47
1630935168250,34.47
1630935168500,34.47
1630935168750,34.47
1630935169000,34.47
1630935169250,34.47
1630935169500,34.47
1630935169750,34.47
1630935170000,34.49
1630935170250,34.49
1630935170500,34.49
1630935170750,34.49
1630935171000,34.47
1630935171250,34.47
1630935171500,34.47
1630935171750,34.47
1630935172000,34.49
1630935172250,34.49
1630935172500,34.49
1630935172750,34.49
1630935173000,34.49
1630935173250,34.49
1630935173500,34.49
1630935173750,34.49
1630935174000,34.49
1630935174250,34.49
1630935174500,34.49
1630935174750,34.49
1630935175000,34.47
1630935175250,34.47
1630935175500,34.47
1630935175750,34.47
1630935176000,34.5
1630935176250,34.5
1630935176500,34.5
1630935176750,34.5
1630935177000,34.49
1630935177250,34.49
1630935177500,34.49
1630935177750,34.49
1630935178000,34.47
1630935178250,34.47
1630935178500,34.47
1630935178750,34.47
1630935179000,34.47
1630935179250,34.47
1630935179500,34.47
1630935179750,34.47
1630935180000,34.49
1630935180250,34.49
1630935180500,34.49
1630935180750,34.49
1630935181000,34.49
1630935181250,34.49
1630935181500,34.49
1630935181750,34.49
1630935182000,34.47
1630935182250,34.47
1630935182500,34.47
1630935182750,34.47
1630935183000,34.47
1630935183250,34.47
1630935183500,34.47
1630935183750,34.47
1630935184000,34.49
1630935184250,34.49
1630935184500,34.49
1630935184750,34.49
1630935185000,34.47
1630935185250,34.47
1630935185500,34.47
1630935185750,34.47
1630935186000,34.47
1630935186250,34.47
1630935186500,34.47
1630935186750,34.47
1630935187000,34.45
1630935187250,34.45
1630935187500,34.45
1630935187750,34.45
1630935188000,34.47
1630935188250,34.47
1630935188500,34.47
1630935188750,34.47
1630935189000,34.47
1630935189250,34.47
1630935189500,34.47
1630935189750,34.47
1630935190000,34.47
1630935190250,34.47
1630935190500,34.47
1630935190750,34.47
1630935191000,34.47
1630935191250,34.47
1630935191500,34.47
1630935191750,34.47
1630935192000,34.49
1630935192250,34.49
1630935192500,34.49
1630935192750,34.49
1630935193000,34.49
1630935193250,34.49
1630935193500,34.49
1630935193750,34.49
1630935194000,34.49
1630935194250,34.49
1630935194500,34.49
1630935194750,34.49
1630935195000,34.49
1630935195250,34.49
1630935195500,34.49
1630935195750,34.49
1630935196000,34.49
1630935196250,34.49
1630935196500,34.49
1630935196750,34.49
1630935197000,34.47
1630935197250,34.47
1630935197500,34.47
1630935197750,34.47
1630935198000,34.49
1630935198250,34.49
1630935198500,34.49
1630935198750,34.49
1630935199000,34.49
1630935199250,34.49
1630935199500,34.49
1630935199750,34.49
1630935200000,34.49
1630935200250,34.49
1630935200500,34.49
1630935200750,34.49
1630935201000,34.49
1630935201250,34.49
1630935201500,34.49
1630935201750,34.49
1630935202000,34.49
1630935202250,34.49
1630935202500,34.49
1630935202750,34.49
1630935203000,34.5
1630935203250,34.5
1630935203500,34.5
1630935203750,34.5
1630935204000,34.49
1630935204250,34.49
1630935204500,34.49
1630935204750,34.49
1630935205000,34.49
1630935205250,34.49
1630935205500,34.49
1630935205750,34.49
1630935206000,34.49
1630935206250,34.49
1630935206500,34.49
1630935206750,34.49
1630935207000,34.49
1630935207250,34.49
1630935207500,34.49
1630935207750,34.49
1630935208000,34.49
1630935208250,34.49
1630935208500,34.49
1630935208750,34.49
1630935209000,34.49
1630935209250,34.49
1630935209500,34.49
1630935209750,34.49
1630935210000,34.49
1630935210250,34.49
1630935210500,34.49
1630935210750,34.49
1630935211000,34.47
1630935211250,34.47
1630935211500,34.47
1630935211750,34.47
1630935212000,34.45
1630935212250,34.45
1630935212500,34.45
1630935212750,34.45
1630935213000,34.47
1630935213250,34.47
1630935213500,34.47
1630935213750,34.47
1630935214000,34.47
1630935214250,34.47
1630935214500,34.47
1630935214750,34.47
1630935215000,34.45
1630935215250,34.45
1630935215500,34.45
1630935215750,34.45
1630935216000,34.47
1630935216250,34.47
1630935216500,34.47
1630935216750,34.47
1630935217000,34.47
1630935217250,34.47
1630935217500,34.47
1630935217750,34.47
1630935218000,34.47
1630935218250,34.47
1630935218500,34.47
1630935218750,34.47
1630935219000,34.47
1630935219250,34.47
1630935219500,34.47
1630935219750,34.47
1630935220000,34.45
1630935220250,34.45
1630935220500,34.45
1630935220750,34.45
1630935221000,34.47
1630935221250,34.47
1630935221500,34.47
1630935221750,34.47
1630935222000,34.47
1630935222250,34.47
1630935222500,34.47
1630935222750,34.47
1630935223000,34.47
1630935223250,34.47
1630935223500,34.47
1630935223750,34.47
1630935224000,34.47
1630935224250,34.47
1630935224500,34.47
1630935224750,34.47
1630935225000,34.45
1630935225250,34.45
1630935225500,34.45
1630935225750,34.45
1630935226000,34.47
1630935226250,34.47
1630935226500,34.47
1630935226750,34.47
1630935227000,34.47
1630935227250,34.47
1630935227500,34.47
1630935227750,34.47
1630935228000,34.49
1630935228250,34.49
1630935228500,34.49
1630935228750,34.49
1630935229000,34.45
1630935229250,34.45
1630935229500,34.45
1630935229750,34.45
1630935230000,34.47
1630935230250,34.47
1630935230500,34.47
1630935230750,34.47
1630935231000,34.47
1630935231250,34.47
1630935231500,34.47
1630935231750,34.47
1630935232000,34.45
1630935232250,34.45
1630935232500,34.45
1630935232750,34.45
1630935233000,34.47
1630935233250,34.47
1630935233500,34.47
1630935233750,34.47
1630935234000,34.47
1630935234250,34.47
1630935234500,34.47
1630935234750,34.47
1630935235000,34.45
1630935235250,34.45
1630935235500,34.45
1630935235750,34.45
1630935236000,34.43
1630935236250,34.43
1630935236500,34.43
1630935236750,34.43
1630935237000,34.47
1630935237250,34.47
1630935237500,34.47
1630935237750,34.47
1630935238000,34.45
1630935238250,34.45
1630935238500,34.45
1630935238750,34.45
1630935239000,34.47
1630935239250,34.47
1630935239500,34.47
1630935239750,34.47
1630935240000,34.45
1630935240250,34.45
1630935240500,34.45
1630935240750,34.45
1630935241000,34.45
1630935241250,34.45
1630935241500,34.45
1630935241750,34.45
1630935242000,34.45
1630935242250,34.45
1630935242500,34.45
1630935242750,34.45
1630935243000,34.45
1630935243250,34.45
1630935243500,34.45
1630935243750,34.45
1630935244000,34.41
1630935244250,34.41
1630935244500,34.41
1630935244750,34.41
1630935245000,34.47
1630935245250,34.47
1630935245500,34.47
1630935245750,34.47
1630935246000,34.45
1630935246250,34.45
1630935246500,34.45
1630935246750,34.45
1630935247000,34.47
1630935247250,34.47
1630935247500,34.47
1630935247750,34.47
1630935248000,34.45
1630935248250,34.45
1630935248500,34.45
1630935248750,34.45
1630935249000,34.47
1630935249250,34.47
1630935249500,34.47
1630935249750,34.47
1630935250000,34.43
1630935250250,34.43
1630935250500,34.43
1630935250750,34.43
1630935251000,34.47
1630935251250,34.47
1630935251500,34.47
1630935251750,34.47
1630935252000,34.45
1630935252250,34.45
1630935252500,34.45
1630935252750,34.45
1630935253000,34.47
1630935253250,34.47
1630935253500,34.47
1630935253750,34.47
1630935254000,34.45
1630935254250,34.45
1630935254500,34.45
1630935254750,34.45
1630935255000,34.45
1630935255250,34.45
1630935255500,34.45
1630935255750,34.45
1630935256000,34.47
1630935256250,34.47
1630935256500,34.47
1630935256750,34.47
1630935257000,34.45
1630935257250,34.45
1630935257500,34.45
1630935257750,34.45
1630935258000,34.49
1630935258250,34.49
1630935258500,34.49
1630935258750,34.49
1630935259000,34.47
1630935259250,34.47
1630935259500,34.47
1630935259750,34.47
1630935260000,34.49
1630935260250,34.49
1630935260500,34.49
1630935260750,34.49
1630935261000,34.45
1630935261250,34.45
1630935261500,34.45
1630935261750,34.45
1630935262000,34.47
1630935262250,34.47
1630935262500,34.47
1630935262750,34.47
1630935263000,34.45
1630935263250,34.45
1630935263500,34.45
1630935263750,34.45
1630935264000,34.47
1630935264250,34.47
1630935264500,34.47
1630935264750,34.47
1630935265000,34.47
1630935265250,34.47
1630935265500,34.47
1630935265750,34.47
1630935266000,34.49
1630935266250,34.49
1630935266500,34.49
1630935266750,34.49
1630935267000,34.49
1630935267250,34.49
1630935267500,34.49
1630935267750,34.49
1630935268000,34.49
1630935268250,34.49
1630935268500,34.49
1630935268750,34.49
1630935269000,34.47
1630935269250,34.47
1630935269500,34.47
1630935269750,34.47
1630935270000,34.49
1630935270250,34.49
1630935270500,34.49
1630935270750,34.49
1630935271000,34.5
1630935271250,34.5
1630935271500,34.5
1630935271750,34.5
1630935272000,34.5
1630935272250,34.5
1630935272500,34.5
1630935272750,34.5
1630935273000,34.5
1630935273250,34.5
1630935273500,34.5
1630935273750,34.5
1630935274000,34.5
1630935274250,34.5
1630935274500,34.5
1630935274750,34.5
1630935275000,34.5
1630935275250,34.5
1630935275500,34.5
1630935275750,34.5
1630935276000,34.5
1630935276250,34.5
1630935276500,34.5
1630935276750,34.5
1630935277000,34.49
1630935277250,34.49
1630935277500,34.49
1630935277750,34.49
1630935278000,34.5
1630935278250,34.5
1630935278500,34.5
1630935278750,34.5
1630935279000,34.49
1630935279250,34.49
1630935279500,34.49
1630935279750,34.49
1630935280000,34.47
1630935280250,34.47
1630935280500,34.47
1630935280750,34.47
1630935281000,34.49
1630935281250,34.49
1630935281500,34.49
1630935281750,34.49
1630935282000,34.47
1630935282250,34.47
1630935282500,34.47
1630935282750,34.47
1630935283000,34.49
1630935283250,34.49
1630935283500,34.49
1630935283750,34.49
1630935284000,34.49
1630935284250,34.49
1630935284500,34.49
1630935284750,34.49
1630935285000,34.47
1630935285250,34.47
1630935285500,34.47
1630935285750,34.47
1630935286000,34.49
1630935286250,34.49
1630935286500,34.49
1630935286750,34.49
1630935287000,34.47
1630935287250,34.47
1630935287500,34.47
1630935287750,34.47
1630935288000,34.47
1630935288250,34.47
1630935288500,34.47
1630935288750,34.47
1630935289000,34.47
1630935289250,34.47
1630935289500,34.47
1630935289750,34.47
1630935290000,34.49
1630935290250,34.49
1630935290500,34.49
1630935290750,34.49
1630935291000,34.45
1630935291250,34.45
1630935291500,34.45
1630935291750,34.45
1630935292000,34.43
1630935292250,34.43
1630935292500,34.43
1630935292750,34.43
1630935293000,34.43
1630935293250,34.43
1630935293500,34.43
1630935293750,34.43
1630935294000,34.47
1630935294250,34.47
1630935294500,34.47
1630935294750,34.47
1630935295000,34.43
1630935295250,34.43
1630935295500,34.43
1630935295750,34.43
1630935296000,34.43
1630935296250,34.43
1630935296500,34.43
1630935296750,34.43
1630935297000,34.43
1630935297250,34.43
1630935297500,34.43
1630935297750,34.43
1630935298000,34.41
1630935298250,34.41
1630935298500,34.41
1630935298750,34.41
1630935299000,34.41
1630935299250,34.41
1630935299500,34.41
1630935299750,34.41
1630935300000,34.41
1630935300250,34.41
1630935300500,34.41
1630935300750,34.41
1630935301000,34.41
1630935301250,34.41
1630935301500,34.41
1630935301750,34.41
1630935302000,34.39
1630935302250,34.39
1630935302500,34.39
1630935302750,34.39
1630935303000,34.41
1630935303250,34.41
1630935303500,34.41
1630935303750,34.41
1630935304000,34.41
1630935304250,34.41
1630935304500,34.41
1630935304750,34.41
1630935305000,34.39
1630935305250,34.39
1630935305500,34.39
1630935305750,34.39
1630935306000,34.37
1630935306250,34.37
1630935306500,34.37
1630935306750,34.37
1630935307000,34.37
1630935307250,34.37
1630935307500,34.37
1630935307750,34.37
1630935308000,34.41
1630935308250,34.41
1630935308500,34.41
1630935308750,34.41
1630935309000,34.39
1630935309250,34.39
1630935309500,34.39
1630935309750,34.39
1630935310000,34.37
1630935310250,34.37
1630935310500,34.37
1630935310750,34.37
1630935311000,34.39
1630935311250,34.39
1630935311500,34.39
1630935311750,34.39
1630935312000,34.37
1630935312250,34.37
1630935312500,34.37
1630935312750,34.37
1630935313000,34.39
1630935313250,34.39
1630935313500,34.39
1630935313750,34.39
1630935314000,34.37
1630935314250,34.37
1630935314500,34.37
1630935314750,34.37
1630935315000,34.37
1630935315250,34.37
1630935315500,34.37
1630935315750,34.37
1630935316000,34.37
1630935316250,34.37
1630935316500,34.37
1630935316750,34.37
1630935317000,34.37
1630935317250,34.37
1630935317500,34.37
1630935317750,34.37
1630935318000,34.37
1630935318250,34.37
1630935318500,34.37
1630935318750,34.37
1630935319000,34.37
1630935319250,34.37
1630935319500,34.37
1630935319750,34.37
1630935320000,34.39
1630935320250,34.39
1630935320500,34.39
1630935320750,34.39
1630935321000,34.37
1630935321250,34.37
1630935321500,34.37
1630935321750,34.37
1630935322000,34.37
1630935322250,34.37
1630935322500,34.37
1630935322750,34.37
1630935323000,34.39
1630935323250,34.39
1630935323500,34.39
1630935323750,34.39
1630935324000,34.37
1630935324250,34.37
1630935324500,34.37
1630935324750,34.37
1630935325000,34.34
1630935325250,34.34
1630935325500,34.34
1630935325750,34.34
1630935326000,34.37
1630935326250,34.37
1630935326500,34.37
1630935326750,34.37
1630935327000,34.39
1630935327250,34.39
1630935327500,34.39
1630935327750,34.39
1630935328000,34.34
1630935328250,34.34
1630935328500,34.34
1630935328750,34.34
1630935329000,34.39
1630935329250,34.39
1630935329500,34.39
1630935329750,34.39
1630935330000,34.37
1630935330250,34.37
1630935330500,34.37
1630935330750,34.37
1630935331000,34.37
1630935331250,34.37
1630935331500,34.37
1630935331750,34.37
1630935332000,34.37
1630935332250,34.37
1630935332500,34.37
1630935332750,34.37
1630935333000,34.37
1630935333250,34.37
1630935333500,34.37
1630935333750,34.37
1630935334000,34.34
1630935334250,34.34
1630935334500,34.34
1630935334750,34.34
1630935335000,34.37
1630935335250,34.37
1630935335500,34.37
1630935335750,34.37
1630935336000,34.39
1630935336250,34.39
1630935336500,34.39
1630935336750,34.39
1630935337000,34.39
1630935337250,34.39
1630935337500,34.39
1630935337750,34.39
1630935338000,34.37
1630935338250,34.37
1630935338500,34.37
1630935338750,34.37
1630935339000,34.39
1630935339250,34.39
1630935339500,34.39
1630935339750,34.39
1630935340000,34.39
1630935340250,34.39
1630935340500,34.39
1630935340750,34.39
1630935341000,34.37
1630935341250,34.37
1630935341500,34.37
1630935341750,34.37
1630935342000,34.39
1630935342250,34.39
1630935342500,34.39
1630935342750,34.39
1630935343000,34.39
1630935343250,34.39
1630935343500,34.39
1630935343750,34.39
1630935344000,34.37
1630935344250,34.37
1630935344500,34.37
1630935344750,34.37
1630935345000,34.39
1630935345250,34.39
1630935345500,34.39
1630935345750,34.39
1630935346000,34.39
1630935346250,34.39
1630935346500,34.39
1630935346750,34.39
1630935347000,34.39
1630935347250,34.39
1630935347500,34.39
1630935347750,34.39
1630935348000,34.39
1630935348250,34.39
1630935348500,34.39
1630935348750,34.39
1630935349000,34.39
1630935349250,34.39
1630935349500,34.39
1630935349750,34.39
1630935350000,34.39
1630935350250,34.39
1630935350500,34.39
1630935350750,34.39
1630935351000,34.39
1630935351250,34.39
1630935351500,34.39
1630935351750,34.39
1630935352000,34.39
1630935352250,34.39
1630935352500,34.39
1630935352750,34.39
1630935353000,34.39
1630935353250,34.39
1630935353500,34.39
1630935353750,34.39
1630935354000,34.43
1630935354250,34.43
1630935354500,34.43
1630935354750,34.43
1630935355000,34.41
1630935355250,34.41
1630935355500,34.41
1630935355750,34.41
1630935356000,34.41
1630935356250,34.41
1630935356500,34.41
1630935356750,34.41
1630935357000,34.43
1630935357250,34.43
1630935357500,34.43
1630935357750,34.43
1630935358000,34.39
1630935358250,34.39
1630935358500,34.39
1630935358750,34.39
1630935359000,34.41
1630935359250,34.41
1630935359500,34.41
1630935359750,34.41
1630935360000,34.41
1630935360250,34.41
1630935360500,34.41
1630935360750,34.41
1630935361000,34.43
1630935361250,34.43
1630935361500,34.43
1630935361750,34.43
1630935362000,34.43
1630935362250,34.43
1630935362500,34.43
1630935362750,34.43
1630935363000,34.45
1630935363250,34.45
1630935363500,34.45
1630935363750,34.45
1630935364000,34.43
1630935364250,34.43
1630935364500,34.43
1630935364750,34.43
1630935365000,34.45
1630935365250,34.45
1630935365500,34.45
1630935365750,34.45
1630935366000,34.45
1630935366250,34.45
1630935366500,34.45
1630935366750,34.45
1630935367000,34.43
1630935367250,34.43
1630935367500,34.43
1630935367750,34.43
1630935368000,34.45
1630935368250,34.45
1630935368500,34.45
1630935368750,34.45
1630935369000,34.47
1630935369250,34.47
1630935369500,34.47
1630935369750,34.47
1630935370000,34.45
1630935370250,34.45
1630935370500,34.45
1630935370750,34.45
1630935371000,34.47
1630935371250,34.47
1630935371500,34.47
1630935371750,34.47
1630935372000,34.47
1630935372250,34.47
1630935372500,34.47
1630935372750,34.47
1630935373000,34.49
1630935373250,34.49
1630935373500,34.49
1630935373750,34.49
1630935374000,34.45
1630935374250,34.45
1630935374500,34.45
1630935374750,34.45
1630935375000,34.49
1630935375250,34.49
1630935375500,34.49
1630935375750,34.49
1630935376000,34.49
1630935376250,34.49
1630935376500,34.49
1630935376750,34.49
1630935377000,34.49
1630935377250,34.49
1630935377500,34.49
1630935377750,34.49
1630935378000,34.49
1630935378250,34.49
1630935378500,34.49
1630935378750,34.49
1630935379000,34.49
1630935379250,34.49
1630935379500,34.49
1630935379750,34.49
1630935380000,34.53
1630935380250,34.53
1630935380500,34.53
1630935380750,34.53
1630935381000,34.49
1630935381250,34.49
1630935381500,34.49
1630935381750,34.49
1630935382000,34.49
1630935382250,34.49
1630935382500,34.49
1630935382750,34.49
1630935383000,34.49
1630935383250,34.49
1630935383500,34.49
1630935383750,34.49
1630935384000,34.49
1630935384250,34.49
1630935384500,34.49
1630935384750,34.49
1630935385000,34.53
1630935385250,34.53
1630935385500,34.53
1630935385750,34.53
1630935386000,34.53
1630935386250,34.53
1630935386500,34.53
1630935386750,34.53
1630935387000,34.5
1630935387250,34.5
1630935387500,34.5
1630935387750,34.5
1630935388000,34.55
1630935388250,34.55
1630935388500,34.55
1630935388750,34.55
1630935389000,34.53
1630935389250,34.53
1630935389500,34.53
1630935389750,34.53
1630935390000,34.53
1630935390250,34.53
1630935390500,34.53
1630935390750,34.53
1630935391000,34.55
1630935391250,34.55
1630935391500,34.55
1630935391750,34.55
1630935392000,34.55
1630935392250,34.55
1630935392500,34.55
1630935392750,34.55
1630935393000,34.53
1630935393250,34.53
1630935393500,34.53
1630935393750,34.53
1630935394000,34.53
1630935394250,34.53
1630935394500,34.53
1630935394750,34.53
1630935395000,34.55
1630935395250,34.55
1630935395500,34.55
1630935395750,34.55
1630935396000,34.53
1630935396250,34.53
1630935396500,34.53
1630935396750,34.53
1630935397000,34.53
1630935397250,34.53
1630935397500,34.53
1630935397750,34.53
1630935398000,34.53
1630935398250,34.53
1630935398500,34.53
1630935398750,34.53
1630935399000,34.53
1630935399250,34.53
1630935399500,34.53
1630935399750,34.53
1630935400000,34.53
1630935400250,34.53
1630935400500,34.53
1630935400750,34.53
1630935401000,34.55
1630935401250,34.55
1630935401500,34.55
1630935401750,34.55
1630935402000,34.55
1630935402250,34.55
1630935402500,34.55
1630935402750,34.55
1630935403000,34.53
1630935403250,34.53
1630935403500,34.53
1630935403750,34.53
1630935404000,34.5
1630935404250,34.5
1630935404500,34.5
1630935404750,34.5
1630935405000,34.53
1630935405250,34.53
1630935405500,34.53
1630935405750,34.53
1630935406000,34.55
1630935406250,34.55
1630935406500,34.55
1630935406750,34.55
1630935407000,34.53
1630935407250,34.53
1630935407500,34.53
1630935407750,34.53
1630935408000,34.53
1630935408250,34.53
1630935408500,34.53
1630935408750,34.53
1630935409000,34.53
1630935409250,34.53
1630935409500,34.53
1630935409750,34.53
1630935410000,34.53
1630935410250,34.53
1630935410500,34.53
1630935410750,34.53
1630935411000,34.53
1630935411250,34.53
1630935411500,34.53
1630935411750,34.53
1630935412000,34.55
1630935412250,34.55
1630935412500,34.55
1630935412750,34.55
1630935413000,34.55
1630935413250,34.55
1630935413500,34.55
1630935413750,34.55
1630935414000,34.5
1630935414250,34.5
1630935414500,34.5
1630935414750,34.5
1630935415000,34.5
1630935415250,34.5
1630935415500,34.5
1630935415750,34.5
1630935416000,34.55
1630935416250,34.55
1630935416500,34.55
1630935416750,34.55
1630935417000,34.5
1630935417250,34.5
1630935417500,34.5
1630935417750,34.5
1630935418000,34.53
1630935418250,34.53
1630935418500,34.53
1630935418750,34.53
1630935419000,34.53
1630935419250,34.53
1630935419500,34.53
1630935419750,34.53
1630935420000,34.49
1630935420250,34.49
1630935420500,34.49
1630935420750,34.49
1630935421000,34.49
1630935421250,34.49
1630935421500,34.49
1630935421750,34.49
1630935422000,34.53
1630935422250,34.53
1630935422500,34.53
1630935422750,34.53
1630935423000,34.5
1630935423250,34.5
1630935423500,34.5
1630935423750,34.5
1630935424000,34.49
1630935424250,34.49
1630935424500,34.49
1630935424750,34.49
1630935425000,34.53
1630935425250,34.53
1630935425500,34.53
1630935425750,34.53
1630935426000,34.5
1630935426250,34.5
1630935426500,34.5
1630935426750,34.5
1630935427000,34.5
1630935427250,34.5
1630935427500,34.5
1630935427750,34.5
1630935428000,34.49
1630935428250,34.49
1630935428500,34.49
1630935428750,34.49
1630935429000,34.47
1630935429250,34.47
1630935429500,34.47
1630935429750,34.47
1630935430000,34.5
1630935430250,34.5
1630935430500,34.5
1630935430750,34.5
1630935431000,34.49
1630935431250,34.49
1630935431500,34.49
1630935431750,34.49
1630935432000,34.49
1630935432250,34.49
1630935432500,34.49
1630935432750,34.49
1630935433000,34.49
1630935433250,34.49
1630935433500,34.49
1630935433750,34.49
1630935434000,34.49
1630935434250,34.49
1630935434500,34.49
1630935434750,34.49
1630935435000,34.49
1630935435250,34.49
1630935435500,34.49
1630935435750,34.49
1630935436000,34.47
1630935436250,34.47
1630935436500,34.47
1630935436750,34.47
1630935437000,34.47
1630935437250,34.47
1630935437500,34.47
1630935437750,34.47
1630935438000,34.47
1630935438250,34.47
1630935438500,34.47
1630935438750,34.47
1630935439000,34.47
1630935439250,34.47
1630935439500,34.47
1630935439750,34.47
1630935440000,34.47
1630935440250,34.47
1630935440500,34.47
1630935440750,34.47
1630935441000,34.47
1630935441250,34.47
1630935441500,34.47
1630935441750,34.47
1630935442000,34.49
1630935442250,34.49
1630935442500,34.49
1630935442750,34.49
1630935443000,34.47
1630935443250,34.47
1630935443500,34.47
1630935443750,34.47
1630935444000,34.45
1630935444250,34.45
1630935444500,34.45
1630935444750,34.45
1630935445000,34.47
1630935445250,34.47
1630935445500,34.47
1630935445750,34.47
1630935446000,34.45
1630935446250,34.45
1630935446500,34.45
1630935446750,34.45
1630935447000,34.45
1630935447250,34.45
1630935447500,34.45
1630935447750,34.45
1630935448000,34.47
1630935448250,34.47
1630935448500,34.47
1630935448750,34.47
1630935449000,34.47
1630935449250,34.47
1630935449500,34.47
1630935449750,34.47
1630935450000,34.45
1630935450250,34.45
1630935450500,34.45
1630935450750,34.45
1630935451000,34.45
1630935451250,34.45
1630935451500,34.45
1630935451750,34.45
1630935452000,34.45
1630935452250,34.45
1630935452500,34.45
1630935452750,34.45
1630935453000,34.47
1630935453250,34.47
1630935453500,34.47
1630935453750,34.47
1630935454000,34.45
1630935454250,34.45
1630935454500,34.45
1630935454750,34.45
1630935455000,34.45
1630935455250,34.45
1630935455500,34.45
1630935455750,34.45
1630935456000,34.45
1630935456250,34.45
1630935456500,34.45
1630935456750,34.45
1630935457000,34.45
1630935457250,34.45
1630935457500,34.45
1630935457750,34.45
1630935458000,34.43
1630935458250,34.43
1630935458500,34.43
1630935458750,34.43
1630935459000,34.43
1630935459250,34.43
1630935459500,34.43
1630935459750,34.43
1630935460000,34.43
1630935460250,34.43
1630935460500,34.43
1630935460750,34.43
1630935461000,34.45
1630935461250,34.45
1630935461500,34.45
1630935461750,34.45
1630935462000,34.43
1630935462250,34.43
1630935462500,34.43
1630935462750,34.43
1630935463000,34.45
1630935463250,34.45
1630935463500,34.45
1630935463750,34.45
1630935464000,34.45
1630935464250,34.45
1630935464500,34.45
1630935464750,34.45
1630935465000,34.43
1630935465250,34.43
1630935465500,34.43
1630935465750,34.43
1630935466000,34.43
1630935466250,34.43
1630935466500,34.43
1630935466750,34.43
1630935467000,34.41
1630935467250,34.41
1630935467500,34.41
1630935467750,34.41
1630935468000,34.41
1630935468250,34.41
1630935468500,34.41
1630935468750,34.41
1630935469000,34.43
1630935469250,34.43
1630935469500,34.43
1630935469750,34.43
1630935470000,34.45
1630935470250,34.45
1630935470500,34.45
1630935470750,34.45
1630935471000,34.45
1630935471250,34.45
1630935471500,34.45
1630935471750,34.45
1630935472000,34.45
1630935472250,34.45
1630935472500,34.45
1630935472750,34.45
1630935473000,34.43
1630935473250,34.43
1630935473500,34.43
1630935473750,34.43
1630935474000,34.43
1630935474250,34.43
1630935474500,34.43
1630935474750,34.43
1630935475000,34.41
1630935475250,34.41
1630935475500,34.41
1630935475750,34.41
1630935476000,34.41
1630935476250,34.41
1630935476500,34.41
1630935476750,34.41
1630935477000,34.43
1630935477250,34.43
1630935477500,34.43
1630935477750,34.43
1630935478000,34.43
1630935478250,34.43
1630935478500,34.43
1630935478750,34.43
1630935479000,34.43
1630935479250,34.43
1630935479500,34.43
1630935479750,34.43
1630935480000,34.43
1630935480250,34.43
1630935480500,34.43
1630935480750,34.43
1630935481000,34.43
1630935481250,34.43
1630935481500,34.43
1630935481750,34.43
1630935482000,34.45
1630935482250,34.45
1630935482500,34.45
1630935482750,34.45
1630935483000,34.43
1630935483250,34.43
1630935483500,34.43
1630935483750,34.43
1630935484000,34.43
1630935484250,34.43
1630935484500,34.43
1630935484750,34.43
1630935485000,34.45
1630935485250,34.45
1630935485500,34.45
1630935485750,34.45
1630935486000,34.43
1630935486250,34.43
1630935486500,34.43
1630935486750,34.43
1630935487000,34.43
1630935487250,34.43
1630935487500,34.43
1630935487750,34.43
1630935488000,34.43
1630935488250,34.43
1630935488500,34.43
1630935488750,34.43
1630935489000,34.43
1630935489250,34.43
1630935489500,34.43
1630935489750,34.43
1630935490000,34.43
1630935490250,34.43
1630935490500,34.43
1630935490750,34.43
1630935491000,34.41
1630935491250,34.41
1630935491500,34.41
1630935491750,34.41
1630935492000,34.41
1630935492250,34.41
1630935492500,34.41
1630935492750,34.41
1630935493000,34.41
1630935493250,34.41
1630935493500,34.41
1630935493750,34.41
1630935494000,34.43
1630935494250,34.43
1630935494500,34.43
1630935494750,34.43
1630935495000,34.43
1630935495250,34.43
1630935495500,34.43
1630935495750,34.43
1630935496000,34.45
1630935496250,34.45
1630935496500,34.45
1630935496750,34.45
1630935497000,34.41
1630935497250,34.41
1630935497500,34.41
1630935497750,34.41
1630935498000,34.41
1630935498250,34.41
1630935498500,34.41
1630935498750,34.41
1630935499000,34.41
1630935499250,34.41
1630935499500,34.41
1630935499750,34.41
1630935500000,34.41
1630935500250,34.41
1630935500500,34.41
1630935500750,34.41
1630935501000,34.41
1630935501250,34.41
1630935501500,34.41
1630935501750,34.41
1630935502000,34.41
1630935502250,34.41
1630935502500,34.41
1630935502750,34.41
1630935503000,34.41
1630935503250,34.41
1630935503500,34.41
1630935503750,34.41
1630935504000,34.43
1630935504250,34.43
1630935504500,34.43
1630935504750,34.43
1630935505000,34.41
1630935505250,34.41
1630935505500,34.41
1630935505750,34.41
1630935506000,34.41
1630935506250,34.41
1630935506500,34.41
1630935506750,34.41
1630935507000,34.41
1630935507250,34.41
1630935507500,34.41
1630935507750,34.41
1630935508000,34.39
1630935508250,34.39
1630935508500,34.39
1630935508750,34.39
1630935509000,34.41
1630935509250,34.41
1630935509500,34.41
1630935509750,34.41
1630935510000,34.41
1630935510250,34.41
1630935510500,34.41
1630935510750,34.41
1630935511000,34.41
1630935511250,34.41
1630935511500,34.41
1630935511750,34.41
1630935512000,34.41
1630935512250,34.41
1630935512500,34.41
1630935512750,34.41
1630935513000,34.39
1630935513250,34.39
1630935513500,34.39
1630935513750,34.39
1630935514000,34.41
1630935514250,34.41
1630935514500,34.41
1630935514750,34.41
1630935515000,34.41
1630935515250,34.41
1630935515500,34.41
1630935515750,34.41
1630935516000,34.39
1630935516250,34.39
1630935516500,34.39
1630935516750,34.39
1630935517000,34.41
1630935517250,34.41
1630935517500,34.41
1630935517750,34.41
1630935518000,34.43
1630935518250,34.43
1630935518500,34.43
1630935518750,34.43
1630935519000,34.37
1630935519250,34.37
1630935519500,34.37
1630935519750,34.37
1630935520000,34.39
1630935520250,34.39
1630935520500,34.39
1630935520750,34.39
1630935521000,34.39
1630935521250,34.39
1630935521500,34.39
1630935521750,34.39
1630935522000,34.41
1630935522250,34.41
1630935522500,34.41
1630935522750,34.41
1630935523000,34.39
1630935523250,34.39
1630935523500,34.39
1630935523750,34.39
1630935524000,34.41
1630935524250,34.41
1630935524500,34.41
1630935524750,34.41
1630935525000,34.39
1630935525250,34.39
1630935525500,34.39
1630935525750,34.39
1630935526000,34.39
1630935526250,34.39
1630935526500,34.39
1630935526750,34.39
1630935527000,34.39
1630935527250,34.39
1630935527500,34.39
1630935527750,34.39
1630935528000,34.39
1630935528250,34.39
1630935528500,34.39
1630935528750,34.39
1630935529000,34.39
1630935529250,34.39
1630935529500,34.39
1630935529750,34.39
1630935530000,34.41
1630935530250,34.41
1630935530500,34.41
1630935530750,34.41
1630935531000,34.39
1630935531250,34.39
1630935531500,34.39
1630935531750,34.39
1630935532000,34.41
1630935532250,34.41
1630935532500,34.41
1630935532750,34.41
1630935533000,34.41
1630935533250,34.41
1630935533500,34.41
1630935533750,34.41
1630935534000,34.39
1630935534250,34.39
1630935534500,34.39
1630935534750,34.39
1630935535000,34.39
1630935535250,34.39
1630935535500,34.39
1630935535750,34.39
1630935536000,34.39
1630935536250,34.39
1630935536500,34.39
1630935536750,34.39
1630935537000,34.41
1630935537250,34.41
1630935537500,34.41
1630935537750,34.41
1630935538000,34.41
1630935538250,34.41
1630935538500,34.41
1630935538750,34.41
1630935539000,34.39
1630935539250,34.39
1630935539500,34.39
1630935539750,34.39
1630935540000,34.37
1630935540250,34.37
1630935540500,34.37
1630935540750,34.37
1630935541000,34.37
1630935541250,34.37
1630935541500,34.37
1630935541750,34.37
1630935542000,34.41
1630935542250,34.41
1630935542500,34.41
1630935542750,34.41
1630935543000,34.37
1630935543250,34.37
1630935543500,34.37
1630935543750,34.37
1630935544000,34.39
1630935544250,34.39
1630935544500,34.39
1630935544750,34.39
1630935545000,34.41
1630935545250,34.41
1630935545500,34.41
1630935545750,34.41
1630935546000,34.39
1630935546250,34.39
1630935546500,34.39
1630935546750,34.39
1630935547000,34.39
1630935547250,34.39
1630935547500,34.39
1630935547750,34.39
1630935548000,34.39
1630935548250,34.39
1630935548500,34.39
1630935548750,34.39
1630935549000,34.37
1630935549250,34.37
1630935549500,34.37
1630935549750,34.37
1630935550000,34.41
1630935550250,34.41
1630935550500,34.41
1630935550750,34.41
1630935551000,34.39
1630935551250,34.39
1630935551500,34.39
1630935551750,34.39
1630935552000,34.37
1630935552250,34.37
1630935552500,34.37
1630935552750,34.37
1630935553000,34.39
1630935553250,34.39
1630935553500,34.39
1630935553750,34.39
1630935554000,34.39
1630935554250,34.39
1630935554500,34.39
1630935554750,34.39
1630935555000,34.39
1630935555250,34.39
1630935555500,34.39
1630935555750,34.39
1630935556000,34.41
1630935556250,34.41
1630935556500,34.41
1630935556750,34.41
1630935557000,34.39
1630935557250,34.39
1630935557500,34.39
1630935557750,34.39
1630935558000,34.37
1630935558250,34.37
1630935558500,34.37
1630935558750,34.37
1630935559000,34.39
1630935559250,34.39
1630935559500,34.39
1630935559750,34.39
1630935560000,34.41
1630935560250,34.41
1630935560500,34.41
1630935560750,34.41
1630935561000,34.39
1630935561250,34.39
1630935561500,34.39
1630935561750,34.39
1630935562000,34.37
1630935562250,34.37
1630935562500,34.37
1630935562750,34.37
1630935563000,34.34
1630935563250,34.34
1630935563500,34.34
1630935563750,34.34
1630935564000,34.39
1630935564250,34.39
1630935564500,34.39
1630935564750,34.39
1630935565000,34.37
1630935565250,34.37
1630935565500,34.37
1630935565750,34.37
1630935566000,34.37
1630935566250,34.37
1630935566500,34.37
1630935566750,34.37
1630935567000,34.37
1630935567250,34.37
1630935567500,34.37
1630935567750,34.37
1630935568000,34.37
1630935568250,34.37
1630935568500,34.37
1630935568750,34.37
1630935569000,34.37
1630935569250,34.37
1630935569500,34.37
1630935569750,34.37
1630935570000,34.39
1630935570250,34.39
1630935570500,34.39
1630935570750,34.39
1630935571000,34.37
1630935571250,34.37
1630935571500,34.37
1630935571750,34.37
1630935572000,34.37
1630935572250,34.37
1630935572500,34.37
1630935572750,34.37
1630935573000,34.37
1630935573250,34.37
1630935573500,34.37
1630935573750,34.37
1630935574000,34.39
1630935574250,34.39
1630935574500,34.39
1630935574750,34.39
1630935575000,34.39
1630935575250,34.39
1630935575500,34.39
1630935575750,34.39
1630935576000,34.39
1630935576250,34.39
1630935576500,34.39
1630935576750,34.39
1630935577000,34.41
1630935577250,34.41
1630935577500,34.41
1630935577750,34.41
1630935578000,34.41
1630935578250,34.41
1630935578500,34.41
1630935578750,34.41
1630935579000,34.39
1630935579250,34.39
1630935579500,34.39
1630935579750,34.39
1630935580000,34.37
1630935580250,34.37
1630935580500,34.37
1630935580750,34.37
1630935581000,34.39
1630935581250,34.39
1630935581500,34.39
1630935581750,34.39
1630935582000,34.39
1630935582250,34.39
1630935582500,34.39
1630935582750,34.39
1630935583000,34.37
1630935583250,34.37
1630935583500,34.37
1630935583750,34.37
1630935584000,34.39
1630935584250,34.39
1630935584500,34.39
1630935584750,34.39
1630935585000,34.37
1630935585250,34.37
1630935585500,34.37
1630935585750,34.37
1630935586000,34.39
1630935586250,34.39
1630935586500,34.39
1630935586750,34.39
1630935587000,34.39
1630935587250,34.39
1630935587500,34.39
1630935587750,34.39
1630935588000,34.37
1630935588250,34.37
1630935588500,34.37
1630935588750,34.37
1630935589000,34.39
1630935589250,34.39
1630935589500,34.39
1630935589750,34.39
1630935590000,34.37
1630935590250,34.37
1630935590500,34.37
1630935590750,34.37
1630935591000,34.39
1630935591250,34.39
1630935591500,34.39
1630935591750,34.39
1630935592000,34.37
1630935592250,34.37
1630935592500,34.37
1630935592750,34.37
1630935593000,34.39
1630935593250,34.39
1630935593500,34.39
1630935593750,34.39
1630935594000,34.39
1630935594250,34.39
1630935594500,34.39
1630935594750,34.39
1630935595000,34.37
1630935595250,34.37
1630935595500,34.37
1630935595750,34.37
1630935596000,34.37
1630935596250,34.37
1630935596500,34.37
1630935596750,34.37
1630935597000,34.37
1630935597250,34.37
1630935597500,34.37
1630935597750,34.37
1630935598000,34.39
1630935598250,34.39
1630935598500,34.39
1630935598750,34.39
1630935599000,34.39
1630935599250,34.39
1630935599500,34.39
1630935599750,34.39
1630935600000,34.39
1630935600250,34.39
1630935600500,34.39
1630935600750,34.39
1630935601000,34.39
1630935601250,34.39
1630935601500,34.39
1630935601750,34.39
1630935602000,34.39
1630935602250,34.39
1630935602500,34.39
1630935602750,34.39
1630935603000,34.37
1630935603250,34.37
1630935603500,34.37
1630935603750,34.37
1630935604000,34.37
1630935604250,34.37
1630935604500,34.37
1630935604750,34.37
1630935605000,34.39
1630935605250,34.39
1630935605500,34.39
1630935605750,34.39
1630935606000,34.39
1630935606250,34.39
1630935606500,34.39
1630935606750,34.39
1630935607000,34.37
1630935607250,34.37
1630935607500,34.37
1630935607750,34.37
1630935608000,34.37
1630935608250,34.37
1630935608500,34.37
1630935608750,34.37
1630935609000,34.34
1630935609250,34.34
1630935609500,34.34
1630935609750,34.34
1630935610000,34.34
1630935610250,34.34
1630935610500,34.34
1630935610750,34.34
1630935611000,34.34
1630935611250,34.34
1630935611500,34.34
1630935611750,34.34
1630935612000,34.34
1630935612250,34.34
1630935612500,34.34
1630935612750,34.34
1630935613000,34.33
1630935613250,34.33
1630935613500,34.33
1630935613750,34.33
1630935614000,34.34
1630935614250,34.34
1630935614500,34.34
1630935614750,34.34
1630935615000,34.37
1630935615250,34.37
1630935615500,34.37
1630935615750,34.37
1630935616000,34.37
1630935616250,34.37
1630935616500,34.37
1630935616750,34.37
1630935617000,34.34
1630935617250,34.34
1630935617500,34.34
1630935617750,34.34
1630935618000,34.33
1630935618250,34.33
1630935618500,34.33
1630935618750,34.33
1630935619000,34.33
1630935619250,34.33
1630935619500,34.33
1630935619750,34.33
1630935620000,34.34
1630935620250,34.34
1630935620500,34.34
1630935620750,34.34
1630935621000,34.34
1630935621250,34.34
1630935621500,34.34
1630935621750,34.34
1630935622000,34.34
1630935622250,34.34
1630935622500,34.34
1630935622750,34.34
1630935623000,34.33
1630935623250,34.33
1630935623500,34.33
1630935623750,34.33
1630935624000,34.33
1630935624250,34.33
1630935624500,34.33
1630935624750,34.33
1630935625000,34.34
1630935625250,34.34
1630935625500,34.34
1630935625750,34.34
1630935626000,34.34
1630935626250,34.34
1630935626500,34.34
1630935626750,34.34
1630935627000,34.34
1630935627250,34.34
1630935627500,34.34
1630935627750,34.34
1630935628000,34.33
1630935628250,34.33
1630935628500,34.33
1630935628750,34.33
1630935629000,34.34
1630935629250,34.34
1630935629500,34.34
1630935629750,34.34
1630935630000,34.33
1630935630250,34.33
1630935630500,34.33
1630935630750,34.33
1630935631000,34.33
1630935631250,34.33
1630935631500,34.33
1630935631750,34.33
1630935632000,34.34
1630935632250,34.34
1630935632500,34.34
1630935632750,34.34
1630935633000,34.31
1630935633250,34.31
1630935633500,34.31
1630935633750,34.31
1630935634000,34.31
1630935634250,34.31
1630935634500,34.31
1630935634750,34.31
1630935635000,34.33
1630935635250,34.33
1630935635500,34.33
1630935635750,34.33
1630935636000,34.31
1630935636250,34.31
1630935636500,34.31
1630935636750,34.31
1630935637000,34.31
1630935637250,34.31
1630935637500,34.31
1630935637750,34.31
1630935638000,34.31
1630935638250,34.31
1630935638500,34.31
1630935638750,34.31
1630935639000,34.31
1630935639250,34.31
1630935639500,34.31
1630935639750,34.31
1630935640000,34.33
1630935640250,34.33
1630935640500,34.33
1630935640750,34.33
1630935641000,34.29
1630935641250,34.29
1630935641500,34.29
1630935641750,34.29
1630935642000,34.31
1630935642250,34.31
1630935642500,34.31
1630935642750,34.31
1630935643000,34.31
1630935643250,34.31
1630935643500,34.31
1630935643750,34.31
1630935644000,34.29
1630935644250,34.29
1630935644500,34.29
1630935644750,34.29
1630935645000,34.29
1630935645250,34.29
1630935645500,34.29
1630935645750,34.29
1630935646000,34.31
1630935646250,34.31
1630935646500,34.31
1630935646750,34.31
1630935647000,34.29
1630935647250,34.29
1630935647500,34.29
1630935647750,34.29
1630935648000,34.33
1630935648250,34.33
1630935648500,34.33
1630935648750,34.33
1630935649000,34.27
1630935649250,34.27
1630935649500,34.27
1630935649750,34.27
1630935650000,34.31
1630935650250,34.31
1630935650500,34.31
1630935650750,34.31
1630935651000,34.31
1630935651250,34.31
1630935651500,34.31
1630935651750,34.31
1630935652000,34.27
1630935652250,34.27
1630935652500,34.27
1630935652750,34.27
1630935653000,34.29
1630935653250,34.29
1630935653500,34.29
1630935653750,34.29
1630935654000,34.29
1630935654250,34.29
1630935654500,34.29
1630935654750,34.29
1630935655000,34.31
1630935655250,34.31
1630935655500,34.31
1630935655750,34.31
1630935656000,34.27
1630935656250,34.27
1630935656500,34.27
1630935656750,34.27
1630935657000,34.27
1630935657250,34.27
1630935657500,34.27
1630935657750,34.27
1630935658000,34.27
1630935658250,34.27
1630935658500,34.27
1630935658750,34.27
1630935659000,34.27
1630935659250,34.27
1630935659500,34.27
1630935659750,34.27
1630935660000,34.29
1630935660250,34.29
1630935660500,34.29
1630935660750,34.29
1630935661000,34.27
1630935661250,34.27
1630935661500,34.27
1630935661750,34.27
1630935662000,34.29
1630935662250,34.29
1630935662500,34.29
1630935662750,34.29
1630935663000,34.25
1630935663250,34.25
1630935663500,34.25
1630935663750,34.25
1630935664000,34.27
1630935664250,34.27
1630935664500,34.27
1630935664750,34.27
1630935665000,34.29
1630935665250,34.29
1630935665500,34.29
1630935665750,34.29
1630935666000,34.25
1630935666250,34.25
1630935666500,34.25
1630935666750,34.25
1630935667000,34.27
1630935667250,34.27
1630935667500,34.27
1630935667750,34.27
1630935668000,34.27
1630935668250,34.27
1630935668500,34.27
1630935668750,34.27
1630935669000,34.25
1630935669250,34.25
1630935669500,34.25
1630935669750,34.25
1630935670000,34.25
1630935670250,34.25
1630935670500,34.25
1630935670750,34.25
1630935671000,34.25
1630935671250,34.25
1630935671500,34.25
1630935671750,34.25
1630935672000,34.27
1630935672250,34.27
1630935672500,34.27
1630935672750,34.27
1630935673000,34.25
1630935673250,34.25
1630935673500,34.25
1630935673750,34.25
1630935674000,34.25
1630935674250,34.25
1630935674500,34.25
1630935674750,34.25
1630935675000,34.25
1630935675250,34.25
1630935675500,34.25
1630935675750,34.25
1630935676000,34.23
1630935676250,34.23
1630935676500,34.23
1630935676750,34.23
1630935677000,34.25
1630935677250,34.25
1630935677500,34.25
1630935677750,34.25
1630935678000,34.25
1630935678250,34.25
1630935678500,34.25
1630935678750,34.25
1630935679000,34.27
1630935679250,34.27
1630935679500,34.27
1630935679750,34.27
1630935680000,34.25
1630935680250,34.25
1630935680500,34.25
1630935680750,34.25
1630935681000,34.25
1630935681250,34.25
1630935681500,34.25
1630935681750,34.25
1630935682000,34.25
1630935682250,34.25
1630935682500,34.25
1630935682750,34.25
1630935683000,34.27
1630935683250,34.27
1630935683500,34.27
1630935683750,34.27
1630935684000,34.25
1630935684250,34.25
1630935684500,34.25
1630935684750,34.25
1630935685000,34.21
1630935685250,34.21
1630935685500,34.21
1630935685750,34.21
1630935686000,34.23
1630935686250,34.23
1630935686500,34.23
1630935686750,34.23
1630935687000,34.23
1630935687250,34.23
1630935687500,34.23
1630935687750,34.23
1630935688000,34.23
1630935688250,34.23
1630935688500,34.23
1630935688750,34.23
1630935689000,34.23
1630935689250,34.23
1630935689500,34.23
1630935689750,34.23
1630935690000,34.23
1630935690250,34.23
1630935690500,34.23
1630935690750,34.23
1630935691000,34.23
1630935691250,34.23
1630935691500,34.23
1630935691750,34.23
1630935692000,34.23
1630935692250,34.23
1630935692500,34.23
1630935692750,34.23
1630935693000,34.21
1630935693250,34.21
1630935693500,34.21
1630935693750,34.21
1630935694000,34.23
1630935694250,34.23
1630935694500,34.23
1630935694750,34.23
1630935695000,34.21
1630935695250,34.21
1630935695500,34.21
1630935695750,34.21
1630935696000,34.23
1630935696250,34.23
1630935696500,34.23
1630935696750,34.23
1630935697000,34.21
1630935697250,34.21
1630935697500,34.21
1630935697750,34.21
1630935698000,34.23
1630935698250,34.23
1630935698500,34.23
1630935698750,34.23
1630935699000,34.21
1630935699250,34.21
1630935699500,34.21
1630935699750,34.21
1630935700000,34.21
1630935700250,34.21
1630935700500,34.21
1630935700750,34.21
1630935701000,34.23
1630935701250,34.23
1630935701500,34.23
1630935701750,34.23
1630935702000,34.18
1630935702250,34.18
1630935702500,34.18
1630935702750,34.18
1630935703000,34.18
1630935703250,34.18
1630935703500,34.18
1630935703750,34.18
1630935704000,34.21
1630935704250,34.21
1630935704500,34.21
1630935704750,34.21
1630935705000,34.21
1630935705250,34.21
1630935705500,34.21
1630935705750,34.21
1630935706000,34.23
1630935706250,34.23
1630935706500,34.23
1630935706750,34.23
1630935707000,34.18
1630935707250,34.18
1630935707500,34.18
1630935707750,34.18
1630935708000,34.21
1630935708250,34.21
1630935708500,34.21
1630935708750,34.21
1630935709000,34.21
1630935709250,34.21
1630935709500,34.21
1630935709750,34.21
1630935710000,34.18
1630935710250,34.18
1630935710500,34.18
1630935710750,34.18
1630935711000,34.21
1630935711250,34.21
1630935711500,34.21
1630935711750,34.21
1630935712000,34.16
1630935712250,34.16
1630935712500,34.16
1630935712750,34.16
1630935713000,34.18
1630935713250,34.18
1630935713500,34.18
1630935713750,34.18
1630935714000,34.18
1630935714250,34.18
1630935714500,34.18
1630935714750,34.18
1630935715000,34.18
1630935715250,34.18
1630935715500,34.18
1630935715750,34.18
1630935716000,34.21
1630935716250,34.21
1630935716500,34.21
1630935716750,34.21
1630935717000,34.18
1630935717250,34.18
1630935717500,34.18
1630935717750,34.18
1630935718000,34.18
1630935718250,34.18
1630935718500,34.18
1630935718750,34.18
1630935719000,34.21
1630935719250,34.21
1630935719500,34.21
1630935719750,34.21
1630935720000,34.18
1630935720250,34.18
1630935720500,34.18
1630935720750,34.18
1630935721000,34.18
1630935721250,34.18
1630935721500,34.18
1630935721750,34.18
1630935722000,34.16
1630935722250,34.16
1630935722500,34.16
1630935722750,34.16
1630935723000,34.18
1630935723250,34.18
1630935723500,34.18
1630935723750,34.18
1630935724000,34.16
1630935724250,34.16
1630935724500,34.16
1630935724750,34.16
1630935725000,34.18
1630935725250,34.18
1630935725500,34.18
1630935725750,34.18
1630935726000,34.16
1630935726250,34.16
1630935726500,34.16
1630935726750,34.16
1630935727000,34.16
1630935727250,34.16
1630935727500,34.16
1630935727750,34.16
1630935728000,34.18
1630935728250,34.18
1630935728500,34.18
1630935728750,34.18
1630935729000,34.16
1630935729250,34.16
1630935729500,34.16
1630935729750,34.16
1630935730000,34.16
1630935730250,34.16
1630935730500,34.16
1630935730750,34.16
1630935731000,34.15
1630935731250,34.15
1630935731500,34.15
1630935731750,34.15
1630935732000,34.16
1630935732250,34.16
1630935732500,34.16
1630935732750,34.16
1630935733000,34.16
1630935733250,34.16
1630935733500,34.16
1630935733750,34.16
1630935734000,34.15
1630935734250,34.15
1630935734500,34.15
1630935734750,34.15
1630935735000,34.16
1630935735250,34.16
1630935735500,34.16
1630935735750,34.16
1630935736000,34.16
1630935736250,34.16
1630935736500,34.16
1630935736750,34.16
1630935737000,34.13
1630935737250,34.13
1630935737500,34.13
1630935737750,34.13
1630935738000,34.15
1630935738250,34.15
1630935738500,34.15
1630935738750,34.15
1630935739000,34.13
1630935739250,34.13
1630935739500,34.13
1630935739750,34.13
1630935740000,34.15
1630935740250,34.15
1630935740500,34.15
1630935740750,34.15
1630935741000,34.13
1630935741250,34.13
1630935741500,34.13
1630935741750,34.13
1630935742000,34.15
1630935742250,34.15
1630935742500,34.15
1630935742750,34.15
1630935743000,34.13
1630935743250,34.13
1630935743500,34.13
1630935743750,34.13
1630935744000,34.15
1630935744250,34.15
1630935744500,34.15
1630935744750,34.15
1630935745000,34.13
1630935745250,34.13
1630935745500,34.13
1630935745750,34.13
1630935746000,34.11
1630935746250,34.11
1630935746500,34.11
1630935746750,34.11
1630935747000,34.13
1630935747250,34.13
1630935747500,34.13
1630935747750,34.13
1630935748000,34.13
1630935748250,34.13
1630935748500,34.13
1630935748750,34.13
1630935749000,34.15
1630935749250,34.15
1630935749500,34.15
1630935749750,34.15
1630935750000,34.15
1630935750250,34.15
1630935750500,34.15
1630935750750,34.15
1630935751000,34.13
1630935751250,34.13
1630935751500,34.13
1630935751750,34.13
1630935752000,34.15
1630935752250,34.15
1630935752500,34.15
1630935752750,34.15
1630935753000,34.13
1630935753250,34.13
1630935753500,34.13
1630935753750,34.13
1630935754000,34.13
1630935754250,34.13
1630935754500,34.13
1630935754750,34.13
1630935755000,34.15
1630935755250,34.15
1630935755500,34.15
1630935755750,34.15
1630935756000,34.13
1630935756250,34.13
1630935756500,34.13
1630935756750,34.13
1630935757000,34.13
1630935757250,34.13
1630935757500,34.13
1630935757750,34.13
1630935758000,34.13
1630935758250,34.13
1630935758500,34.13
1630935758750,34.13
1630935759000,34.13
1630935759250,34.13
1630935759500,34.13
1630935759750,34.13
1630935760000,34.13
1630935760250,34.13
1630935760500,34.13
1630935760750,34.13
1630935761000,34.13
1630935761250,34.13
1630935761500,34.13
1630935761750,34.13
1630935762000,34.11
1630935762250,34.11
1630935762500,34.11
1630935762750,34.11
1630935763000,34.11
1630935763250,34.11
1630935763500,34.11
1630935763750,34.11
1630935764000,34.13
1630935764250,34.13
1630935764500,34.13
1630935764750,34.13
1630935765000,34.15
1630935765250,34.15
1630935765500,34.15
1630935765750,34.15
1630935766000,34.13
1630935766250,34.13
1630935766500,34.13
1630935766750,34.13
1630935767000,34.15
1630935767250,34.15
1630935767500,34.15
1630935767750,34.15
1630935768000,34.13
1630935768250,34.13
1630935768500,34.13
1630935768750,34.13
1630935769000,34.11
1630935769250,34.11
1630935769500,34.11
1630935769750,34.11
1630935770000,34.11
1630935770250,34.11
1630935770500,34.11
1630935770750,34.11
1630935771000,34.11
1630935771250,34.11
1630935771500,34.11
1630935771750,34.11
1630935772000,34.13
1630935772250,34.13
1630935772500,34.13
1630935772750,34.13
1630935773000,34.11
1630935773250,34.11
1630935773500,34.11
1630935773750,34.11
1630935774000,34.11
1630935774250,34.11
1630935774500,34.11
1630935774750,34.11
1630935775000,34.13
1630935775250,34.13
1630935775500,34.13
1630935775750,34.13
1630935776000,34.13
1630935776250,34.13
1630935776500,34.13
1630935776750,34.13
1630935777000,34.11
1630935777250,34.11
1630935777500,34.11
1630935777750,34.11
1630935778000,34.11
1630935778250,34.11
1630935778500,34.11
1630935778750,34.11
1630935779000,34.11
1630935779250,34.11
1630935779500,34.11
1630935779750,34.11
1630935780000,34.11
1630935780250,34.11
1630935780500,34.11
1630935780750,34.11
1630935781000,34.11
1630935781250,34.11
1630935781500,34.11
1630935781750,34.11
1630935782000,34.13
1630935782250,34.13
1630935782500,34.13
1630935782750,34.13
1630935783000,34.11
1630935783250,34.11
1630935783500,34.11
1630935783750,34.11
1630935784000,34.09
1630935784250,34.09
1630935784500,34.09
1630935784750,34.09
1630935785000,34.11
1630935785250,34.11
1630935785500,34.11
1630935785750,34.11
1630935786000,34.09
1630935786250,34.09
1630935786500,34.09
1630935786750,34.09
1630935787000,34.09
1630935787250,34.09
1630935787500,34.09
1630935787750,34.09
1630935788000,34.09
1630935788250,34.09
1630935788500,34.09
1630935788750,34.09
1630935789000,34.09
1630935789250,34.09
1630935789500,34.09
1630935789750,34.09
1630935790000,34.09
1630935790250,34.09
1630935790500,34.09
1630935790750,34.09
1630935791000,34.09
1630935791250,34.09
1630935791500,34.09
1630935791750,34.09
1630935792000,34.09
1630935792250,34.09
1630935792500,34.09
1630935792750,34.09
1630935793000,34.09
1630935793250,34.09
1630935793500,34.09
1630935793750,34.09
1630935794000,34.09
1630935794250,34.09
1630935794500,34.09
1630935794750,34.09
1630935795000,34.09
1630935795250,34.09
1630935795500,34.09
1630935795750,34.09
1630935796000,34.11
1630935796250,34.11
1630935796500,34.11
1630935796750,34.11
1630935797000,34.11
1630935797250,34.11
1630935797500,34.11
1630935797750,34.11
1630935798000,34.09
1630935798250,34.09
1630935798500,34.09
1630935798750,34.09
1630935799000,34.09
1630935799250,34.09
1630935799500,34.09
1630935799750,34.09
1630935800000,34.09
1630935800250,34.09
1630935800500,34.09
1630935800750,34.09
1630935801000,34.07
1630935801250,34.07
1630935801500,34.07
1630935801750,34.07
1630935802000,34.09
1630935802250,34.09
1630935802500,34.09
1630935802750,34.09
1630935803000,34.09
1630935803250,34.09
1630935803500,34.09
1630935803750,34.09
1630935804000,34.07
1630935804250,34.07
1630935804500,34.07
1630935804750,34.07
1630935805000,34.09
1630935805250,34.09
1630935805500,34.09
1630935805750,34.09
1630935806000,34.09
1630935806250,34.09
1630935806500,34.09
1630935806750,34.09
1630935807000,34.09
1630935807250,34.09
1630935807500,34.09
1630935807750,34.09
1630935808000,34.07
1630935808250,34.07
1630935808500,34.07
1630935808750,34.07
1630935809000,34.09
1630935809250,34.09
1630935809500,34.09
1630935809750,34.09
1630935810000,34.09
1630935810250,34.09
1630935810500,34.09
1630935810750,34.09
1630935811000,34.07
1630935811250,34.07
1630935811500,34.07
1630935811750,34.07
1630935812000,34.09
1630935812250,34.09
1630935812500,34.09
1630935812750,34.09
1630935813000,34.07
1630935813250,34.07
1630935813500,34.07
1630935813750,34.07
1630935814000,34.09
1630935814250,34.09
1630935814500,34.09
1630935814750,34.09
1630935815000,34.09
1630935815250,34.09
1630935815500,34.09
1630935815750,34.09
1630935816000,34.07
1630935816250,34.07
1630935816500,34.07
1630935816750,34.07
1630935817000,34.07
1630935817250,34.07
1630935817500,34.07
1630935817750,34.07
1630935818000,34.07
1630935818250,34.07
1630935818500,34.07
1630935818750,34.07
1630935819000,34.09
1630935819250,34.09
1630935819500,34.09
1630935819750,34.09
1630935820000,34.09
1630935820250,34.09
1630935820500,34.09
1630935820750,34.09
1630935821000,34.09
1630935821250,34.09
1630935821500,34.09
1630935821750,34.09
1630935822000,34.09
1630935822250,34.09
1630935822500,34.09
1630935822750,34.09
1630935823000,34.09
1630935823250,34.09
1630935823500,34.09
1630935823750,34.09
1630935824000,34.09
1630935824250,34.09
1630935824500,34.09
1630935824750,34.09
1630935825000,34.07
1630935825250,34.07
1630935825500,34.07
1630935825750,34.07
1630935826000,34.09
1630935826250,34.09
1630935826500,34.09
1630935826750,34.09
1630935827000,34.09
1630935827250,34.09
1630935827500,34.09
1630935827750,34.09
1630935828000,34.09
1630935828250,34.09
1630935828500,34.09
1630935828750,34.09
1630935829000,34.11
1630935829250,34.11
1630935829500,34.11
1630935829750,34.11
1630935830000,34.09
1630935830250,34.09
1630935830500,34.09
1630935830750,34.09
1630935831000,34.09
1630935831250,34.09
1630935831500,34.09
1630935831750,34.09
1630935832000,34.09
1630935832250,34.09
1630935832500,34.09
1630935832750,34.09
1630935833000,34.07
1630935833250,34.07
1630935833500,34.07
1630935833750,34.07
1630935834000,34.09
1630935834250,34.09
1630935834500,34.09
1630935834750,34.09
1630935835000,34.09
1630935835250,34.09
1630935835500,34.09
1630935835750,34.09
1630935836000,34.09
1630935836250,34.09
1630935836500,34.09
1630935836750,34.09
1630935837000,34.09
1630935837250,34.09
1630935837500,34.09
1630935837750,34.09
1630935838000,34.09
1630935838250,34.09
1630935838500,34.09
1630935838750,34.09
1630935839000,34.07
1630935839250,34.07
1630935839500,34.07
1630935839750,34.07
1630935840000,34.09
1630935840250,34.09
1630935840500,34.09
1630935840750,34.09
1630935841000,34.07
1630935841250,34.07
1630935841500,34.07
1630935841750,34.07
1630935842000,34.07
1630935842250,34.07
1630935842500,34.07
1630935842750,34.07
1630935843000,34.09
1630935843250,34.09
1630935843500,34.09
1630935843750,34.09
1630935844000,34.09
1630935844250,34.09
1630935844500,34.09
1630935844750,34.09
1630935845000,34.11
1630935845250,34.11
1630935845500,34.11
1630935845750,34.11
1630935846000,34.09
1630935846250,34.09
1630935846500,34.09
1630935846750,34.09
1630935847000,34.11
1630935847250,34.11
1630935847500,34.11
1630935847750,34.11
1630935848000,34.09
1630935848250,34.09
1630935848500,34.09
1630935848750,34.09
1630935849000,34.09
1630935849250,34.09
1630935849500,34.09
1630935849750,34.09
1630935850000,34.09
1630935850250,34.09
1630935850500,34.09
1630935850750,34.09
1630935851000,34.11
1630935851250,34.11
1630935851500,34.11
1630935851750,34.11
1630935852000,34.09
1630935852250,34.09
1630935852500,34.09
1630935852750,34.09
1630935853000,34.11
1630935853250,34.11
1630935853500,34.11
1630935853750,34.11
1630935854000,34.07
1630935854250,34.07
1630935854500,34.07
1630935854750,34.07
1630935855000,34.11
1630935855250,34.11
1630935855500,34.11
1630935855750,34.11
1630935856000,34.09
1630935856250,34.09
1630935856500,34.09
1630935856750,34.09
1630935857000,34.11
1630935857250,34.11
1630935857500,34.11
1630935857750,34.11
1630935858000,34.09
1630935858250,34.09
1630935858500,34.09
1630935858750,34.09
1630935859000,34.11
1630935859250,34.11
1630935859500,34.11
1630935859750,34.11
1630935860000,34.09
1630935860250,34.09
1630935860500,34.09
1630935860750,34.09
1630935861000,34.09
1630935861250,34.09
1630935861500,34.09
1630935861750,34.09
1630935862000,34.09
1630935862250,34.09
1630935862500,34.09
1630935862750,34.09
1630935863000,34.11
1630935863250,34.11
1630935863500,34.11
1630935863750,34.11
1630935864000,34.09
1630935864250,34.09
1630935864500,34.09
1630935864750,34.09
1630935865000,34.11
1630935865250,34.11
1630935865500,34.11
1630935865750,34.11
1630935866000,34.09
1630935866250,34.09
1630935866500,34.09
1630935866750,34.09
1630935867000,34.09
1630935867250,34.09
1630935867500,34.09
1630935867750,34.09
1630935868000,34.07
1630935868250,34.07
1630935868500,34.07
1630935868750,34.07
1630935869000,34.11
1630935869250,34.11
1630935869500,34.11
1630935869750,34.11
1630935870000,34.09
1630935870250,34.09
1630935870500,34.09
1630935870750,34.09
1630935871000,34.11
1630935871250,34.11
1630935871500,34.11
1630935871750,34.11
1630935872000,34.11
1630935872250,34.11
1630935872500,34.11
1630935872750,34.11
1630935873000,34.09
1630935873250,34.09
1630935873500,34.09
1630935873750,34.09
1630935874000,34.11
1630935874250,34.11
1630935874500,34.11
1630935874750,34.11
1630935875000,34.11
1630935875250,34.11
1630935875500,34.11
1630935875750,34.11
1630935876000,34.11
1630935876250,34.11
1630935876500,34.11
1630935876750,34.11
1630935877000,34.11
1630935877250,34.11
1630935877500,34.11
1630935877750,34.11
1630935878000,34.11
1630935878250,34.11
1630935878500,34.11
1630935878750,34.11
1630935879000,34.11
1630935879250,34.11
1630935879500,34.11
1630935879750,34.11
1630935880000,34.11
1630935880250,34.11
1630935880500,34.11
1630935880750,34.11
1630935881000,34.11
1630935881250,34.11
1630935881500,34.11
1630935881750,34.11
1630935882000,34.11
1630935882250,34.11
1630935882500,34.11
1630935882750,34.11
1630935883000,34.11
1630935883250,34.11
1630935883500,34.11
1630935883750,34.11
1630935884000,34.13
1630935884250,34.13
1630935884500,34.13
1630935884750,34.13
1630935885000,34.11
1630935885250,34.11
1630935885500,34.11
1630935885750,34.11
1630935886000,34.13
1630935886250,34.13
1630935886500,34.13
1630935886750,34.13
1630935887000,34.11
1630935887250,34.11
1630935887500,34.11
1630935887750,34.11
1630935888000,34.13
1630935888250,34.13
1630935888500,34.13
1630935888750,34.13
1630935889000,34.11
1630935889250,34.11
1630935889500,34.11
1630935889750,34.11
1630935890000,34.11
1630935890250,34.11
1630935890500,34.11
1630935890750,34.11
1630935891000,34.13
1630935891250,34.13
1630935891500,34.13
1630935891750,34.13
1630935892000,34.15
1630935892250,34.15
1630935892500,34.15
1630935892750,34.15
1630935893000,34.13
1630935893250,34.13
1630935893500,34.13
1630935893750,34.13
1630935894000,34.15
1630935894250,34.15
1630935894500,34.15
1630935894750,34.15
1630935895000,34.13
1630935895250,34.13
1630935895500,34.13
1630935895750,34.13
1630935896000,34.13
1630935896250,34.13
1630935896500,34.13
1630935896750,34.13
1630935897000,34.15
1630935897250,34.15
1630935897500,34.15
1630935897750,34.15
1630935898000,34.13
1630935898250,34.13
1630935898500,34.13
1630935898750,34.13
1630935899000,34.15
1630935899250,34.15
1630935899500,34.15
1630935899750,34.15
1630935900000,34.15
1630935900250,34.15
1630935900500,34.15
1630935900750,34.15
1630935901000,34.16
1630935901250,34.16
1630935901500,34.16
1630935901750,34.16
1630935902000,34.15
1630935902250,34.15
1630935902500,34.15
1630935902750,34.15
1630935903000,34.18
1630935903250,34.18
1630935903500,34.18
1630935903750,34.18
1630935904000,34.15
1630935904250,34.15
1630935904500,34.15
1630935904750,34.15
1630935905000,34.15
1630935905250,34.15
1630935905500,34.15
1630935905750,34.15
1630935906000,34.18
1630935906250,34.18
1630935906500,34.18
1630935906750,34.18
1630935907000,34.16
1630935907250,34.16
1630935907500,34.16
1630935907750,34.16
1630935908000,34.16
1630935908250,34.16
1630935908500,34.16
1630935908750,34.16
1630935909000,34.15
1630935909250,34.15
1630935909500,34.15
1630935909750,34.15
1630935910000,34.16
1630935910250,34.16
1630935910500,34.16
1630935910750,34.16
1630935911000,34.16
1630935911250,34.16
1630935911500,34.16
1630935911750,34.16
1630935912000,34.18
1630935912250,34.18
1630935912500,34.18
1630935912750,34.18
1630935913000,34.16
1630935913250,34.16
1630935913500,34.16
1630935913750,34.16
1630935914000,34.16
1630935914250,34.16
1630935914500,34.16
1630935914750,34.16
1630935915000,34.16
1630935915250,34.16
1630935915500,34.16
1630935915750,34.16
1630935916000,34.16
1630935916250,34.16
1630935916500,34.16
