timestamp,cumulative_impulse_load,walking_step_count,running_step_count,bound_count,jump_count,minor_impact_count,major_impact_count,avg_force_dev_rate,avg_step_impulse,avg_step_period,last_jump_flight_time
1629795340446,881,2,0,0,0,4,4,0.0,0.0,0.0,0.0
1629795341446,881,2,0,0,0,4,4,0.0,0.0,0.0,0.0
1629795342446,881,2,0,0,0,4,4,0.0,0.0,0.0,0.0
1629795343446,881,2,0,0,0,4,4,0.0,0.0,0.0,0.0
1629795344446,881,2,0,0,0,4,4,0.0,0.0,0.0,0.0
1629795345446,881,2,0,0,0,4,4,0.0,0.0,0.0,0.0
1629795346446,881,2,0,0,0,4,4,0.0,0.0,0.0,0.0
1629795347446,881,2,0,0,0,4,4,0.0,0.0,0.0,0.0
1629795348446,881,2,0,0,0,4,4,0.0,0.0,0.0,0.0
1629795349446,881,2,0,0,0,4,4,0.0,0.0,0.0,0.0
1629795350446,881,2,0,0,0,4,4,0.0,0.0,0.0,0.0
1629795351446,881,2,0,0,0,4,4,0.0,0.0,0.0,0.0
1629795352446,881,2,0,0,0,4,4,0.0,0.0,0.0,0.0
1629795353446,881,2,0,0,0,4,4,0.0,0.0,0.0,0.0
1629795354446,881,2,0,0,0,4,4,0.0,0.0,0.0,0.0
1629795355446,881,2,0,0,0,4,4,0.0,0.0,0.0,0.0
1629795356446,881,2,0,0,0,4,4,0.0,0.0,0.0,0.0
1629795357446,881,2,0,0,0,4,4,0.0,0.0,0.0,0.0
1629795358446,881,2,0,0,0,4,4,0.0,0.0,0.0,0.0
1629795359446,881,2,0,0,0,4,4,0.0,0.0,0.0,0.0
1629795360446,881,2,0,0,0,4,4,0.0,0.0,0.0,0.0
1629795361446,881,2,0,0,0,4,4,0.0,0.0,0.0,0.0
1629795362446,881,2,0,0,0,4,4,0.0,0.0,0.0,0.0
1629795363446,881,2,0,0,0,4,4,0.0,0.0,0.0,0.0
1629795364446,881,2,0,0,0,4,4,0.0,0.0,0.0,0.0
1629795365446,881,2,0,0,0,4,4,0.0,0.0,0.0,0.0
1629795366446,881,2,0,0,0,4,4,0.0,0.0,0.0,0.0
1629795367446,881,2,0,0,0,4,4,0.0,0.0,0.0,0.0
1629795368446,881,2,0,0,0,4,4,0.0,0.0,0.0,0.0
1629795369446,881,2,0,0,0,4,4,0.0,0.0,0.0,0.0
1629795370446,881,2,0,0,0,4,4,0.0,0.0,0.0,0.0
1629795371446,881,2,0,0,0,4,4,0.0,0.0,0.0,0.0
1629795372446,881,2,0,0,0,4,4,0.0,0.0,0.0,0.0
1629795373446,881,2,0,0,0,4,4,0.0,0.0,0.0,0.0
1629795374446,881,2,0,0,0,4,4,0.0,0.0,0.0,0.0
1629795375446,881,2,0,0,0,4,4,0.0,0.0,0.0,0.0
1629795376446,881,2,0,0,0,4,4,0.0,0.0,0.0,0.0
1629795377446,881,2,0,0,0,4,4,0.0,0.0,0.0,0.0
1629795378446,881,2,0,0,0,4,4,0.0,0.0,0.0,0.0
1629795379446,881,2,0,0,0,4,4,0.0,0.0,0.0,0.0
1629795380446,881,2,0,0,0,4,4,0.0,0.0,0.0,0.0
1629795381446,881,2,0,0,0,4,4,0.0,0.0,0.0,0.0
1629795382446,881,2,0,0,0,4,4,0.0,0.0,0.0,0.0
1629795383446,881,2,0,0,0,4,4,0.0,0.0,0.0,0.0
1629795384446,881,2,0,0,0,4,4,0.0,0.0,0.0,0.0
1629795385446,881,2,0,0,0,4,4,0.0,0.0,0.0,0.0
1629795386446,881,2,0,0,0,4,4,0.0,0.0,0.0,0.0
1629795387446,881,2,0,0,0,4,4,0.0,0.0,0.0,0.0
1629795388446,881,2,0,0,0,4,4,0.0,0.0,0.0,0.0
1629795389446,881,2,0,0,0,4,4,0.0,0.0,0.0,0.0
1629795390446,881,2,0,0,0,4,4,0.0,0.0,0.0,0.0
1629795391446,881,2,0,0,0,4,4,0.0,0.0,0.0,0.0
1629795392446,881,2,0,0,0,4,4,0.0,0.0,0.0,0.0
1629795393446,881,2,0,0,0,4,4,0.0,0.0,0.0,0.0
1629795394446,881,2,0,0,0,4,4,0.0,0.0,0.0,0.0
1629795395446,881,2,0,0,0,4,4,0.0,0.0,0.0,0.0
1629795396446,881,2,0,0,0,4,4,0.0,0.0,0.0,0.0
1629795397446,881,2,0,0,0,4,4,0.0,0.0,0.0,0.0
1629795398446,881,2,0,0,0,4,4,0.0,0.0,0.0,0.0
1629795399446,881,2,0,0,0,4,4,0.0,0.0,0.0,0.0
1629795400446,881,2,0,0,0,4,4,0.0,0.0,0.0,0.0
1629795401446,881,2,0,0,0,4,4,0.0,0.0,0.0,0.0
1629795402446,881,2,0,0,0,4,4,0.0,0.0,0.0,0.0
1629795403446,881,2,0,0,0,4,4,0.0,0.0,0.0,0.0
1629795404446,881,2,0,0,0,4,4,0.0,0.0,0.0,0.0
1629795405446,881,2,0,0,0,4,4,0.0,0.0,0.0,0.0
1629795406446,881,2,0,0,0,4,4,0.0,0.0,0.0,0.0
1629795407446,881,2,0,0,0,4,4,0.0,0.0,0.0,0.0
1629795408446,881,2,0,0,0,4,4,0.0,0.0,0.0,0.0
1629795409446,881,2,0,0,0,4,4,0.0,0.0,0.0,0.0
1629795410446,881,2,0,0,0,4,4,0.0,0.0,0.0,0.0
1629795411446,881,2,0,0,0,4,4,0.0,0.0,0.0,0.0
1629795412446,881,2,0,0,0,4,4,0.0,0.0,0.0,0.0
1629795413446,881,2,0,0,0,4,4,0.0,0.0,0.0,0.0
1629795414446,881,2,0,0,0,4,4,0.0,0.0,0.0,0.0
1629795415446,881,2,0,0,0,4,4,0.0,0.0,0.0,0.0
1629795416446,881,2,0,0,0,4,4,0.0,0.0,0.0,0.0
1629795417446,881,2,0,0,0,4,4,0.0,0.0,0.0,0.0
1629795418446,881,2,0,0,0,4,4,0.0,0.0,0.0,0.0
1629795419446,881,2,0,0,0,4,4,0.0,0.0,0.0,0.0
1629795420446,881,2,0,0,0,4,4,0.0,0.0,0.0,0.0
1629795421446,881,2,0,0,0,4,4,0.0,0.0,0.0,0.0
1629795422446,881,2,0,0,0,4,4,0.0,0.0,0.0,0.0
1629795423446,881,2,0,0,0,4,4,0.0,0.0,0.0,0.0
1629795424446,881,2,0,0,0,4,4,0.0,0.0,0.0,0.0
1629795425446,881,2,0,0,0,4,4,0.0,0.0,0.0,0.0
1629795426446,881,2,0,0,0,4,4,0.0,0.0,0.0,0.0
1629795427446,881,2,0,0,0,4,4,0.0,0.0,0.0,0.0
1629795428446,881,2,0,0,0,4,4,0.0,0.0,0.0,0.0
1629795429446,881,2,0,0,0,4,4,0.0,0.0,0.0,0.0
1629795430446,881,2,0,0,0,4,4,0.0,0.0,0.0,0.0
1629795431446,881,2,0,0,0,4,4,0.0,0.0,0.0,0.0
1629795432446,881,2,0,0,0,4,4,0.0,0.0,0.0,0.0
1629795433446,881,2,0,0,0,4,4,0.0,0.0,0.0,0.0
1629795434446,881,2,0,0,0,4,4,0.0,0.0,0.0,0.0
1629795435446,881,2,0,0,0,4,4,0.0,0.0,0.0,0.0
1629795436446,881,2,0,0,0,4,4,0.0,0.0,0.0,0.0
1629795437446,881,2,0,0,0,4,4,0.0,0.0,0.0,0.0
1629795438446,881,2,0,0,0,4,4,0.0,0.0,0.0,0.0
1629795439446,881,2,0,0,0,4,4,0.0,0.0,0.0,0.0
1629795440446,881,2,0,0,0,4,4,0.0,0.0,0.0,0.0
1629795441446,881,2,0,0,0,4,4,0.0,0.0,0.0,0.0
1629795442446,881,2,0,0,0,4,4,0.0,0.0,0.0,0.0
1629795443446,881,2,0,0,0,4,4,0.0,0.0,0.0,0.0
1629795444446,881,2,0,0,0,4,4,0.0,0.0,0.0,0.0
1629795445446,881,2,0,0,0,4,4,0.0,0.0,0.0,0.0
1629795446446,881,2,0,0,0,4,4,0.0,0.0,0.0,0.0
1629795447446,881,2,0,0,0,4,4,0.0,0.0,0.0,0.0
1629795448446,881,2,0,0,0,4,4,0.0,0.0,0.0,0.0
1629795449446,881,2,0,0,0,4,4,0.0,0.0,0.0,0.0
1629795450446,881,2,0,0,0,4,4,0.0,0.0,0.0,0.0
1629795451446,881,2,0,0,0,4,4,0.0,0.0,0.0,0.0
1629795452446,881,2,0,0,0,4,4,0.0,0.0,0.0,0.0
1629795453446,881,2,0,0,0,4,4,0.0,0.0,0.0,0.0
1629795454446,881,2,0,0,0,4,4,0.0,0.0,0.0,0.0
1629795455446,881,2,0,0,0,4,4,0.0,0.0,0.0,0.0
1629795456446,881,2,0,0,0,4,4,0.0,0.0,0.0,0.0
1629795457446,881,2,0,0,0,4,4,0.0,0.0,0.0,0.0
1629795458446,881,2,0,0,0,4,4,0.0,0.0,0.0,0.0
1629795459446,881,2,0,0,0,4,4,0.0,0.0,0.0,0.0
1629795460446,881,2,0,0,0,4,4,0.0,0.0,0.0,0.0
1629795461446,881,2,0,0,0,4,4,0.0,0.0,0.0,0.0
1629795462446,881,2,0,0,0,4,4,0.0,0.0,0.0,0.0
1629795463446,881,2,0,0,0,4,4,0.0,0.0,0.0,0.0
1629795464446,881,2,0,0,0,4,4,0.0,0.0,0.0,0.0
1629795465446,881,2,0,0,0,4,4,0.0,0.0,0.0,0.0
1629795466446,881,2,0,0,0,4,4,0.0,0.0,0.0,0.0
1629795467446,881,2,0,0,0,4,4,0.0,0.0,0.0,0.0
1629795468446,881,2,0,0,0,4,4,0.0,0.0,0.0,0.0
1629795469446,881,2,0,0,0,4,4,0.0,0.0,0.0,0.0
1629795470446,881,2,0,0,0,4,4,0.0,0.0,0.0,0.0
1629795471446,881,2,0,0,0,4,4,0.0,0.0,0.0,0.0
1629795472446,881,2,0,0,0,4,4,0.0,0.0,0.0,0.0
1629795473446,881,2,0,0,0,4,4,0.0,0.0,0.0,0.0
1629795474446,881,2,0,0,0,4,4,0.0,0.0,0.0,0.0
1629795475446,881,2,0,0,0,4,4,0.0,0.0,0.0,0.0
1629795476446,881,2,0,0,0,4,4,0.0,0.0,0.0,0.0
1629795477446,881,2,0,0,0,4,4,0.0,0.0,0.0,0.0
1629795478446,881,2,0,0,0,4,4,0.0,0.0,0.0,0.0
1629795479446,881,2,0,0,0,4,4,0.0,0.0,0.0,0.0
1629795480446,881,2,0,0,0,4,4,0.0,0.0,0.0,0.0
1629795481446,881,2,0,0,0,4,4,0.0,0.0,0.0,0.0
1629795482446,881,2,0,0,0,4,4,0.0,0.0,0.0,0.0
1629795483446,881,2,0,0,0,4,4,0.0,0.0,0.0,0.0
1629795484446,881,2,0,0,0,4,4,0.0,0.0,0.0,0.0
1629795485446,881,2,0,0,0,4,4,0.0,0.0,0.0,0.0
1629795486446,881,2,0,0,0,4,4,0.0,0.0,0.0,0.0
1629795487446,881,2,0,0,0,4,4,0.0,0.0,0.0,0.0
1629795488446,881,2,0,0,0,4,4,0.0,0.0,0.0,0.0
1629795489446,881,2,0,0,0,4,4,0.0,0.0,0.0,0.0
1629795490446,881,2,0,0,0,4,4,0.0,0.0,0.0,0.0
1629795491446,881,2,0,0,0,4,4,0.0,0.0,0.0,0.0
1629795492446,881,2,0,0,0,4,4,0.0,0.0,0.0,0.0
1629795493446,881,2,0,0,0,4,4,0.0,0.0,0.0,0.0
1629795494446,881,2,0,0,0,4,4,0.0,0.0,0.0,0.0
1629795495446,881,2,0,0,0,4,4,0.0,0.0,0.0,0.0
1629795496446,881,2,0,0,0,4,4,0.0,0.0,0.0,0.0
1629795497446,881,2,0,0,0,4,4,0.0,0.0,0.0,0.0
1629795498446,881,2,0,0,0,4,4,0.0,0.0,0.0,0.0
1629795499446,881,2,0,0,0,4,4,0.0,0.0,0.0,0.0
1629795500446,881,2,0,0,0,4,4,0.0,0.0,0.0,0.0
1629795501446,881,2,0,0,0,4,4,0.0,0.0,0.0,0.0
1629795502446,881,2,0,0,0,4,4,0.0,0.0,0.0,0.0
1629795503446,881,2,0,0,0,4,4,0.0,0.0,0.0,0.0
1629795504446,881,2,0,0,0,4,4,0.0,0.0,0.0,0.0
1629795505446,881,2,0,0,0,4,4,0.0,0.0,0.0,0.0
1629795506446,881,2,0,0,0,4,4,0.0,0.0,0.0,0.0
1629795507446,881,2,0,0,0,4,4,0.0,0.0,0.0,0.0
1629795508446,881,2,0,0,0,4,4,0.0,0.0,0.0,0.0
1629795509446,881,2,0,0,0,4,4,0.0,0.0,0.0,0.0
1629795510446,881,2,0,0,0,4,4,0.0,0.0,0.0,0.0
1629795511446,881,2,0,0,0,4,4,0.0,0.0,0.0,0.0
1629795512446,881,2,0,0,0,4,4,0.0,0.0,0.0,0.0
1629795513446,881,2,0,0,0,4,4,0.0,0.0,0.0,0.0
1629795514446,881,2,0,0,0,4,4,0.0,0.0,0.0,0.0
1629795515446,881,2,0,0,0,4,4,0.0,0.0,0.0,0.0
1629795516446,881,2,0,0,0,4,4,0.0,0.0,0.0,0.0
1629795517446,881,2,0,0,0,4,4,0.0,0.0,0.0,0.0
1629795518446,881,2,0,0,0,4,4,0.0,0.0,0.0,0.0
1629795519446,881,2,0,0,0,4,4,0.0,0.0,0.0,0.0
1629795520446,881,2,0,0,0,4,4,0.0,0.0,0.0,0.0
1629795521446,881,2,0,0,0,4,4,0.0,0.0,0.0,0.0
1629795522446,881,2,0,0,0,4,4,0.0,0.0,0.0,0.0
1629795523446,881,2,0,0,0,4,4,0.0,0.0,0.0,0.0
1629795524446,881,2,0,0,0,4,4,0.0,0.0,0.0,0.0
1629795525446,881,2,0,0,0,4,4,0.0,0.0,0.0,0.0
1629795526446,881,2,0,0,0,4,4,0.0,0.0,0.0,0.0
1629795527446,881,2,0,0,0,4,4,0.0,0.0,0.0,0.0
1629795528446,881,2,0,0,0,4,4,0.0,0.0,0.0,0.0
1629795529446,881,2,0,0,0,4,4,0.0,0.0,0.0,0.0
1629795530446,881,2,0,0,0,4,4,0.0,0.0,0.0,0.0
1629795531446,881,2,0,0,0,4,4,0.0,0.0,0.0,0.0
1629795532446,881,2,0,0,0,4,4,0.0,0.0,0.0,0.0
1629795533446,881,2,0,0,0,4,4,0.0,0.0,0.0,0.0
1629795534446,881,2,0,0,0,4,4,0.0,0.0,0.0,0.0
1629795535446,881,2,0,0,0,4,4,0.0,0.0,0.0,0.0
1629795536446,881,2,0,0,0,4,4,0.0,0.0,0.0,0.0
1629795537446,881,2,0,0,0,4,4,0.0,0.0,0.0,0.0
1629795538446,881,2,0,0,0,4,4,0.0,0.0,0.0,0.0
1629795539446,881,2,0,0,0,4,4,0.0,0.0,0.0,0.0
1629795540446,881,2,0,0,0,4,4,0.0,0.0,0.0,0.0
1629795541446,881,2,0,0,0,4,4,0.0,0.0,0.0,0.0
1629795542446,881,2,0,0,0,4,4,0.0,0.0,0.0,0.0
1629795543446,881,2,0,0,0,4,4,0.0,0.0,0.0,0.0
1629795544446,881,2,0,0,0,4,4,0.0,0.0,0.0,0.0
1629795545446,881,2,0,0,0,4,4,0.0,0.0,0.0,0.0
1629795546446,881,2,0,0,0,4,4,0.0,0.0,0.0,0.0
1629795547446,881,2,0,0,0,4,4,0.0,0.0,0.0,0.0
1629795548446,881,2,0,0,0,4,4,0.0,0.0,0.0,0.0
1629795549446,881,2,0,0,0,4,4,0.0,0.0,0.0,0.0
1629795550446,881,2,0,0,0,4,4,0.0,0.0,0.0,0.0
1629795551446,881,2,0,0,0,4,4,0.0,0.0,0.0,0.0
1629795552446,881,2,0,0,0,4,4,0.0,0.0,0.0,0.0
1629795553446,881,2,0,0,0,4,4,0.0,0.0,0.0,0.0
1629795554446,881,2,0,0,0,4,4,0.0,0.0,0.0,0.0
1629795555446,881,2,0,0,0,4,4,0.0,0.0,0.0,0.0
1629795556446,881,2,0,0,0,4,4,0.0,0.0,0.0,0.0
1629795557446,881,2,0,0,0,4,4,0.0,0.0,0.0,0.0
1629795558446,881,2,0,0,0,4,4,0.0,0.0,0.0,0.0
1629795559446,881,2,0,0,0,4,4,0.0,0.0,0.0,0.0
1629795560446,881,2,0,0,0,4,4,0.0,0.0,0.0,0.0
1629795561446,881,2,0,0,0,4,4,0.0,0.0,0.0,0.0
1629795562446,881,2,0,0,0,4,4,0.0,0.0,0.0,0.0
1629795563446,881,2,0,0,0,4,4,0.0,0.0,0.0,0.0
1629795564446,881,2,0,0,0,4,4,0.0,0.0,0.0,0.0
1629795565446,881,2,0,0,0,4,4,0.0,0.0,0.0,0.0
1629795566446,881,2,0,0,0,4,4,0.0,0.0,0.0,0.0
1629795567446,881,2,0,0,0,4,4,0.0,0.0,0.0,0.0
1629795568446,881,2,0,0,0,4,4,0.0,0.0,0.0,0.0
1629795569446,881,2,0,0,0,4,4,0.0,0.0,0.0,0.0
1629795570446,881,2,0,0,0,4,4,0.0,0.0,0.0,0.0
1629795571446,881,2,0,0,0,4,4,0.0,0.0,0.0,0.0
1629795572446,881,2,0,0,0,4,4,0.0,0.0,0.0,0.0
1629795573446,881,2,0,0,0,4,4,0.0,0.0,0.0,0.0
1629795574446,881,2,0,0,0,4,4,0.0,0.0,0.0,0.0
1629795575446,881,2,0,0,0,4,4,0.0,0.0,0.0,0.0
1629795576446,881,2,0,0,0,4,4,0.0,0.0,0.0,0.0
1629795577446,881,2,0,0,0,4,4,0.0,0.0,0.0,0.0
1629795578446,881,2,0,0,0,4,4,0.0,0.0,0.0,0.0
1629795579446,881,2,0,0,0,4,4,0.0,0.0,0.0,0.0
1629795580446,881,2,0,0,0,4,4,0.0,0.0,0.0,0.0
1629795581446,881,2,0,0,0,4,4,0.0,0.0,0.0,0.0
1629795582446,881,2,0,0,0,4,4,0.0,0.0,0.0,0.0
1629795583446,881,2,0,0,0,4,4,0.0,0.0,0.0,0.0
1629795584446,881,2,0,0,0,4,4,0.0,0.0,0.0,0.0
1629795585446,881,2,0,0,0,4,4,0.0,0.0,0.0,0.0
1629795586446,881,2,0,0,0,4,4,0.0,0.0,0.0,0.0
1629795587446,881,2,0,0,0,4,4,0.0,0.0,0.0,0.0
1629795588446,881,2,0,0,0,4,4,0.0,0.0,0.0,0.0
1629795589446,881,2,0,0,0,4,4,0.0,0.0,0.0,0.0
1629795590446,881,2,0,0,0,4,4,0.0,0.0,0.0,0.0
1629795591446,881,2,0,0,0,4,4,0.0,0.0,0.0,0.0
1629795592446,881,2,0,0,0,4,4,0.0,0.0,0.0,0.0
1629795593446,881,2,0,0,0,4,4,0.0,0.0,0.0,0.0
1629795594446,881,2,0,0,0,4,4,0.0,0.0,0.0,0.0
1629795595446,881,2,0,0,0,4,4,0.0,0.0,0.0,0.0
1629795596446,881,2,0,0,0,4,4,0.0,0.0,0.0,0.0
1629795597446,881,2,0,0,0,4,4,0.0,0.0,0.0,0.0
1629795598446,881,2,0,0,0,4,4,0.0,0.0,0.0,0.0
1629795599446,881,2,0,0,0,4,4,0.0,0.0,0.0,0.0
1629795600446,881,2,0,0,0,4,4,0.0,0.0,0.0,0.0
1629795601446,881,2,0,0,0,4,4,0.0,0.0,0.0,0.0
1629795602446,881,2,0,0,0,4,4,0.0,0.0,0.0,0.0
1629795603446,881,2,0,0,0,4,4,0.0,0.0,0.0,0.0
1629795604446,881,2,0,0,0,4,4,0.0,0.0,0.0,0.0
1629795605446,881,2,0,0,0,4,4,0.0,0.0,0.0,0.0
1629795606446,881,2,0,0,0,4,4,0.0,0.0,0.0,0.0
1629795607446,881,2,0,0,0,4,4,0.0,0.0,0.0,0.0
1629795608446,881,2,0,0,0,4,4,0.0,0.0,0.0,0.0
1629795609446,881,2,0,0,0,4,4,0.0,0.0,0.0,0.0
1629795610446,881,2,0,0,0,4,4,0.0,0.0,0.0,0.0
1629795611446,881,2,0,0,0,4,4,0.0,0.0,0.0,0.0
1629795612446,881,2,0,0,0,4,4,0.0,0.0,0.0,0.0
1629795613446,881,2,0,0,0,4,4,0.0,0.0,0.0,0.0
1629795614446,881,2,0,0,0,4,4,0.0,0.0,0.0,0.0
1629795615446,881,2,0,0,0,4,4,0.0,0.0,0.0,0.0
1629795616446,881,2,0,0,0,4,4,0.0,0.0,0.0,0.0
1629795617446,881,2,0,0,0,4,4,0.0,0.0,0.0,0.0
1629795618446,881,2,0,0,0,4,4,0.0,0.0,0.0,0.0
1629795619446,881,2,0,0,0,4,4,0.0,0.0,0.0,0.0
1629795620446,881,2,0,0,0,4,4,0.0,0.0,0.0,0.0
1629795621446,881,2,0,0,0,4,4,0.0,0.0,0.0,0.0
1629795622446,881,2,0,0,0,4,4,0.0,0.0,0.0,0.0
1629795623446,881,2,0,0,0,4,4,0.0,0.0,0.0,0.0
1629795624446,881,2,0,0,0,4,4,0.0,0.0,0.0,0.0
1629795625446,881,2,0,0,0,4,4,0.0,0.0,0.0,0.0
1629795626446,881,2,0,0,0,4,4,0.0,0.0,0.0,0.0
1629795627446,881,2,0,0,0,4,4,0.0,0.0,0.0,0.0
1629795628446,881,2,0,0,0,4,4,0.0,0.0,0.0,0.0
1629795629446,881,2,0,0,0,4,4,0.0,0.0,0.0,0.0
1629795630446,881,2,0,0,0,4,4,0.0,0.0,0.0,0.0
1629795631446,881,2,0,0,0,4,4,0.0,0.0,0.0,0.0
1629795632446,881,2,0,0,0,4,4,0.0,0.0,0.0,0.0
1629795633446,881,2,0,0,0,4,4,0.0,0.0,0.0,0.0
1629795634446,881,2,0,0,0,4,4,0.0,0.0,0.0,0.0
1629795635446,881,2,0,0,0,4,4,0.0,0.0,0.0,0.0
1629795636446,881,2,0,0,0,4,4,0.0,0.0,0.0,0.0
1629795637446,881,2,0,0,0,4,4,0.0,0.0,0.0,0.0
1629795638446,881,2,0,0,0,4,4,0.0,0.0,0.0,0.0
1629795639446,881,2,0,0,0,4,4,0.0,0.0,0.0,0.0
1629795640446,881,2,0,0,0,4,4,0.0,0.0,0.0,0.0
1629795641446,881,2,0,0,0,4,4,0.0,0.0,0.0,0.0
1629795642446,881,2,0,0,0,4,4,0.0,0.0,0.0,0.0
1629795643446,881,2,0,0,0,4,4,0.0,0.0,0.0,0.0
1629795644446,881,2,0,0,0,4,4,0.0,0.0,0.0,0.0
1629795645446,881,2,0,0,0,4,4,0.0,0.0,0.0,0.0
1629795646446,881,2,0,0,0,4,4,0.0,0.0,0.0,0.0
1629795647446,881,2,0,0,0,4,4,0.0,0.0,0.0,0.0
1629795648446,881,2,0,0,0,4,4,0.0,0.0,0.0,0.0
1629795649446,881,2,0,0,0,4,4,0.0,0.0,0.0,0.0
1629795650446,881,2,0,0,0,4,4,0.0,0.0,0.0,0.0
1629795651446,881,2,0,0,0,4,4,0.0,0.0,0.0,0.0
1629795652446,881,2,0,0,0,4,4,0.0,0.0,0.0,0.0
1629795653446,881,2,0,0,0,4,4,0.0,0.0,0.0,0.0
1629795654446,881,2,0,0,0,4,4,0.0,0.0,0.0,0.0
1629795655446,881,2,0,0,0,4,4,0.0,0.0,0.0,0.0
1629795656446,881,2,0,0,0,4,4,0.0,0.0,0.0,0.0
1629795657446,881,2,0,0,0,4,4,0.0,0.0,0.0,0.0
1629795658446,881,2,0,0,0,4,4,0.0,0.0,0.0,0.0
1629795659446,881,2,0,0,0,4,4,0.0,0.0,0.0,0.0
1629795660446,881,2,0,0,0,4,4,0.0,0.0,0.0,0.0
1629795661446,881,2,0,0,0,4,4,0.0,0.0,0.0,0.0
1629795662446,881,2,0,0,0,4,4,0.0,0.0,0.0,0.0
1629795663446,881,2,0,0,0,4,4,0.0,0.0,0.0,0.0
1629795664446,886,2,0,0,0,4,4,0.0,0.0,0.0,0.0
1629795665446,888,2,0,0,0,4,4,0.0,0.0,0.0,0.0
1629795666446,888,2,0,0,0,4,4,0.0,0.0,0.0,0.0
1629795667446,888,2,0,0,0,4,4,0.0,0.0,0.0,0.0
1629795668446,893,2,0,0,0,4,4,0.0,0.0,0.0,0.0
1629795669446,897,2,0,0,0,4,4,0.0,0.0,0.0,0.0
1629795670446,899,2,0,0,0,4,4,0.0,0.0,0.0,0.0
1629795671446,906,2,0,0,0,4,4,0.0,0.0,0.0,0.0
1629795672446,908,2,0,0,0,4,4,0.0,0.0,0.0,0.0
1629795673446,912,2,0,0,0,4,4,0.0,0.0,0.0,0.0
1629795674446,912,2,0,0,0,4,4,0.0,0.0,0.0,0.0
1629795675446,912,2,0,0,0,4,4,0.0,0.0,0.0,0.0
1629795676446,912,2,0,0,0,4,4,0.0,0.0,0.0,0.0
1629795677446,912,2,0,0,0,4,4,0.0,0.0,0.0,0.0
1629795678446,912,2,0,0,0,4,4,0.0,0.0,0.0,0.0
1629795679446,912,2,0,0,0,4,4,0.0,0.0,0.0,0.0
1629795680446,912,2,0,0,0,4,4,0.0,0.0,0.0,0.0
1629795681446,912,2,0,0,0,4,4,0.0,0.0,0.0,0.0
1629795682446,912,2,0,0,0,4,4,0.0,0.0,0.0,0.0
1629795683446,912,2,0,0,0,4,4,0.0,0.0,0.0,0.0
1629795684446,912,2,0,0,0,4,4,0.0,0.0,0.0,0.0
1629795685446,912,2,0,0,0,4,4,0.0,0.0,0.0,0.0
1629795686446,912,2,0,0,0,4,4,0.0,0.0,0.0,0.0
1629795687446,912,2,0,0,0,4,4,0.0,0.0,0.0,0.0
1629795688446,912,2,0,0,0,4,4,0.0,0.0,0.0,0.0
1629795689446,912,2,0,0,0,4,4,0.0,0.0,0.0,0.0
1629795690446,912,2,0,0,0,4,4,0.0,0.0,0.0,0.0
1629795691446,912,2,0,0,0,4,4,0.0,0.0,0.0,0.0
1629795692446,912,2,0,0,0,4,4,0.0,0.0,0.0,0.0
1629795693446,912,2,0,0,0,4,4,0.0,0.0,0.0,0.0
1629795694446,912,2,0,0,0,4,4,0.0,0.0,0.0,0.0
1629795695446,912,2,0,0,0,4,4,0.0,0.0,0.0,0.0
1629795696446,912,2,0,0,0,4,4,0.0,0.0,0.0,0.0
1629795697446,912,2,0,0,0,4,4,0.0,0.0,0.0,0.0
1629795698446,912,2,0,0,0,4,4,0.0,0.0,0.0,0.0
1629795699446,912,2,0,0,0,4,4,0.0,0.0,0.0,0.0
1629795700446,914,2,0,0,0,4,4,0.0,0.0,0.0,0.0
1629795701446,922,2,0,0,0,4,4,0.0,0.0,0.0,0.0
1629795702446,929,2,0,0,0,4,4,0.0,0.0,0.0,0.0
1629795703446,938,2,0,0,0,4,4,0.0,0.0,0.0,0.0
1629795704446,944,2,0,0,0,4,4,0.0,0.0,0.0,0.0
1629795705446,953,2,0,0,0,4,4,0.0,0.0,0.0,0.0
1629795706446,959,2,0,0,0,4,4,0.0,0.0,0.0,0.0
1629795707446,968,2,0,0,0,4,4,0.0,0.0,0.0,0.0
1629795708446,977,2,0,0,0,4,4,0.0,0.0,0.0,0.0
1629795709446,983,2,0,0,0,4,4,0.0,0.0,0.0,0.0
1629795710446,992,2,0,0,0,4,4,0.0,0.0,0.0,0.0
1629795711446,1001,2,0,0,0,4,4,0.0,0.0,0.0,0.0
1629795712446,1010,2,0,0,0,4,4,0.0,0.0,0.0,0.0
1629795713446,1016,2,0,0,0,4,4,0.0,0.0,0.0,0.0
1629795714446,1025,2,0,0,0,4,4,0.0,0.0,0.0,0.0
1629795715446,1034,2,0,0,0,4,4,0.0,0.0,0.0,0.0
1629795716446,1043,2,0,0,0,4,4,0.0,0.0,0.0,0.0
1629795717446,1052,2,0,0,0,4,4,0.0,0.0,0.0,0.0
1629795718446,1062,2,0,0,0,4,4,0.0,0.0,0.0,0.0
1629795719446,1071,2,0,0,0,4,4,0.0,0.0,0.0,0.0
1629795720446,1080,2,0,0,0,4,4,0.0,0.0,0.0,0.0
1629795721446,1089,2,0,0,0,4,4,0.0,0.0,0.0,0.0
1629795722446,1099,2,0,0,0,4,4,0.0,0.0,0.0,0.0
1629795723446,1108,2,0,0,0,4,4,0.0,0.0,0.0,0.0
1629795724446,1117,2,0,0,0,4,4,0.0,0.0,0.0,0.0
1629795725446,1126,2,0,0,0,4,4,0.0,0.0,0.0,0.0
1629795726446,1136,2,0,0,0,4,4,0.0,0.0,0.0,0.0
1629795727446,1145,2,0,0,0,4,4,0.0,0.0,0.0,0.0
1629795728446,1154,2,0,0,0,4,4,0.0,0.0,0.0,0.0
1629795729446,1163,2,0,0,0,4,4,0.0,0.0,0.0,0.0
1629795730446,1172,2,0,0,0,4,4,0.0,0.0,0.0,0.0
1629795731446,1182,2,0,0,0,4,4,0.0,0.0,0.0,0.0
1629795732446,1190,2,0,0,0,4,4,0.0,0.0,0.0,0.0
1629795733446,1200,2,0,0,0,4,4,0.0,0.0,0.0,0.0
1629795734446,1208,2,0,0,0,4,4,0.0,0.0,0.0,0.0
1629795735446,1217,2,0,0,0,4,4,0.0,0.0,0.0,0.0
1629795736446,1226,2,0,0,0,4,4,0.0,0.0,0.0,0.0
1629795737446,1235,2,0,0,0,4,4,0.0,0.0,0.0,0.0
1629795738446,1244,2,0,0,0,4,4,0.0,0.0,0.0,0.0
1629795739446,1253,2,0,0,0,4,4,0.0,0.0,0.0,0.0
1629795740446,1259,2,0,0,0,4,4,0.0,0.0,0.0,0.0
1629795741446,1269,2,0,0,0,4,4,0.0,0.0,0.0,0.0
1629795742446,1279,2,0,0,0,4,4,0.0,0.0,0.0,0.0
1629795743446,1288,2,0,0,0,4,4,0.0,0.0,0.0,0.0
1629795744446,1297,2,0,0,0,4,4,0.0,0.0,0.0,0.0
1629795745446,1307,2,0,0,0,4,4,0.0,0.0,0.0,0.0
1629795746446,1317,2,0,0,0,4,4,0.0,0.0,0.0,0.0
1629795747446,1326,2,0,0,0,4,4,0.0,0.0,0.0,0.0
1629795748446,1336,2,0,0,0,4,4,0.0,0.0,0.0,0.0
1629795749446,1345,2,0,0,0,4,4,0.0,0.0,0.0,0.0
1629795750446,1354,2,0,0,0,4,4,0.0,0.0,0.0,0.0
1629795751446,1363,2,0,0,0,4,4,0.0,0.0,0.0,0.0
1629795752446,1373,2,0,0,0,4,4,0.0,0.0,0.0,0.0
1629795753446,1382,2,0,0,0,4,4,0.0,0.0,0.0,0.0
1629795754446,1391,2,0,0,0,4,4,0.0,0.0,0.0,0.0
1629795755446,1400,2,0,0,0,4,4,0.0,0.0,0.0,0.0
1629795756446,1409,2,0,0,0,4,4,0.0,0.0,0.0,0.0
1629795757446,1418,2,0,0,0,4,4,0.0,0.0,0.0,0.0
1629795758446,1428,2,0,0,0,4,4,0.0,0.0,0.0,0.0
1629795759446,1437,2,0,0,0,4,4,0.0,0.0,0.0,0.0
1629795760446,1446,2,0,0,0,4,4,0.0,0.0,0.0,0.0
1629795761446,1456,2,0,0,0,4,4,0.0,0.0,0.0,0.0
1629795762446,1462,2,0,0,0,4,4,0.0,0.0,0.0,0.0
1629795763446,1471,2,0,0,0,4,4,0.0,0.0,0.0,0.0
1629795764446,1481,2,0,0,0,4,4,0.0,0.0,0.0,0.0
1629795765446,1491,2,0,0,0,4,4,0.0,0.0,0.0,0.0
1629795766446,1501,2,0,0,0,4,4,0.0,0.0,0.0,0.0
1629795767446,1510,2,0,0,0,4,4,0.0,0.0,0.0,0.0
1629795768446,1519,2,0,0,0,4,4,0.0,0.0,0.0,0.0
1629795769446,1529,2,0,0,0,4,4,0.0,0.0,0.0,0.0
1629795770446,1538,2,0,0,0,4,4,0.0,0.0,0.0,0.0
1629795771446,1548,2,0,0,0,4,4,0.0,0.0,0.0,0.0
1629795772446,1557,2,0,0,0,4,4,0.0,0.0,0.0,0.0
1629795773446,1563,2,0,0,0,4,4,0.0,0.0,0.0,0.0
1629795774446,1573,2,0,0,0,4,4,0.0,0.0,0.0,0.0
1629795775446,1582,2,0,0,0,4,4,0.0,0.0,0.0,0.0
1629795776446,1592,2,0,0,0,4,4,0.0,0.0,0.0,0.0
1629795777446,1601,2,0,0,0,4,4,0.0,0.0,0.0,0.0
1629795778446,1611,2,0,0,0,4,4,0.0,0.0,0.0,0.0
1629795779446,1620,2,0,0,0,4,4,0.0,0.0,0.0,0.0
1629795780446,1629,2,0,0,0,4,4,0.0,0.0,0.0,0.0
1629795781446,1638,2,0,0,0,4,4,0.0,0.0,0.0,0.0
1629795782446,1647,2,0,0,0,4,4,0.0,0.0,0.0,0.0
1629795783446,1656,2,0,0,0,4,4,0.0,0.0,0.0,0.0
1629795784446,1665,2,0,0,0,4,4,0.0,0.0,0.0,0.0
1629795785446,1674,2,0,0,0,4,4,0.0,0.0,0.0,0.0
1629795786446,1683,2,0,0,0,4,4,0.0,0.0,0.0,0.0
1629795787446,1693,2,0,0,0,4,4,0.0,0.0,0.0,0.0
1629795788446,1702,2,0,0,0,4,4,0.0,0.0,0.0,0.0
1629795789446,1712,2,0,0,0,4,4,0.0,0.0,0.0,0.0
1629795790446,1721,2,0,0,0,4,4,0.0,0.0,0.0,0.0
1629795791446,1728,2,0,0,0,4,4,0.0,0.0,0.0,0.0
1629795792446,1737,2,0,0,0,4,4,0.0,0.0,0.0,0.0
1629795793446,1746,2,0,0,0,4,4,0.0,0.0,0.0,0.0
1629795794446,1756,2,0,0,0,4,4,0.0,0.0,0.0,0.0
1629795795446,1765,2,0,0,0,4,4,0.0,0.0,0.0,0.0
1629795796446,1774,2,0,0,0,4,4,0.0,0.0,0.0,0.0
1629795797446,1784,2,0,0,0,4,4,0.0,0.0,0.0,0.0
1629795798446,1793,2,0,0,0,4,4,0.0,0.0,0.0,0.0
1629795799446,1802,2,0,0,0,4,4,0.0,0.0,0.0,0.0
1629795800446,1810,2,0,0,0,4,4,0.0,0.0,0.0,0.0
1629795801446,1820,2,0,0,0,4,4,0.0,0.0,0.0,0.0
1629795802446,1829,2,0,0,0,4,4,0.0,0.0,0.0,0.0
1629795803446,1838,2,0,0,0,4,4,0.0,0.0,0.0,0.0
1629795804446,1848,2,0,0,0,4,4,0.0,0.0,0.0,0.0
1629795805446,1857,2,0,0,0,4,4,0.0,0.0,0.0,0.0
1629795806446,1866,2,0,0,0,4,4,0.0,0.0,0.0,0.0
1629795807446,1875,2,0,0,0,4,4,0.0,0.0,0.0,0.0
1629795808446,1884,2,0,0,0,4,4,0.0,0.0,0.0,0.0
1629795809446,1893,2,0,0,0,4,4,0.0,0.0,0.0,0.0
1629795810446,1902,2,0,0,0,4,4,0.0,0.0,0.0,0.0
1629795811446,1911,2,0,0,0,4,4,0.0,0.0,0.0,0.0
1629795812446,1920,2,0,0,0,4,4,0.0,0.0,0.0,0.0
1629795813446,1929,2,0,0,0,4,4,0.0,0.0,0.0,0.0
1629795814446,1938,2,0,0,0,4,4,0.0,0.0,0.0,0.0
1629795815446,1947,2,0,0,0,4,4,0.0,0.0,0.0,0.0
1629795816446,1956,2,0,0,0,4,4,0.0,0.0,0.0,0.0
1629795817446,1965,2,0,0,0,4,4,0.0,0.0,0.0,0.0
1629795818446,1974,2,0,0,0,4,4,0.0,0.0,0.0,0.0
1629795819446,1983,2,0,0,0,4,4,0.0,0.0,0.0,0.0
1629795820446,1993,2,0,0,0,4,4,0.0,0.0,0.0,0.0
1629795821446,2001,2,0,0,0,4,4,0.0,0.0,0.0,0.0
1629795822446,2010,2,0,0,0,4,4,0.0,0.0,0.0,0.0
1629795823446,2016,2,0,0,0,4,4,0.0,0.0,0.0,0.0
1629795824446,2026,2,0,0,0,4,4,0.0,0.0,0.0,0.0
1629795825446,2035,2,0,0,0,4,4,0.0,0.0,0.0,0.0
1629795826446,2044,2,0,0,0,4,4,0.0,0.0,0.0,0.0
1629795827446,2053,2,0,0,0,4,4,0.0,0.0,0.0,0.0
1629795828446,2062,2,0,0,0,4,4,0.0,0.0,0.0,0.0
1629795829446,2072,2,0,0,0,4,4,0.0,0.0,0.0,0.0
1629795830446,2081,2,0,0,0,4,4,0.0,0.0,0.0,0.0
1629795831446,2090,2,0,0,0,4,4,0.0,0.0,0.0,0.0
1629795832446,2099,2,0,0,0,4,4,0.0,0.0,0.0,0.0
1629795833446,2108,2,0,0,0,4,4,0.0,0.0,0.0,0.0
1629795834446,2117,2,0,0,0,4,4,0.0,0.0,0.0,0.0
1629795835446,2126,2,0,0,0,4,4,0.0,0.0,0.0,0.0
1629795836446,2135,2,0,0,0,4,4,0.0,0.0,0.0,0.0
1629795837446,2144,2,0,0,0,4,4,0.0,0.0,0.0,0.0
1629795838446,2154,2,0,0,0,4,4,0.0,0.0,0.0,0.0
1629795839446,2163,2,0,0,0,4,4,0.0,0.0,0.0,0.0
1629795840446,2172,2,0,0,0,4,4,0.0,0.0,0.0,0.0
1629795841446,2181,2,0,0,0,4,4,0.0,0.0,0.0,0.0
1629795842446,2190,2,0,0,0,4,4,0.0,0.0,0.0,0.0
1629795843446,2199,2,0,0,0,4,4,0.0,0.0,0.0,0.0
1629795844446,2208,2,0,0,0,4,4,0.0,0.0,0.0,0.0
1629795845446,2217,2,0,0,0,4,4,0.0,0.0,0.0,0.0
1629795846446,2225,2,0,0,0,4,4,0.0,0.0,0.0,0.0
1629795847446,2234,2,0,0,0,4,4,0.0,0.0,0.0,0.0
1629795848446,2243,2,0,0,0,4,4,0.0,0.0,0.0,0.0
1629795849446,2253,2,0,0,0,4,4,0.0,0.0,0.0,0.0
1629795850446,2262,2,0,0,0,4,4,0.0,0.0,0.0,0.0
1629795851446,2271,2,0,0,0,4,4,0.0,0.0,0.0,0.0
1629795852446,2281,2,0,0,0,4,4,0.0,0.0,0.0,0.0
1629795853446,2290,2,0,0,0,4,4,0.0,0.0,0.0,0.0
1629795854446,2299,2,0,0,0,4,4,0.0,0.0,0.0,0.0
1629795855446,2308,2,0,0,0,4,4,0.0,0.0,0.0,0.0
1629795856446,2314,2,0,0,0,4,4,0.0,0.0,0.0,0.0
1629795857446,2324,2,0,0,0,4,4,0.0,0.0,0.0,0.0
1629795858446,2333,2,0,0,0,4,4,0.0,0.0,0.0,0.0
1629795859446,2342,2,0,0,0,4,4,0.0,0.0,0.0,0.0
1629795860446,2351,2,0,0,0,4,4,0.0,0.0,0.0,0.0
1629795861446,2361,2,0,0,0,4,4,0.0,0.0,0.0,0.0
1629795862446,2371,2,0,0,0,4,4,0.0,0.0,0.0,0.0
1629795863446,2378,2,0,0,0,4,4,0.0,0.0,0.0,0.0
1629795864446,2388,2,0,0,0,4,4,0.0,0.0,0.0,0.0
1629795865446,2398,2,0,0,0,4,4,0.0,0.0,0.0,0.0
1629795866446,2406,2,0,0,0,4,4,0.0,0.0,0.0,0.0
1629795867446,2416,2,0,0,0,4,4,0.0,0.0,0.0,0.0
1629795868446,2426,2,0,0,0,4,4,0.0,0.0,0.0,0.0
1629795869446,2434,2,0,0,0,4,4,0.0,0.0,0.0,0.0
1629795870446,2445,2,0,0,0,4,4,0.0,0.0,0.0,0.0
1629795871446,2452,2,0,0,0,4,4,0.0,0.0,0.0,0.0
1629795872446,2462,2,0,0,0,4,4,0.0,0.0,0.0,0.0
1629795873446,2472,2,0,0,0,4,4,0.0,0.0,0.0,0.0
1629795874446,2479,2,0,0,0,4,4,0.0,0.0,0.0,0.0
1629795875446,2489,2,0,0,0,4,4,0.0,0.0,0.0,0.0
1629795876446,2500,2,0,0,0,4,4,0.0,0.0,0.0,0.0
1629795877446,2507,2,0,0,0,4,4,0.0,0.0,0.0,0.0
1629795878446,2517,2,0,0,0,4,4,0.0,0.0,0.0,0.0
1629795879446,2527,2,0,0,0,4,4,0.0,0.0,0.0,0.0
1629795880446,2534,2,0,0,0,4,4,0.0,0.0,0.0,0.0
1629795881446,2544,2,0,0,0,4,4,0.0,0.0,0.0,0.0
1629795882446,2554,2,0,0,0,4,4,0.0,0.0,0.0,0.0
1629795883446,2561,2,0,0,0,4,4,0.0,0.0,0.0,0.0
1629795884446,2570,2,0,0,0,4,4,0.0,0.0,0.0,0.0
1629795885446,2580,2,0,0,0,4,4,0.0,0.0,0.0,0.0
1629795886446,2590,2,0,0,0,4,4,0.0,0.0,0.0,0.0
1629795887446,2597,2,0,0,0,4,4,0.0,0.0,0.0,0.0
1629795888446,2606,2,0,0,0,4,4,0.0,0.0,0.0,0.0
1629795889446,2616,2,0,0,0,4,4,0.0,0.0,0.0,0.0
1629795890446,2623,2,0,0,0,4,4,0.0,0.0,0.0,0.0
1629795891446,2633,2,0,0,0,4,4,0.0,0.0,0.0,0.0
1629795892446,2643,2,0,0,0,4,4,0.0,0.0,0.0,0.0
1629795893446,2653,2,0,0,0,4,4,0.0,0.0,0.0,0.0
1629795894446,2659,2,0,0,0,4,4,0.0,0.0,0.0,0.0
1629795895446,2669,2,0,0,0,4,4,0.0,0.0,0.0,0.0
1629795896446,2678,2,0,0,0,4,4,0.0,0.0,0.0,0.0
1629795897446,2688,2,0,0,0,4,4,0.0,0.0,0.0,0.0
1629795898446,2695,2,0,0,0,4,4,0.0,0.0,0.0,0.0
1629795899446,2705,2,0,0,0,4,4,0.0,0.0,0.0,0.0
1629795900446,2715,2,0,0,0,4,4,0.0,0.0,0.0,0.0
1629795901446,2724,2,0,0,0,4,4,0.0,0.0,0.0,0.0
1629795902446,2731,2,0,0,0,4,4,0.0,0.0,0.0,0.0
1629795903446,2741,2,0,0,0,4,4,0.0,0.0,0.0,0.0
1629795904446,2752,2,0,0,0,4,4,0.0,0.0,0.0,0.0
1629795905446,2760,2,0,0,0,4,4,0.0,0.0,0.0,0.0
1629795906446,2769,2,0,0,0,4,4,0.0,0.0,0.0,0.0
1629795907446,2769,2,0,0,0,4,4,0.0,0.0,0.0,0.0
1629795908446,2769,2,0,0,0,4,4,0.0,0.0,0.0,0.0
1629795909446,2776,2,0,0,0,4,4,0.0,0.0,0.0,0.0
1629795910446,2779,2,0,0,0,4,4,0.0,0.0,0.0,0.0
1629795911446,2789,2,0,0,0,4,4,0.0,0.0,0.0,0.0
1629795912446,2793,2,0,0,0,4,4,0.0,0.0,0.0,0.0
1629795913446,2797,2,0,0,0,4,4,0.0,0.0,0.0,0.0
1629795914446,2797,2,0,0,0,4,4,0.0,0.0,0.0,0.0
1629795915446,2797,2,0,0,0,4,4,0.0,0.0,0.0,0.0
1629795916446,2797,2,0,0,0,4,4,0.0,0.0,0.0,0.0
1629795917446,2797,2,0,0,0,4,4,0.0,0.0,0.0,0.0
1629795918446,2797,2,0,0,0,4,4,0.0,0.0,0.0,0.0
1629795919446,2797,2,0,0,0,4,4,0.0,0.0,0.0,0.0
1629795920446,2797,2,0,0,0,4,4,0.0,0.0,0.0,0.0
1629795921446,2797,2,0,0,0,4,4,0.0,0.0,0.0,0.0
1629795922446,2797,2,0,0,0,4,4,0.0,0.0,0.0,0.0
1629795923446,2797,2,0,0,0,4,4,0.0,0.0,0.0,0.0
1629795924446,2797,2,0,0,0,4,4,0.0,0.0,0.0,0.0
1629795925446,2797,2,0,0,0,4,4,0.0,0.0,0.0,0.0
1629795926446,2797,2,0,0,0,4,4,0.0,0.0,0.0,0.0
1629795927446,2797,2,0,0,0,4,4,0.0,0.0,0.0,0.0
1629795928446,2797,2,0,0,0,4,4,0.0,0.0,0.0,0.0
1629795929446,2797,2,0,0,0,4,4,0.0,0.0,0.0,0.0
1629795930446,2797,2,0,0,0,4,4,0.0,0.0,0.0,0.0
1629795931446,2799,2,0,0,0,4,4,0.0,0.0,0.0,0.0
1629795932446,2799,2,0,0,0,4,4,0.0,0.0,0.0,0.0
1629795933446,2799,2,0,0,0,4,4,0.0,0.0,0.0,0.0
1629795934446,2799,2,0,0,0,4,4,0.0,0.0,0.0,0.0
1629795935446,2799,2,0,0,0,4,4,0.0,0.0,0.0,0.0
1629795936446,2799,2,0,0,0,4,4,0.0,0.0,0.0,0.0
1629795937446,2799,2,0,0,0,4,4,0.0,0.0,0.0,0.0
1629795938446,2799,2,0,0,0,4,4,0.0,0.0,0.0,0.0
1629795939446,2799,2,0,0,0,4,4,0.0,0.0,0.0,0.0
1629795940446,2799,2,0,0,0,4,4,0.0,0.0,0.0,0.0
1629795941446,2799,2,0,0,0,4,4,0.0,0.0,0.0,0.0
1629795942446,2799,2,0,0,0,4,4,0.0,0.0,0.0,0.0
1629795943446,2799,2,0,0,0,4,4,0.0,0.0,0.0,0.0
1629795944446,2799,2,0,0,0,4,4,0.0,0.0,0.0,0.0
1629795945446,2799,2,0,0,0,4,4,0.0,0.0,0.0,0.0
1629795946446,2799,2,0,0,0,4,4,0.0,0.0,0.0,0.0
1629795947446,2799,2,0,0,0,4,4,0.0,0.0,0.0,0.0
1629795948446,2799,2,0,0,0,4,4,0.0,0.0,0.0,0.0
1629795949446,2799,2,0,0,0,4,4,0.0,0.0,0.0,0.0
1629795950446,2799,2,0,0,0,4,4,0.0,0.0,0.0,0.0
1629795951446,2799,2,0,0,0,4,4,0.0,0.0,0.0,0.0
1629795952446,2799,2,0,0,0,4,4,0.0,0.0,0.0,0.0
1629795953446,2799,2,0,0,0,4,4,0.0,0.0,0.0,0.0
1629795954446,2799,2,0,0,0,4,4,0.0,0.0,0.0,0.0
1629795955446,2799,2,0,0,0,4,4,0.0,0.0,0.0,0.0
1629795956446,2799,2,0,0,0,4,4,0.0,0.0,0.0,0.0
1629795957446,2799,2,0,0,0,4,4,0.0,0.0,0.0,0.0
1629795958446,2799,2,0,0,0,4,4,0.0,0.0,0.0,0.0
1629795959446,2799,2,0,0,0,4,4,0.0,0.0,0.0,0.0
1629795960446,2799,2,0,0,0,4,4,0.0,0.0,0.0,0.0
1629795961446,2799,2,0,0,0,4,4,0.0,0.0,0.0,0.0
1629795962446,2799,2,0,0,0,4,4,0.0,0.0,0.0,0.0
1629795963446,2799,2,0,0,0,4,4,0.0,0.0,0.0,0.0
1629795964446,2799,2,0,0,0,4,4,0.0,0.0,0.0,0.0
1629795965446,2799,2,0,0,0,4,4,0.0,0.0,0.0,0.0
1629795966446,2799,2,0,0,0,4,4,0.0,0.0,0.0,0.0
1629795967446,2799,2,0,0,0,4,4,0.0,0.0,0.0,0.0
1629795968446,2799,2,0,0,0,4,4,0.0,0.0,0.0,0.0
1629795969446,2799,2,0,0,0,4,4,0.0,0.0,0.0,0.0
1629795970446,2799,2,0,0,0,4,4,0.0,0.0,0.0,0.0
1629795971446,2799,2,0,0,0,4,4,0.0,0.0,0.0,0.0
1629795972446,2799,2,0,0,0,4,4,0.0,0.0,0.0,0.0
1629795973446,2799,2,0,0,0,4,4,0.0,0.0,0.0,0.0
1629795974446,2799,2,0,0,0,4,4,0.0,0.0,0.0,0.0
1629795975446,2799,2,0,0,0,4,4,0.0,0.0,0.0,0.0
1629795976446,2799,2,0,0,0,4,4,0.0,0.0,0.0,0.0
1629795977446,2799,2,0,0,0,4,4,0.0,0.0,0.0,0.0
1629795978446,2799,2,0,0,0,4,4,0.0,0.0,0.0,0.0
1629795979446,2799,2,0,0,0,4,4,0.0,0.0,0.0,0.0
1629795980446,2799,2,0,0,0,4,4,0.0,0.0,0.0,0.0
1629795981446,2799,2,0,0,0,4,4,0.0,0.0,0.0,0.0
1629795982446,2799,2,0,0,0,4,4,0.0,0.0,0.0,0.0
1629795983446,2799,2,0,0,0,4,4,0.0,0.0,0.0,0.0
1629795984446,2799,2,0,0,0,4,4,0.0,0.0,0.0,0.0
1629795985446,2799,2,0,0,0,4,4,0.0,0.0,0.0,0.0
1629795986446,2799,2,0,0,0,4,4,0.0,0.0,0.0,0.0
1629795987446,2799,2,0,0,0,4,4,0.0,0.0,0.0,0.0
1629795988446,2799,2,0,0,0,4,4,0.0,0.0,0.0,0.0
1629795989446,2799,2,0,0,0,4,4,0.0,0.0,0.0,0.0
1629795990446,2799,2,0,0,0,4,4,0.0,0.0,0.0,0.0
1629795991446,2799,2,0,0,0,4,4,0.0,0.0,0.0,0.0
1629795992446,2799,2,0,0,0,4,4,0.0,0.0,0.0,0.0
1629795993446,2799,2,0,0,0,4,4,0.0,0.0,0.0,0.0
1629795994446,2799,2,0,0,0,4,4,0.0,0.0,0.0,0.0
1629795995446,2799,2,0,0,0,4,4,0.0,0.0,0.0,0.0
1629795996446,2799,2,0,0,0,4,4,0.0,0.0,0.0,0.0
1629795997446,2799,2,0,0,0,4,4,0.0,0.0,0.0,0.0
1629795998446,2799,2,0,0,0,4,4,0.0,0.0,0.0,0.0
1629795999446,2799,2,0,0,0,4,4,0.0,0.0,0.0,0.0
1629796000446,2799,2,0,0,0,4,4,0.0,0.0,0.0,0.0
1629796001446,2799,2,0,0,0,4,4,0.0,0.0,0.0,0.0
1629796002446,2799,2,0,0,0,4,4,0.0,0.0,0.0,0.0
1629796003446,2799,2,0,0,0,4,4,0.0,0.0,0.0,0.0
1629796004446,2799,2,0,0,0,4,4,0.0,0.0,0.0,0.0
1629796005446,2799,2,0,0,0,4,4,0.0,0.0,0.0,0.0
1629796006446,2799,2,0,0,0,4,4,0.0,0.0,0.0,0.0
1629796007446,2799,2,0,0,0,4,4,0.0,0.0,0.0,0.0
1629796008446,2799,2,0,0,0,4,4,0.0,0.0,0.0,0.0
1629796009446,2799,2,0,0,0,4,4,0.0,0.0,0.0,0.0
1629796010446,2799,2,0,0,0,4,4,0.0,0.0,0.0,0.0
1629796011446,2799,2,0,0,0,4,4,0.0,0.0,0.0,0.0
1629796012446,2799,2,0,0,0,4,4,0.0,0.0,0.0,0.0
1629796013446,2799,2,0,0,0,4,4,0.0,0.0,0.0,0.0
1629796014446,2799,2,0,0,0,4,4,0.0,0.0,0.0,0.0
1629796015446,2799,2,0,0,0,4,4,0.0,0.0,0.0,0.0
1629796016446,2799,2,0,0,0,4,4,0.0,0.0,0.0,0.0
1629796017446,2799,2,0,0,0,4,4,0.0,0.0,0.0,0.0
1629796018446,2799,2,0,0,0,4,4,0.0,0.0,0.0,0.0
1629796019446,2799,2,0,0,0,4,4,0.0,0.0,0.0,0.0
1629796020446,2799,2,0,0,0,4,4,0.0,0.0,0.0,0.0
1629796021446,2799,2,0,0,0,4,4,0.0,0.0,0.0,0.0
1629796022446,2799,2,0,0,0,4,4,0.0,0.0,0.0,0.0
1629796023446,2799,2,0,0,0,4,4,0.0,0.0,0.0,0.0
1629796024446,2799,2,0,0,0,4,4,0.0,0.0,0.0,0.0
1629796025446,2799,2,0,0,0,4,4,0.0,0.0,0.0,0.0
1629796026446,2799,2,0,0,0,4,4,0.0,0.0,0.0,0.0
1629796027446,2799,2,0,0,0,4,4,0.0,0.0,0.0,0.0
1629796028446,2799,2,0,0,0,4,4,0.0,0.0,0.0,0.0
1629796029446,2799,2,0,0,0,4,4,0.0,0.0,0.0,0.0
1629796030446,2799,2,0,0,0,4,4,0.0,0.0,0.0,0.0
1629796031446,2799,2,0,0,0,4,4,0.0,0.0,0.0,0.0
1629796032446,2799,2,0,0,0,4,4,0.0,0.0,0.0,0.0
1629796033446,2799,2,0,0,0,4,4,0.0,0.0,0.0,0.0
1629796034446,2799,2,0,0,0,4,4,0.0,0.0,0.0,0.0
1629796035446,2799,2,0,0,0,4,4,0.0,0.0,0.0,0.0
1629796036446,2799,2,0,0,0,4,4,0.0,0.0,0.0,0.0
1629796037446,2799,2,0,0,0,4,4,0.0,0.0,0.0,0.0
1629796038446,2799,2,0,0,0,4,4,0.0,0.0,0.0,0.0
1629796039446,2799,2,0,0,0,4,4,0.0,0.0,0.0,0.0
1629796040446,2799,2,0,0,0,4,4,0.0,0.0,0.0,0.0
1629796041446,2799,2,0,0,0,4,4,0.0,0.0,0.0,0.0
1629796042446,2799,2,0,0,0,4,4,0.0,0.0,0.0,0.0
1629796043446,2799,2,0,0,0,4,4,0.0,0.0,0.0,0.0
1629796044446,2799,2,0,0,0,4,4,0.0,0.0,0.0,0.0
1629796045446,2799,2,0,0,0,4,4,0.0,0.0,0.0,0.0
1629796046446,2799,2,0,0,0,4,4,0.0,0.0,0.0,0.0
1629796047446,2799,2,0,0,0,4,4,0.0,0.0,0.0,0.0
1629796048446,2799,2,0,0,0,4,4,0.0,0.0,0.0,0.0
1629796049446,2799,2,0,0,0,4,4,0.0,0.0,0.0,0.0
1629796050446,2799,2,0,0,0,4,4,0.0,0.0,0.0,0.0
1629796051446,2799,2,0,0,0,4,4,0.0,0.0,0.0,0.0
1629796052446,2799,2,0,0,0,4,4,0.0,0.0,0.0,0.0
1629796053446,2799,2,0,0,0,4,4,0.0,0.0,0.0,0.0
1629796054446,2799,2,0,0,0,4,4,0.0,0.0,0.0,0.0
1629796055446,2799,2,0,0,0,4,4,0.0,0.0,0.0,0.0
1629796056446,2799,2,0,0,0,4,4,0.0,0.0,0.0,0.0
1629796057446,2799,2,0,0,0,4,4,0.0,0.0,0.0,0.0
1629796058446,2799,2,0,0,0,4,4,0.0,0.0,0.0,0.0
1629796059446,2799,2,0,0,0,4,4,0.0,0.0,0.0,0.0
1629796060446,2799,2,0,0,0,4,4,0.0,0.0,0.0,0.0
1629796061446,2799,2,0,0,0,4,4,0.0,0.0,0.0,0.0
1629796062446,2799,2,0,0,0,4,4,0.0,0.0,0.0,0.0
1629796063446,2799,2,0,0,0,4,4,0.0,0.0,0.0,0.0
1629796064446,2799,2,0,0,0,4,4,0.0,0.0,0.0,0.0
1629796065446,2799,2,0,0,0,4,4,0.0,0.0,0.0,0.0
1629796066446,2799,2,0,0,0,4,4,0.0,0.0,0.0,0.0
1629796067446,2799,2,0,0,0,4,4,0.0,0.0,0.0,0.0
1629796068446,2799,2,0,0,0,4,4,0.0,0.0,0.0,0.0
1629796069446,2799,2,0,0,0,4,4,0.0,0.0,0.0,0.0
1629796070446,2799,2,0,0,0,4,4,0.0,0.0,0.0,0.0
1629796071446,2799,2,0,0,0,4,4,0.0,0.0,0.0,0.0
1629796072446,2799,2,0,0,0,4,4,0.0,0.0,0.0,0.0
1629796073446,2799,2,0,0,0,4,4,0.0,0.0,0.0,0.0
1629796074446,2799,2,0,0,0,4,4,0.0,0.0,0.0,0.0
1629796075446,2799,2,0,0,0,4,4,0.0,0.0,0.0,0.0
1629796076446,2799,2,0,0,0,4,4,0.0,0.0,0.0,0.0
1629796077446,2799,2,0,0,0,4,4,0.0,0.0,0.0,0.0
1629796078446,2799,2,0,0,0,4,4,0.0,0.0,0.0,0.0
1629796079446,2799,2,0,0,0,4,4,0.0,0.0,0.0,0.0
1629796080446,2799,2,0,0,0,4,4,0.0,0.0,0.0,0.0
1629796081446,2799,2,0,0,0,4,4,0.0,0.0,0.0,0.0
1629796082446,2799,2,0,0,0,4,4,0.0,0.0,0.0,0.0
1629796083446,2799,2,0,0,0,4,4,0.0,0.0,0.0,0.0
1629796084446,2799,2,0,0,0,4,4,0.0,0.0,0.0,0.0
1629796085446,2799,2,0,0,0,4,4,0.0,0.0,0.0,0.0
1629796086446,2799,2,0,0,0,4,4,0.0,0.0,0.0,0.0
1629796087446,2799,2,0,0,0,4,4,0.0,0.0,0.0,0.0
1629796088446,2799,2,0,0,0,4,4,0.0,0.0,0.0,0.0
1629796089446,2799,2,0,0,0,4,4,0.0,0.0,0.0,0.0
1629796090446,2799,2,0,0,0,4,4,0.0,0.0,0.0,0.0
1629796091446,2799,2,0,0,0,4,4,0.0,0.0,0.0,0.0
1629796092446,2799,2,0,0,0,4,4,0.0,0.0,0.0,0.0
1629796093446,2799,2,0,0,0,4,4,0.0,0.0,0.0,0.0
1629796094446,2799,2,0,0,0,4,4,0.0,0.0,0.0,0.0
1629796095446,2799,2,0,0,0,4,4,0.0,0.0,0.0,0.0
1629796096446,2799,2,0,0,0,4,4,0.0,0.0,0.0,0.0
1629796097446,2799,2,0,0,0,4,4,0.0,0.0,0.0,0.0
1629796098446,2799,2,0,0,0,4,4,0.0,0.0,0.0,0.0
1629796099446,2799,2,0,0,0,4,4,0.0,0.0,0.0,0.0
1629796100446,2799,2,0,0,0,4,4,0.0,0.0,0.0,0.0
1629796101446,2799,2,0,0,0,4,4,0.0,0.0,0.0,0.0
1629796102446,2799,2,0,0,0,4,4,0.0,0.0,0.0,0.0
1629796103446,2799,2,0,0,0,4,4,0.0,0.0,0.0,0.0
1629796104446,2799,2,0,0,0,4,4,0.0,0.0,0.0,0.0
1629796105446,2799,2,0,0,0,4,4,0.0,0.0,0.0,0.0
1629796106446,2799,2,0,0,0,4,4,0.0,0.0,0.0,0.0
1629796107446,2799,2,0,0,0,4,4,0.0,0.0,0.0,0.0
1629796108446,2799,2,0,0,0,4,4,0.0,0.0,0.0,0.0
1629796109446,2799,2,0,0,0,4,4,0.0,0.0,0.0,0.0
1629796110446,2799,2,0,0,0,4,4,0.0,0.0,0.0,0.0
1629796111446,2799,2,0,0,0,4,4,0.0,0.0,0.0,0.0
1629796112446,2799,2,0,0,0,4,4,0.0,0.0,0.0,0.0
1629796113446,2799,2,0,0,0,4,4,0.0,0.0,0.0,0.0
1629796114446,2803,2,0,0,0,4,4,0.0,0.0,0.0,0.0
1629796115446,2808,2,0,0,0,4,4,0.0,0.0,0.0,0.0
1629796116446,2808,2,0,0,0,4,4,0.0,0.0,0.0,0.0
1629796117446,2808,2,0,0,0,4,4,0.0,0.0,0.0,0.0
1629796118446,2808,2,0,0,0,4,4,0.0,0.0,0.0,0.0
1629796119446,2808,2,0,0,0,4,4,0.0,0.0,0.0,0.0
1629796120446,2808,2,0,0,0,4,4,0.0,0.0,0.0,0.0
1629796121446,2808,2,0,0,0,4,4,0.0,0.0,0.0,0.0
1629796122446,2808,2,0,0,0,4,4,0.0,0.0,0.0,0.0
1629796123446,2808,2,0,0,0,4,4,0.0,0.0,0.0,0.0
1629796124446,2808,2,0,0,0,4,4,0.0,0.0,0.0,0.0
1629796125446,2808,2,0,0,0,4,4,0.0,0.0,0.0,0.0
1629796126446,2808,2,0,0,0,4,4,0.0,0.0,0.0,0.0
1629796127446,2808,2,0,0,0,4,4,0.0,0.0,0.0,0.0
1629796128446,2808,2,0,0,0,4,4,0.0,0.0,0.0,0.0
1629796129446,2808,2,0,0,0,4,4,0.0,0.0,0.0,0.0
1629796130446,2808,2,0,0,0,4,4,0.0,0.0,0.0,0.0
1629796131446,2808,2,0,0,0,4,4,0.0,0.0,0.0,0.0
1629796132446,2808,2,0,0,0,4,4,0.0,0.0,0.0,0.0
1629796133446,2808,2,0,0,0,4,4,0.0,0.0,0.0,0.0
1629796134446,2808,2,0,0,0,4,4,0.0,0.0,0.0,0.0
1629796135446,2808,2,0,0,0,4,4,0.0,0.0,0.0,0.0
1629796136446,2808,2,0,0,0,4,4,0.0,0.0,0.0,0.0
1629796137446,2808,2,0,0,0,4,4,0.0,0.0,0.0,0.0
1629796138446,2808,2,0,0,0,4,4,0.0,0.0,0.0,0.0
1629796139446,2808,2,0,0,0,4,4,0.0,0.0,0.0,0.0
1629796140446,2808,2,0,0,0,4,4,0.0,0.0,0.0,0.0
1629796141446,2808,2,0,0,0,4,4,0.0,0.0,0.0,0.0
1629796142446,2808,2,0,0,0,4,4,0.0,0.0,0.0,0.0
1629796143446,2808,2,0,0,0,4,4,0.0,0.0,0.0,0.0
1629796144446,2808,2,0,0,0,4,4,0.0,0.0,0.0,0.0
1629796145446,2808,2,0,0,0,4,4,0.0,0.0,0.0,0.0
1629796146446,2808,2,0,0,0,4,4,0.0,0.0,0.0,0.0
1629796147446,2808,2,0,0,0,4,4,0.0,0.0,0.0,0.0
1629796148446,2808,2,0,0,0,4,4,0.0,0.0,0.0,0.0
1629796149446,2808,2,0,0,0,4,4,0.0,0.0,0.0,0.0
1629796150446,2808,2,0,0,0,4,4,0.0,0.0,0.0,0.0
1629796151446,2808,2,0,0,0,4,4,0.0,0.0,0.0,0.0
1629796152446,2808,2,0,0,0,4,4,0.0,0.0,0.0,0.0
1629796153446,2808,2,0,0,0,4,4,0.0,0.0,0.0,0.0
1629796154446,2808,2,0,0,0,4,4,0.0,0.0,0.0,0.0
1629796155446,2808,2,0,0,0,4,4,0.0,0.0,0.0,0.0
1629796156446,2808,2,0,0,0,4,4,0.0,0.0,0.0,0.0
1629796157446,2808,2,0,0,0,4,4,0.0,0.0,0.0,0.0
1629796158446,2808,2,0,0,0,4,4,0.0,0.0,0.0,0.0
1629796159446,2808,2,0,0,0,4,4,0.0,0.0,0.0,0.0
1629796160446,2808,2,0,0,0,4,4,0.0,0.0,0.0,0.0
1629796161446,2808,2,0,0,0,4,4,0.0,0.0,0.0,0.0
1629796162446,2808,2,0,0,0,4,4,0.0,0.0,0.0,0.0
1629796163446,2808,2,0,0,0,4,4,0.0,0.0,0.0,0.0
1629796164446,2808,2,0,0,0,4,4,0.0,0.0,0.0,0.0
1629796165446,2808,2,0,0,0,4,4,0.0,0.0,0.0,0.0
1629796166446,2808,2,0,0,0,4,4,0.0,0.0,0.0,0.0
1629796167446,2808,2,0,0,0,4,4,0.0,0.0,0.0,0.0
1629796168446,2808,2,0,0,0,4,4,0.0,0.0,0.0,0.0
1629796169446,2808,2,0,0,0,4,4,0.0,0.0,0.0,0.0
1629796170446,2808,2,0,0,0,4,4,0.0,0.0,0.0,0.0
1629796171446,2808,2,0,0,0,4,4,0.0,0.0,0.0,0.0
1629796172446,2808,2,0,0,0,4,4,0.0,0.0,0.0,0.0
1629796173446,2808,2,0,0,0,4,4,0.0,0.0,0.0,0.0
1629796174446,2808,2,0,0,0,4,4,0.0,0.0,0.0,0.0
1629796175446,2808,2,0,0,0,4,4,0.0,0.0,0.0,0.0
1629796176446,2808,2,0,0,0,4,4,0.0,0.0,0.0,0.0
1629796177446,2808,2,0,0,0,4,4,0.0,0.0,0.0,0.0
1629796178446,2808,2,0,0,0,4,4,0.0,0.0,0.0,0.0
1629796179446,2808,2,0,0,0,4,4,0.0,0.0,0.0,0.0
1629796180446,2808,2,0,0,0,4,4,0.0,0.0,0.0,0.0
1629796181446,2808,2,0,0,0,4,4,0.0,0.0,0.0,0.0
1629796182446,2808,2,0,0,0,4,4,0.0,0.0,0.0,0.0
1629796183446,2808,2,0,0,0,4,4,0.0,0.0,0.0,0.0
1629796184446,2808,2,0,0,0,4,4,0.0,0.0,0.0,0.0
1629796185446,2808,2,0,0,0,4,4,0.0,0.0,0.0,0.0
1629796186446,2808,2,0,0,0,4,4,0.0,0.0,0.0,0.0
1629796187446,2808,2,0,0,0,4,4,0.0,0.0,0.0,0.0
1629796188446,2808,2,0,0,0,4,4,0.0,0.0,0.0,0.0
1629796189446,2808,2,0,0,0,4,4,0.0,0.0,0.0,0.0
1629796190446,2808,2,0,0,0,4,4,0.0,0.0,0.0,0.0
1629796191446,2808,2,0,0,0,4,4,0.0,0.0,0.0,0.0
1629796192446,2808,2,0,0,0,4,4,0.0,0.0,0.0,0.0
1629796193446,2808,2,0,0,0,4,4,0.0,0.0,0.0,0.0
1629796194446,2808,2,0,0,0,4,4,0.0,0.0,0.0,0.0
1629796195446,2808,2,0,0,0,4,4,0.0,0.0,0.0,0.0
1629796196446,2808,2,0,0,0,4,4,0.0,0.0,0.0,0.0
1629796197446,2808,2,0,0,0,4,4,0.0,0.0,0.0,0.0
1629796198446,2808,2,0,0,0,4,4,0.0,0.0,0.0,0.0
1629796199446,2808,2,0,0,0,4,4,0.0,0.0,0.0,0.0
1629796200446,2808,2,0,0,0,4,4,0.0,0.0,0.0,0.0
1629796201446,2808,2,0,0,0,4,4,0.0,0.0,0.0,0.0
1629796202446,2808,2,0,0,0,4,4,0.0,0.0,0.0,0.0
1629796203446,2808,2,0,0,0,4,4,0.0,0.0,0.0,0.0
1629796204446,2808,2,0,0,0,4,4,0.0,0.0,0.0,0.0
1629796205446,2808,2,0,0,0,4,4,0.0,0.0,0.0,0.0
1629796206446,2808,2,0,0,0,4,4,0.0,0.0,0.0,0.0
1629796207446,2808,2,0,0,0,4,4,0.0,0.0,0.0,0.0
1629796208446,2808,2,0,0,0,4,4,0.0,0.0,0.0,0.0
1629796209446,2808,2,0,0,0,4,4,0.0,0.0,0.0,0.0
1629796210446,2808,2,0,0,0,4,4,0.0,0.0,0.0,0.0
1629796211446,2808,2,0,0,0,4,4,0.0,0.0,0.0,0.0
1629796212446,2808,2,0,0,0,4,4,0.0,0.0,0.0,0.0
1629796213446,2808,2,0,0,0,4,4,0.0,0.0,0.0,0.0
1629796214446,2808,2,0,0,0,4,4,0.0,0.0,0.0,0.0
1629796215446,2808,2,0,0,0,4,4,0.0,0.0,0.0,0.0
1629796216446,2808,2,0,0,0,4,4,0.0,0.0,0.0,0.0
1629796217446,2808,2,0,0,0,4,4,0.0,0.0,0.0,0.0
1629796218446,2808,2,0,0,0,4,4,0.0,0.0,0.0,0.0
1629796219446,2808,2,0,0,0,4,4,0.0,0.0,0.0,0.0
1629796220446,2808,2,0,0,0,4,4,0.0,0.0,0.0,0.0
1629796221446,2808,2,0,0,0,4,4,0.0,0.0,0.0,0.0
1629796222446,2808,2,0,0,0,4,4,0.0,0.0,0.0,0.0
1629796223446,2808,2,0,0,0,4,4,0.0,0.0,0.0,0.0
1629796224446,2808,2,0,0,0,4,4,0.0,0.0,0.0,0.0
1629796225446,2808,2,0,0,0,4,4,0.0,0.0,0.0,0.0
1629796226446,2808,2,0,0,0,4,4,0.0,0.0,0.0,0.0
1629796227446,2808,2,0,0,0,4,4,0.0,0.0,0.0,0.0
1629796228446,2808,2,0,0,0,4,4,0.0,0.0,0.0,0.0
1629796229446,2808,2,0,0,0,4,4,0.0,0.0,0.0,0.0
1629796230446,2808,2,0,0,0,4,4,0.0,0.0,0.0,0.0
1629796231446,2808,2,0,0,0,4,4,0.0,0.0,0.0,0.0
1629796232446,2808,2,0,0,0,4,4,0.0,0.0,0.0,0.0
1629796233446,2808,2,0,0,0,4,4,0.0,0.0,0.0,0.0
1629796234446,2808,2,0,0,0,4,4,0.0,0.0,0.0,0.0
1629796235446,2808,2,0,0,0,4,4,0.0,0.0,0.0,0.0
1629796236446,2808,2,0,0,0,4,4,0.0,0.0,0.0,0.0
1629796237446,2808,2,0,0,0,4,4,0.0,0.0,0.0,0.0
1629796238446,2808,2,0,0,0,4,4,0.0,0.0,0.0,0.0
1629796239446,2808,2,0,0,0,4,4,0.0,0.0,0.0,0.0
1629796240446,2808,2,0,0,0,4,4,0.0,0.0,0.0,0.0
1629796241446,2808,2,0,0,0,4,4,0.0,0.0,0.0,0.0
1629796242446,2808,2,0,0,0,4,4,0.0,0.0,0.0,0.0
1629796243446,2808,2,0,0,0,4,4,0.0,0.0,0.0,0.0
1629796244446,2808,2,0,0,0,4,4,0.0,0.0,0.0,0.0
1629796245446,2808,2,0,0,0,4,4,0.0,0.0,0.0,0.0
1629796246446,2808,2,0,0,0,4,4,0.0,0.0,0.0,0.0
1629796247446,2808,2,0,0,0,4,4,0.0,0.0,0.0,0.0
1629796248446,2808,2,0,0,0,4,4,0.0,0.0,0.0,0.0
1629796249446,2808,2,0,0,0,4,4,0.0,0.0,0.0,0.0
1629796250446,2808,2,0,0,0,4,4,0.0,0.0,0.0,0.0
1629796251446,2808,2,0,0,0,4,4,0.0,0.0,0.0,0.0
1629796252446,2808,2,0,0,0,4,4,0.0,0.0,0.0,0.0
1629796253446,2808,2,0,0,0,4,4,0.0,0.0,0.0,0.0
1629796254446,2808,2,0,0,0,4,4,0.0,0.0,0.0,0.0
1629796255446,2808,2,0,0,0,4,4,0.0,0.0,0.0,0.0
1629796256446,2808,2,0,0,0,4,4,0.0,0.0,0.0,0.0
1629796257446,2808,2,0,0,0,4,4,0.0,0.0,0.0,0.0
1629796258446,2808,2,0,0,0,4,4,0.0,0.0,0.0,0.0
1629796259446,2808,2,0,0,0,4,4,0.0,0.0,0.0,0.0
1629796260446,2808,2,0,0,0,4,4,0.0,0.0,0.0,0.0
1629796261446,2808,2,0,0,0,4,4,0.0,0.0,0.0,0.0
1629796262446,2808,2,0,0,0,4,4,0.0,0.0,0.0,0.0
1629796263446,2808,2,0,0,0,4,4,0.0,0.0,0.0,0.0
1629796264446,2808,2,0,0,0,4,4,0.0,0.0,0.0,0.0
1629796265446,2808,2,0,0,0,4,4,0.0,0.0,0.0,0.0
1629796266446,2808,2,0,0,0,4,4,0.0,0.0,0.0,0.0
1629796267446,2808,2,0,0,0,4,4,0.0,0.0,0.0,0.0
1629796268446,2808,2,0,0,0,4,4,0.0,0.0,0.0,0.0
1629796269446,2808,2,0,0,0,4,4,0.0,0.0,0.0,0.0
1629796270446,2808,2,0,0,0,4,4,0.0,0.0,0.0,0.0
1629796271446,2808,2,0,0,0,4,4,0.0,0.0,0.0,0.0
1629796272446,2808,2,0,0,0,4,4,0.0,0.0,0.0,0.0
1629796273446,2808,2,0,0,0,4,4,0.0,0.0,0.0,0.0
1629796274446,2808,2,0,0,0,4,4,0.0,0.0,0.0,0.0
1629796275446,2808,2,0,0,0,4,4,0.0,0.0,0.0,0.0
1629796276446,2808,2,0,0,0,4,4,0.0,0.0,0.0,0.0
1629796277446,2808,2,0,0,0,4,4,0.0,0.0,0.0,0.0
1629796278446,2808,2,0,0,0,4,4,0.0,0.0,0.0,0.0
1629796279446,2808,2,0,0,0,4,4,0.0,0.0,0.0,0.0
1629796280446,2808,2,0,0,0,4,4,0.0,0.0,0.0,0.0
1629796281446,2808,2,0,0,0,4,4,0.0,0.0,0.0,0.0
1629796282446,2808,2,0,0,0,4,4,0.0,0.0,0.0,0.0
1629796283446,2808,2,0,0,0,4,4,0.0,0.0,0.0,0.0
1629796284446,2808,2,0,0,0,4,4,0.0,0.0,0.0,0.0
1629796285446,2808,2,0,0,0,4,4,0.0,0.0,0.0,0.0
1629796286446,2808,2,0,0,0,4,4,0.0,0.0,0.0,0.0
1629796287446,2808,2,0,0,0,4,4,0.0,0.0,0.0,0.0
1629796288446,2808,2,0,0,0,4,4,0.0,0.0,0.0,0.0
1629796289446,2808,2,0,0,0,4,4,0.0,0.0,0.0,0.0
1629796290446,2808,2,0,0,0,4,4,0.0,0.0,0.0,0.0
1629796291446,2808,2,0,0,0,4,4,0.0,0.0,0.0,0.0
1629796292446,2808,2,0,0,0,4,4,0.0,0.0,0.0,0.0
1629796293446,2808,2,0,0,0,4,4,0.0,0.0,0.0,0.0
1629796294446,2808,2,0,0,0,4,4,0.0,0.0,0.0,0.0
1629796295446,2808,2,0,0,0,4,4,0.0,0.0,0.0,0.0
1629796296446,2808,2,0,0,0,4,4,0.0,0.0,0.0,0.0
1629796297446,2808,2,0,0,0,4,4,0.0,0.0,0.0,0.0
1629796298446,2808,2,0,0,0,4,4,0.0,0.0,0.0,0.0
1629796299446,2808,2,0,0,0,4,4,0.0,0.0,0.0,0.0
1629796300446,2808,2,0,0,0,4,4,0.0,0.0,0.0,0.0
1629796301446,2808,2,0,0,0,4,4,0.0,0.0,0.0,0.0
1629796302446,2808,2,0,0,0,4,4,0.0,0.0,0.0,0.0
1629796303446,2808,2,0,0,0,4,4,0.0,0.0,0.0,0.0
1629796304446,2808,2,0,0,0,4,4,0.0,0.0,0.0,0.0
1629796305446,2808,2,0,0,0,4,4,0.0,0.0,0.0,0.0
1629796306446,2808,2,0,0,0,4,4,0.0,0.0,0.0,0.0
1629796307446,2808,2,0,0,0,4,4,0.0,0.0,0.0,0.0
1629796308446,2808,2,0,0,0,4,4,0.0,0.0,0.0,0.0
1629796309446,2808,2,0,0,0,4,4,0.0,0.0,0.0,0.0
1629796310446,2808,2,0,0,0,4,4,0.0,0.0,0.0,0.0
1629796311446,2808,2,0,0,0,4,4,0.0,0.0,0.0,0.0
1629796312446,2808,2,0,0,0,4,4,0.0,0.0,0.0,0.0
1629796313446,2808,2,0,0,0,4,4,0.0,0.0,0.0,0.0
1629796314446,2808,2,0,0,0,4,4,0.0,0.0,0.0,0.0
1629796315446,2808,2,0,0,0,4,4,0.0,0.0,0.0,0.0
1629796316446,2808,2,0,0,0,4,4,0.0,0.0,0.0,0.0
1629796317446,2808,2,0,0,0,4,4,0.0,0.0,0.0,0.0
1629796318446,2808,2,0,0,0,4,4,0.0,0.0,0.0,0.0
1629796319446,2808,2,0,0,0,4,4,0.0,0.0,0.0,0.0
1629796320446,2808,2,0,0,0,4,4,0.0,0.0,0.0,0.0
1629796321446,2808,2,0,0,0,4,4,0.0,0.0,0.0,0.0
1629796322446,2808,2,0,0,0,4,4,0.0,0.0,0.0,0.0
1629796323446,2808,2,0,0,0,4,4,0.0,0.0,0.0,0.0
1629796324446,2808,2,0,0,0,4,4,0.0,0.0,0.0,0.0
1629796325446,2808,2,0,0,0,4,4,0.0,0.0,0.0,0.0
1629796326446,2808,2,0,0,0,4,4,0.0,0.0,0.0,0.0
1629796327446,2808,2,0,0,0,4,4,0.0,0.0,0.0,0.0
1629796328446,2808,2,0,0,0,4,4,0.0,0.0,0.0,0.0
1629796329446,2808,2,0,0,0,4,4,0.0,0.0,0.0,0.0
1629796330446,2808,2,0,0,0,4,4,0.0,0.0,0.0,0.0
1629796331446,2808,2,0,0,0,4,4,0.0,0.0,0.0,0.0
1629796332446,2808,2,0,0,0,4,4,0.0,0.0,0.0,0.0
1629796333446,2808,2,0,0,0,4,4,0.0,0.0,0.0,0.0
1629796334446,2808,2,0,0,0,4,4,0.0,0.0,0.0,0.0
1629796335446,2808,2,0,0,0,4,4,0.0,0.0,0.0,0.0
1629796336446,2808,2,0,0,0,4,4,0.0,0.0,0.0,0.0
1629796337446,2808,2,0,0,0,4,4,0.0,0.0,0.0,0.0
1629796338446,2808,2,0,0,0,4,4,0.0,0.0,0.0,0.0
1629796339446,2808,2,0,0,0,4,4,0.0,0.0,0.0,0.0
1629796340446,2808,2,0,0,0,4,4,0.0,0.0,0.0,0.0
1629796341446,2808,2,0,0,0,4,4,0.0,0.0,0.0,0.0
1629796342446,2808,2,0,0,0,4,4,0.0,0.0,0.0,0.0
1629796343446,2808,2,0,0,0,4,4,0.0,0.0,0.0,0.0
1629796344446,2808,2,0,0,0,4,4,0.0,0.0,0.0,0.0
1629796345446,2808,2,0,0,0,4,4,0.0,0.0,0.0,0.0
1629796346446,2808,2,0,0,0,4,4,0.0,0.0,0.0,0.0
1629796347446,2808,2,0,0,0,4,4,0.0,0.0,0.0,0.0
1629796348446,2808,2,0,0,0,4,4,0.0,0.0,0.0,0.0
1629796349446,2808,2,0,0,0,4,4,0.0,0.0,0.0,0.0
1629796350446,2808,2,0,0,0,4,4,0.0,0.0,0.0,0.0
1629796351446,2808,2,0,0,0,4,4,0.0,0.0,0.0,0.0
1629796352446,2808,2,0,0,0,4,4,0.0,0.0,0.0,0.0
1629796353446,2808,2,0,0,0,4,4,0.0,0.0,0.0,0.0
1629796354446,2808,2,0,0,0,4,4,0.0,0.0,0.0,0.0
1629796355446,2808,2,0,0,0,4,4,0.0,0.0,0.0,0.0
1629796356446,2808,2,0,0,0,4,4,0.0,0.0,0.0,0.0
1629796357446,2808,2,0,0,0,4,4,0.0,0.0,0.0,0.0
1629796358446,2808,2,0,0,0,4,4,0.0,0.0,0.0,0.0
1629796359446,2808,2,0,0,0,4,4,0.0,0.0,0.0,0.0
1629796360446,2808,2,0,0,0,4,4,0.0,0.0,0.0,0.0
1629796361446,2808,2,0,0,0,4,4,0.0,0.0,0.0,0.0
1629796362446,2808,2,0,0,0,4,4,0.0,0.0,0.0,0.0
1629796363446,2808,2,0,0,0,4,4,0.0,0.0,0.0,0.0
1629796364446,2808,2,0,0,0,4,4,0.0,0.0,0.0,0.0
1629796365446,2808,2,0,0,0,4,4,0.0,0.0,0.0,0.0
1629796366446,2808,2,0,0,0,4,4,0.0,0.0,0.0,0.0
1629796367446,2808,2,0,0,0,4,4,0.0,0.0,0.0,0.0
1629796368446,2808,2,0,0,0,4,4,0.0,0.0,0.0,0.0
1629796369446,2808,2,0,0,0,4,4,0.0,0.0,0.0,0.0
1629796370446,2808,2,0,0,0,4,4,0.0,0.0,0.0,0.0
1629796371446,2808,2,0,0,0,4,4,0.0,0.0,0.0,0.0
1629796372446,2808,2,0,0,0,4,4,0.0,0.0,0.0,0.0
1629796373446,2808,2,0,0,0,4,4,0.0,0.0,0.0,0.0
1629796374446,2808,2,0,0,0,4,4,0.0,0.0,0.0,0.0
1629796375446,2808,2,0,0,0,4,4,0.0,0.0,0.0,0.0
1629796376446,2808,2,0,0,0,4,4,0.0,0.0,0.0,0.0
1629796377446,2808,2,0,0,0,4,4,0.0,0.0,0.0,0.0
1629796378446,2808,2,0,0,0,4,4,0.0,0.0,0.0,0.0
1629796379446,2808,2,0,0,0,4,4,0.0,0.0,0.0,0.0
1629796380446,2808,2,0,0,0,4,4,0.0,0.0,0.0,0.0
1629796381446,2808,2,0,0,0,4,4,0.0,0.0,0.0,0.0
1629796382446,2808,2,0,0,0,4,4,0.0,0.0,0.0,0.0
1629796383446,2808,2,0,0,0,4,4,0.0,0.0,0.0,0.0
1629796384446,2808,2,0,0,0,4,4,0.0,0.0,0.0,0.0
1629796385446,2808,2,0,0,0,4,4,0.0,0.0,0.0,0.0
1629796386446,2808,2,0,0,0,4,4,0.0,0.0,0.0,0.0
1629796387446,2808,2,0,0,0,4,4,0.0,0.0,0.0,0.0
1629796388446,2808,2,0,0,0,4,4,0.0,0.0,0.0,0.0
1629796389446,2808,2,0,0,0,4,4,0.0,0.0,0.0,0.0
1629796390446,2808,2,0,0,0,4,4,0.0,0.0,0.0,0.0
1629796391446,2808,2,0,0,0,4,4,0.0,0.0,0.0,0.0
1629796392446,2808,2,0,0,0,4,4,0.0,0.0,0.0,0.0
1629796393446,2808,2,0,0,0,4,4,0.0,0.0,0.0,0.0
1629796394446,2808,2,0,0,0,4,4,0.0,0.0,0.0,0.0
1629796395446,2808,2,0,0,0,4,4,0.0,0.0,0.0,0.0
1629796396446,2808,2,0,0,0,4,4,0.0,0.0,0.0,0.0
1629796397446,2808,2,0,0,0,4,4,0.0,0.0,0.0,0.0
1629796398446,2808,2,0,0,0,4,4,0.0,0.0,0.0,0.0
1629796399446,2808,2,0,0,0,4,4,0.0,0.0,0.0,0.0
1629796400446,2808,2,0,0,0,4,4,0.0,0.0,0.0,0.0
1629796401446,2808,2,0,0,0,4,4,0.0,0.0,0.0,0.0
1629796402446,2808,2,0,0,0,4,4,0.0,0.0,0.0,0.0
1629796403446,2808,2,0,0,0,4,4,0.0,0.0,0.0,0.0
1629796404446,2808,2,0,0,0,4,4,0.0,0.0,0.0,0.0
1629796405446,2808,2,0,0,0,4,4,0.0,0.0,0.0,0.0
1629796406446,2808,2,0,0,0,4,4,0.0,0.0,0.0,0.0
1629796407446,2808,2,0,0,0,4,4,0.0,0.0,0.0,0.0
1629796408446,2808,2,0,0,0,4,4,0.0,0.0,0.0,0.0
1629796409446,2808,2,0,0,0,4,4,0.0,0.0,0.0,0.0
1629796410446,2808,2,0,0,0,4,4,0.0,0.0,0.0,0.0
1629796411446,2808,2,0,0,0,4,4,0.0,0.0,0.0,0.0
1629796412446,2808,2,0,0,0,4,4,0.0,0.0,0.0,0.0
1629796413446,2808,2,0,0,0,4,4,0.0,0.0,0.0,0.0
1629796414446,2808,2,0,0,0,4,4,0.0,0.0,0.0,0.0
1629796415446,2808,2,0,0,0,4,4,0.0,0.0,0.0,0.0
1629796416446,2808,2,0,0,0,4,4,0.0,0.0,0.0,0.0
1629796417446,2808,2,0,0,0,4,4,0.0,0.0,0.0,0.0
1629796418446,2808,2,0,0,0,4,4,0.0,0.0,0.0,0.0
1629796419446,2808,2,0,0,0,4,4,0.0,0.0,0.0,0.0
1629796420446,2808,2,0,0,0,4,4,0.0,0.0,0.0,0.0
1629796421446,2808,2,0,0,0,4,4,0.0,0.0,0.0,0.0
1629796422446,2808,2,0,0,0,4,4,0.0,0.0,0.0,0.0
1629796423446,2808,2,0,0,0,4,4,0.0,0.0,0.0,0.0
1629796424446,2808,2,0,0,0,4,4,0.0,0.0,0.0,0.0
1629796425446,2808,2,0,0,0,4,4,0.0,0.0,0.0,0.0
1629796426446,2808,2,0,0,0,4,4,0.0,0.0,0.0,0.0
1629796427446,2808,2,0,0,0,4,4,0.0,0.0,0.0,0.0
1629796428446,2808,2,0,0,0,4,4,0.0,0.0,0.0,0.0
1629796429446,2808,2,0,0,0,4,4,0.0,0.0,0.0,0.0
1629796430446,2808,2,0,0,0,4,4,0.0,0.0,0.0,0.0
1629796431446,2808,2,0,0,0,4,4,0.0,0.0,0.0,0.0
1629796432446,2808,2,0,0,0,4,4,0.0,0.0,0.0,0.0
1629796433446,2808,2,0,0,0,4,4,0.0,0.0,0.0,0.0
1629796434446,2808,2,0,0,0,4,4,0.0,0.0,0.0,0.0
1629796435446,2808,2,0,0,0,4,4,0.0,0.0,0.0,0.0
1629796436446,2808,2,0,0,0,4,4,0.0,0.0,0.0,0.0
1629796437446,2808,2,0,0,0,4,4,0.0,0.0,0.0,0.0
1629796438446,2808,2,0,0,0,4,4,0.0,0.0,0.0,0.0
1629796439446,2808,2,0,0,0,4,4,0.0,0.0,0.0,0.0
1629796440446,2808,2,0,0,0,4,4,0.0,0.0,0.0,0.0
1629796441446,2808,2,0,0,0,4,4,0.0,0.0,0.0,0.0
1629796442446,2808,2,0,0,0,4,4,0.0,0.0,0.0,0.0
1629796443446,2808,2,0,0,0,4,4,0.0,0.0,0.0,0.0
1629796444446,2808,2,0,0,0,4,4,0.0,0.0,0.0,0.0
1629796445446,2808,2,0,0,0,4,4,0.0,0.0,0.0,0.0
1629796446446,2808,2,0,0,0,4,4,0.0,0.0,0.0,0.0
1629796447446,2808,2,0,0,0,4,4,0.0,0.0,0.0,0.0
1629796448446,2808,2,0,0,0,4,4,0.0,0.0,0.0,0.0
1629796449446,2808,2,0,0,0,4,4,0.0,0.0,0.0,0.0
1629796450446,2808,2,0,0,0,4,4,0.0,0.0,0.0,0.0
1629796451446,2808,2,0,0,0,4,4,0.0,0.0,0.0,0.0
1629796452446,2808,2,0,0,0,4,4,0.0,0.0,0.0,0.0
1629796453446,2808,2,0,0,0,4,4,0.0,0.0,0.0,0.0
1629796454446,2808,2,0,0,0,4,4,0.0,0.0,0.0,0.0
1629796455446,2808,2,0,0,0,4,4,0.0,0.0,0.0,0.0
1629796456446,2808,2,0,0,0,4,4,0.0,0.0,0.0,0.0
1629796457446,2808,2,0,0,0,4,4,0.0,0.0,0.0,0.0
1629796458446,2808,2,0,0,0,4,4,0.0,0.0,0.0,0.0
1629796459446,2808,2,0,0,0,4,4,0.0,0.0,0.0,0.0
1629796460446,2808,2,0,0,0,4,4,0.0,0.0,0.0,0.0
1629796461446,2808,2,0,0,0,4,4,0.0,0.0,0.0,0.0
1629796462446,2808,2,0,0,0,4,4,0.0,0.0,0.0,0.0
1629796463446,2808,2,0,0,0,4,4,0.0,0.0,0.0,0.0
1629796464446,2808,2,0,0,0,4,4,0.0,0.0,0.0,0.0
1629796465446,2808,2,0,0,0,4,4,0.0,0.0,0.0,0.0
1629796466446,2808,2,0,0,0,4,4,0.0,0.0,0.0,0.0
1629796467446,2808,2,0,0,0,4,4,0.0,0.0,0.0,0.0
1629796468446,2808,2,0,0,0,4,4,0.0,0.0,0.0,0.0
1629796469446,2808,2,0,0,0,4,4,0.0,0.0,0.0,0.0
1629796470446,2808,2,0,0,0,4,4,0.0,0.0,0.0,0.0
1629796471446,2808,2,0,0,0,4,4,0.0,0.0,0.0,0.0
1629796472446,2808,2,0,0,0,4,4,0.0,0.0,0.0,0.0
1629796473446,2808,2,0,0,0,4,4,0.0,0.0,0.0,0.0
1629796474446,2808,2,0,0,0,4,4,0.0,0.0,0.0,0.0
1629796475446,2808,2,0,0,0,4,4,0.0,0.0,0.0,0.0
1629796476446,2808,2,0,0,0,4,4,0.0,0.0,0.0,0.0
1629796477446,2808,2,0,0,0,4,4,0.0,0.0,0.0,0.0
1629796478446,2808,2,0,0,0,4,4,0.0,0.0,0.0,0.0
1629796479446,2808,2,0,0,0,4,4,0.0,0.0,0.0,0.0
1629796480446,2808,2,0,0,0,4,4,0.0,0.0,0.0,0.0
1629796481446,2808,2,0,0,0,4,4,0.0,0.0,0.0,0.0
1629796482446,2808,2,0,0,0,4,4,0.0,0.0,0.0,0.0
1629796483446,2808,2,0,0,0,4,4,0.0,0.0,0.0,0.0
1629796484446,2808,2,0,0,0,4,4,0.0,0.0,0.0,0.0
1629796485446,2808,2,0,0,0,4,4,0.0,0.0,0.0,0.0
1629796486446,2808,2,0,0,0,4,4,0.0,0.0,0.0,0.0
1629796487446,2808,2,0,0,0,4,4,0.0,0.0,0.0,0.0
1629796488446,2808,2,0,0,0,4,4,0.0,0.0,0.0,0.0
1629796489446,2808,2,0,0,0,4,4,0.0,0.0,0.0,0.0
1629796490446,2808,2,0,0,0,4,4,0.0,0.0,0.0,0.0
1629796491446,2808,2,0,0,0,4,4,0.0,0.0,0.0,0.0
1629796492446,2808,2,0,0,0,4,4,0.0,0.0,0.0,0.0
1629796493446,2808,2,0,0,0,4,4,0.0,0.0,0.0,0.0
1629796494446,2808,2,0,0,0,4,4,0.0,0.0,0.0,0.0
1629796495446,2808,2,0,0,0,4,4,0.0,0.0,0.0,0.0
1629796496446,2808,2,0,0,0,4,4,0.0,0.0,0.0,0.0
1629796497446,2808,2,0,0,0,4,4,0.0,0.0,0.0,0.0
1629796498446,2808,2,0,0,0,4,4,0.0,0.0,0.0,0.0
1629796499446,2808,2,0,0,0,4,4,0.0,0.0,0.0,0.0
1629796500446,2808,2,0,0,0,4,4,0.0,0.0,0.0,0.0
1629796501446,2808,2,0,0,0,4,4,0.0,0.0,0.0,0.0
1629796502446,2808,2,0,0,0,4,4,0.0,0.0,0.0,0.0
1629796503446,2808,2,0,0,0,4,4,0.0,0.0,0.0,0.0
1629796504446,2808,2,0,0,0,4,4,0.0,0.0,0.0,0.0
1629796505446,2808,2,0,0,0,4,4,0.0,0.0,0.0,0.0
1629796506446,2808,2,0,0,0,4,4,0.0,0.0,0.0,0.0
1629796507446,2808,2,0,0,0,4,4,0.0,0.0,0.0,0.0
1629796508446,2808,2,0,0,0,4,4,0.0,0.0,0.0,0.0
1629796509446,2808,2,0,0,0,4,4,0.0,0.0,0.0,0.0
1629796510446,2808,2,0,0,0,4,4,0.0,0.0,0.0,0.0
1629796511446,2808,2,0,0,0,4,4,0.0,0.0,0.0,0.0
1629796512446,2808,2,0,0,0,4,4,0.0,0.0,0.0,0.0
1629796513446,2808,2,0,0,0,4,4,0.0,0.0,0.0,0.0
1629796514446,2808,2,0,0,0,4,4,0.0,0.0,0.0,0.0
1629796515446,2808,2,0,0,0,4,4,0.0,0.0,0.0,0.0
1629796516446,2808,2,0,0,0,4,4,0.0,0.0,0.0,0.0
1629796517446,2808,2,0,0,0,4,4,0.0,0.0,0.0,0.0
1629796518446,2808,2,0,0,0,4,4,0.0,0.0,0.0,0.0
1629796519446,2808,2,0,0,0,4,4,0.0,0.0,0.0,0.0
1629796520446,2808,2,0,0,0,4,4,0.0,0.0,0.0,0.0
1629796521446,2808,2,0,0,0,4,4,0.0,0.0,0.0,0.0
1629796522446,2808,2,0,0,0,4,4,0.0,0.0,0.0,0.0
1629796523446,2808,2,0,0,0,4,4,0.0,0.0,0.0,0.0
1629796524446,2808,2,0,0,0,4,4,0.0,0.0,0.0,0.0
1629796525446,2808,2,0,0,0,4,4,0.0,0.0,0.0,0.0
1629796526446,2808,2,0,0,0,4,4,0.0,0.0,0.0,0.0
1629796527446,2808,2,0,0,0,4,4,0.0,0.0,0.0,0.0
1629796528446,2808,2,0,0,0,4,4,0.0,0.0,0.0,0.0
1629796529446,2808,2,0,0,0,4,4,0.0,0.0,0.0,0.0
1629796530446,2808,2,0,0,0,4,4,0.0,0.0,0.0,0.0
1629796531446,2808,2,0,0,0,4,4,0.0,0.0,0.0,0.0
1629796532446,2808,2,0,0,0,4,4,0.0,0.0,0.0,0.0
1629796533446,2808,2,0,0,0,4,4,0.0,0.0,0.0,0.0
1629796534446,2808,2,0,0,0,4,4,0.0,0.0,0.0,0.0
1629796535446,2808,2,0,0,0,4,4,0.0,0.0,0.0,0.0
1629796536446,2808,2,0,0,0,4,4,0.0,0.0,0.0,0.0
1629796537446,2808,2,0,0,0,4,4,0.0,0.0,0.0,0.0
1629796538446,2808,2,0,0,0,4,4,0.0,0.0,0.0,0.0
1629796539446,2808,2,0,0,0,4,4,0.0,0.0,0.0,0.0
1629796540446,2808,2,0,0,0,4,4,0.0,0.0,0.0,0.0
1629796541446,2808,2,0,0,0,4,4,0.0,0.0,0.0,0.0
1629796542446,2808,2,0,0,0,4,4,0.0,0.0,0.0,0.0
1629796543446,2808,2,0,0,0,4,4,0.0,0.0,0.0,0.0
1629796544446,2808,2,0,0,0,4,4,0.0,0.0,0.0,0.0
1629796545446,2808,2,0,0,0,4,4,0.0,0.0,0.0,0.0
1629796546446,2808,2,0,0,0,4,4,0.0,0.0,0.0,0.0
1629796547446,2808,2,0,0,0,4,4,0.0,0.0,0.0,0.0
1629796548446,2808,2,0,0,0,4,4,0.0,0.0,0.0,0.0
1629796549446,2808,2,0,0,0,4,4,0.0,0.0,0.0,0.0
1629796550446,2808,2,0,0,0,4,4,0.0,0.0,0.0,0.0
1629796551446,2808,2,0,0,0,4,4,0.0,0.0,0.0,0.0
1629796552446,2808,2,0,0,0,4,4,0.0,0.0,0.0,0.0
1629796553446,2808,2,0,0,0,4,4,0.0,0.0,0.0,0.0
1629796554446,2808,2,0,0,0,4,4,0.0,0.0,0.0,0.0
1629796555446,2808,2,0,0,0,4,4,0.0,0.0,0.0,0.0
1629796556446,2808,2,0,0,0,4,4,0.0,0.0,0.0,0.0
1629796557446,2808,2,0,0,0,4,4,0.0,0.0,0.0,0.0
1629796558446,2808,2,0,0,0,4,4,0.0,0.0,0.0,0.0
1629796559446,2808,2,0,0,0,4,4,0.0,0.0,0.0,0.0
1629796560446,2808,2,0,0,0,4,4,0.0,0.0,0.0,0.0
1629796561446,2808,2,0,0,0,4,4,0.0,0.0,0.0,0.0
1629796562446,2808,2,0,0,0,4,4,0.0,0.0,0.0,0.0
1629796563446,2808,2,0,0,0,4,4,0.0,0.0,0.0,0.0
1629796564446,2808,2,0,0,0,4,4,0.0,0.0,0.0,0.0
1629796565446,2808,2,0,0,0,4,4,0.0,0.0,0.0,0.0
1629796566446,2808,2,0,0,0,4,4,0.0,0.0,0.0,0.0
1629796567446,2808,2,0,0,0,4,4,0.0,0.0,0.0,0.0
1629796568446,2808,2,0,0,0,4,4,0.0,0.0,0.0,0.0
1629796569446,2808,2,0,0,0,4,4,0.0,0.0,0.0,0.0
1629796570446,2808,2,0,0,0,4,4,0.0,0.0,0.0,0.0
1629796571446,2808,2,0,0,0,4,4,0.0,0.0,0.0,0.0
1629796572446,2808,2,0,0,0,4,4,0.0,0.0,0.0,0.0
1629796573446,2808,2,0,0,0,4,4,0.0,0.0,0.0,0.0
1629796574446,2808,2,0,0,0,4,4,0.0,0.0,0.0,0.0
1629796575446,2808,2,0,0,0,4,4,0.0,0.0,0.0,0.0
1629796576446,2808,2,0,0,0,4,4,0.0,0.0,0.0,0.0
1629796577446,2808,2,0,0,0,4,4,0.0,0.0,0.0,0.0
1629796578446,2808,2,0,0,0,4,4,0.0,0.0,0.0,0.0
1629796579446,2808,2,0,0,0,4,4,0.0,0.0,0.0,0.0
1629796580446,2808,2,0,0,0,4,4,0.0,0.0,0.0,0.0
1629796581446,2808,2,0,0,0,4,4,0.0,0.0,0.0,0.0
1629796582446,2808,2,0,0,0,4,4,0.0,0.0,0.0,0.0
1629796583446,2808,2,0,0,0,4,4,0.0,0.0,0.0,0.0
1629796584446,2808,2,0,0,0,4,4,0.0,0.0,0.0,0.0
1629796585446,2808,2,0,0,0,4,4,0.0,0.0,0.0,0.0
1629796586446,2808,2,0,0,0,4,4,0.0,0.0,0.0,0.0
1629796587446,2808,2,0,0,0,4,4,0.0,0.0,0.0,0.0
1629796588446,2808,2,0,0,0,4,4,0.0,0.0,0.0,0.0
1629796589446,2808,2,0,0,0,4,4,0.0,0.0,0.0,0.0
1629796590446,2808,2,0,0,0,4,4,0.0,0.0,0.0,0.0
1629796591446,2808,2,0,0,0,4,4,0.0,0.0,0.0,0.0
1629796592446,2808,2,0,0,0,4,4,0.0,0.0,0.0,0.0
1629796593446,2808,2,0,0,0,4,4,0.0,0.0,0.0,0.0
1629796594446,2808,2,0,0,0,4,4,0.0,0.0,0.0,0.0
1629796595446,2808,2,0,0,0,4,4,0.0,0.0,0.0,0.0
1629796596446,2808,2,0,0,0,4,4,0.0,0.0,0.0,0.0
1629796597446,2808,2,0,0,0,4,4,0.0,0.0,0.0,0.0
1629796598446,2808,2,0,0,0,4,4,0.0,0.0,0.0,0.0
1629796599446,2808,2,0,0,0,4,4,0.0,0.0,0.0,0.0
1629796600446,2808,2,0,0,0,4,4,0.0,0.0,0.0,0.0
1629796601446,2808,2,0,0,0,4,4,0.0,0.0,0.0,0.0
1629796602446,2808,2,0,0,0,4,4,0.0,0.0,0.0,0.0
1629796603446,2808,2,0,0,0,4,4,0.0,0.0,0.0,0.0
1629796604446,2808,2,0,0,0,4,4,0.0,0.0,0.0,0.0
1629796605446,2808,2,0,0,0,4,4,0.0,0.0,0.0,0.0
1629796606446,2808,2,0,0,0,4,4,0.0,0.0,0.0,0.0
1629796607446,2808,2,0,0,0,4,4,0.0,0.0,0.0,0.0
1629796608446,2808,2,0,0,0,4,4,0.0,0.0,0.0,0.0
1629796609446,2808,2,0,0,0,4,4,0.0,0.0,0.0,0.0
1629796610446,2808,2,0,0,0,4,4,0.0,0.0,0.0,0.0
1629796611446,2808,2,0,0,0,4,4,0.0,0.0,0.0,0.0
1629796612446,2808,2,0,0,0,4,4,0.0,0.0,0.0,0.0
1629796613446,2808,2,0,0,0,4,4,0.0,0.0,0.0,0.0
1629796614446,2808,2,0,0,0,4,4,0.0,0.0,0.0,0.0
1629796615446,2808,2,0,0,0,4,4,0.0,0.0,0.0,0.0
1629796616446,2808,2,0,0,0,4,4,0.0,0.0,0.0,0.0
1629796617446,2808,2,0,0,0,4,4,0.0,0.0,0.0,0.0
1629796618446,2808,2,0,0,0,4,4,0.0,0.0,0.0,0.0
1629796619446,2808,2,0,0,0,4,4,0.0,0.0,0.0,0.0
1629796620446,2808,2,0,0,0,4,4,0.0,0.0,0.0,0.0
1629796621446,2808,2,0,0,0,4,4,0.0,0.0,0.0,0.0
1629796622446,2808,2,0,0,0,4,4,0.0,0.0,0.0,0.0
1629796623446,2808,2,0,0,0,4,4,0.0,0.0,0.0,0.0
1629796624446,2808,2,0,0,0,4,4,0.0,0.0,0.0,0.0
1629796625446,2808,2,0,0,0,4,4,0.0,0.0,0.0,0.0
1629796626446,2808,2,0,0,0,4,4,0.0,0.0,0.0,0.0
1629796627446,2808,2,0,0,0,4,4,0.0,0.0,0.0,0.0
1629796628446,2808,2,0,0,0,4,4,0.0,0.0,0.0,0.0
1629796629446,2808,2,0,0,0,4,4,0.0,0.0,0.0,0.0
1629796630446,2808,2,0,0,0,4,4,0.0,0.0,0.0,0.0
1629796631446,2808,2,0,0,0,4,4,0.0,0.0,0.0,0.0
1629796632446,2808,2,0,0,0,4,4,0.0,0.0,0.0,0.0
1629796633446,2808,2,0,0,0,4,4,0.0,0.0,0.0,0.0
1629796634446,2808,2,0,0,0,4,4,0.0,0.0,0.0,0.0
1629796635446,2808,2,0,0,0,4,4,0.0,0.0,0.0,0.0
1629796636446,2808,2,0,0,0,4,4,0.0,0.0,0.0,0.0
1629796637446,2808,2,0,0,0,4,4,0.0,0.0,0.0,0.0
1629796638446,2808,2,0,0,0,4,4,0.0,0.0,0.0,0.0
1629796639446,2808,2,0,0,0,4,4,0.0,0.0,0.0,0.0
1629796640446,2808,2,0,0,0,4,4,0.0,0.0,0.0,0.0
1629796641446,2808,2,0,0,0,4,4,0.0,0.0,0.0,0.0
1629796642446,2808,2,0,0,0,4,4,0.0,0.0,0.0,0.0
1629796643446,2808,2,0,0,0,4,4,0.0,0.0,0.0,0.0
1629796644446,2808,2,0,0,0,4,4,0.0,0.0,0.0,0.0
1629796645446,2808,2,0,0,0,4,4,0.0,0.0,0.0,0.0
1629796646446,2808,2,0,0,0,4,4,0.0,0.0,0.0,0.0
1629796647446,2808,2,0,0,0,4,4,0.0,0.0,0.0,0.0
1629796648446,2808,2,0,0,0,4,4,0.0,0.0,0.0,0.0
1629796649446,2808,2,0,0,0,4,4,0.0,0.0,0.0,0.0
1629796650446,2808,2,0,0,0,4,4,0.0,0.0,0.0,0.0
1629796651446,2808,2,0,0,0,4,4,0.0,0.0,0.0,0.0
1629796652446,2808,2,0,0,0,4,4,0.0,0.0,0.0,0.0
1629796653446,2808,2,0,0,0,4,4,0.0,0.0,0.0,0.0
1629796654446,2808,2,0,0,0,4,4,0.0,0.0,0.0,0.0
1629796655446,2808,2,0,0,0,4,4,0.0,0.0,0.0,0.0
1629796656446,2808,2,0,0,0,4,4,0.0,0.0,0.0,0.0
1629796657446,2808,2,0,0,0,4,4,0.0,0.0,0.0,0.0
1629796658446,2808,2,0,0,0,4,4,0.0,0.0,0.0,0.0
1629796659446,2808,2,0,0,0,4,4,0.0,0.0,0.0,0.0
1629796660446,2808,2,0,0,0,4,4,0.0,0.0,0.0,0.0
1629796661446,2808,2,0,0,0,4,4,0.0,0.0,0.0,0.0
1629796662446,2808,2,0,0,0,4,4,0.0,0.0,0.0,0.0
1629796663446,2808,2,0,0,0,4,4,0.0,0.0,0.0,0.0
1629796664446,2808,2,0,0,0,4,4,0.0,0.0,0.0,0.0
1629796665446,2808,2,0,0,0,4,4,0.0,0.0,0.0,0.0
1629796666446,2808,2,0,0,0,4,4,0.0,0.0,0.0,0.0
1629796667446,2808,2,0,0,0,4,4,0.0,0.0,0.0,0.0
1629796668446,2808,2,0,0,0,4,4,0.0,0.0,0.0,0.0
1629796669446,2808,2,0,0,0,4,4,0.0,0.0,0.0,0.0
1629796670446,2808,2,0,0,0,4,4,0.0,0.0,0.0,0.0
1629796671446,2808,2,0,0,0,4,4,0.0,0.0,0.0,0.0
1629796672446,2808,2,0,0,0,4,4,0.0,0.0,0.0,0.0
1629796673446,2808,2,0,0,0,4,4,0.0,0.0,0.0,0.0
1629796674446,2808,2,0,0,0,4,4,0.0,0.0,0.0,0.0
1629796675446,2808,2,0,0,0,4,4,0.0,0.0,0.0,0.0
1629796676446,2808,2,0,0,0,4,4,0.0,0.0,0.0,0.0
1629796677446,2808,2,0,0,0,4,4,0.0,0.0,0.0,0.0
1629796678446,2808,2,0,0,0,4,4,0.0,0.0,0.0,0.0
1629796679446,2808,2,0,0,0,4,4,0.0,0.0,0.0,0.0
1629796680446,2808,2,0,0,0,4,4,0.0,0.0,0.0,0.0
1629796681446,2808,2,0,0,0,4,4,0.0,0.0,0.0,0.0
1629796682446,2808,2,0,0,0,4,4,0.0,0.0,0.0,0.0
1629796683446,2808,2,0,0,0,4,4,0.0,0.0,0.0,0.0
1629796684446,2808,2,0,0,0,4,4,0.0,0.0,0.0,0.0
1629796685446,2808,2,0,0,0,4,4,0.0,0.0,0.0,0.0
1629796686446,2808,2,0,0,0,4,4,0.0,0.0,0.0,0.0
1629796687446,2808,2,0,0,0,4,4,0.0,0.0,0.0,0.0
1629796688446,2808,2,0,0,0,4,4,0.0,0.0,0.0,0.0
1629796689446,2808,2,0,0,0,4,4,0.0,0.0,0.0,0.0
1629796690446,2808,2,0,0,0,4,4,0.0,0.0,0.0,0.0
1629796691446,2808,2,0,0,0,4,4,0.0,0.0,0.0,0.0
1629796692446,2808,2,0,0,0,4,4,0.0,0.0,0.0,0.0
1629796693446,2808,2,0,0,0,4,4,0.0,0.0,0.0,0.0
1629796694446,2808,2,0,0,0,4,4,0.0,0.0,0.0,0.0
1629796695446,2808,2,0,0,0,4,4,0.0,0.0,0.0,0.0
1629796696446,2808,2,0,0,0,4,4,0.0,0.0,0.0,0.0
1629796697446,2808,2,0,0,0,4,4,0.0,0.0,0.0,0.0
1629796698446,2808,2,0,0,0,4,4,0.0,0.0,0.0,0.0
1629796699446,2808,2,0,0,0,4,4,0.0,0.0,0.0,0.0
1629796700446,2808,2,0,0,0,4,4,0.0,0.0,0.0,0.0
1629796701446,2808,2,0,0,0,4,4,0.0,0.0,0.0,0.0
1629796702446,2808,2,0,0,0,4,4,0.0,0.0,0.0,0.0
1629796703446,2808,2,0,0,0,4,4,0.0,0.0,0.0,0.0
1629796704446,2808,2,0,0,0,4,4,0.0,0.0,0.0,0.0
1629796705446,2808,2,0,0,0,4,4,0.0,0.0,0.0,0.0
1629796706446,2808,2,0,0,0,4,4,0.0,0.0,0.0,0.0
1629796707446,2808,2,0,0,0,4,4,0.0,0.0,0.0,0.0
1629796708446,2808,2,0,0,0,4,4,0.0,0.0,0.0,0.0
1629796709446,2808,2,0,0,0,4,4,0.0,0.0,0.0,0.0
1629796710446,2808,2,0,0,0,4,4,0.0,0.0,0.0,0.0
1629796711446,2808,2,0,0,0,4,4,0.0,0.0,0.0,0.0
1629796712446,2808,2,0,0,0,4,4,0.0,0.0,0.0,0.0
1629796713446,2808,2,0,0,0,4,4,0.0,0.0,0.0,0.0
1629796714446,2808,2,0,0,0,4,4,0.0,0.0,0.0,0.0
1629796715446,2808,2,0,0,0,4,4,0.0,0.0,0.0,0.0
1629796716446,2808,2,0,0,0,4,4,0.0,0.0,0.0,0.0
1629796717446,2808,2,0,0,0,4,4,0.0,0.0,0.0,0.0
1629796718446,2808,2,0,0,0,4,4,0.0,0.0,0.0,0.0
1629796719446,2808,2,0,0,0,4,4,0.0,0.0,0.0,0.0
1629796720446,2808,2,0,0,0,4,4,0.0,0.0,0.0,0.0
1629796721446,2808,2,0,0,0,4,4,0.0,0.0,0.0,0.0
1629796722446,2808,2,0,0,0,4,4,0.0,0.0,0.0,0.0
1629796723446,2808,2,0,0,0,4,4,0.0,0.0,0.0,0.0
1629796724446,2808,2,0,0,0,4,4,0.0,0.0,0.0,0.0
1629796725446,2808,2,0,0,0,4,4,0.0,0.0,0.0,0.0
1629796726446,2808,2,0,0,0,4,4,0.0,0.0,0.0,0.0
1629796727446,2808,2,0,0,0,4,4,0.0,0.0,0.0,0.0
1629796728446,2808,2,0,0,0,4,4,0.0,0.0,0.0,0.0
1629796729446,2808,2,0,0,0,4,4,0.0,0.0,0.0,0.0
1629796730446,2808,2,0,0,0,4,4,0.0,0.0,0.0,0.0
1629796731446,2808,2,0,0,0,4,4,0.0,0.0,0.0,0.0
1629796732446,2808,2,0,0,0,4,4,0.0,0.0,0.0,0.0
1629796733446,2808,2,0,0,0,4,4,0.0,0.0,0.0,0.0
1629796734446,2808,2,0,0,0,4,4,0.0,0.0,0.0,0.0
1629796735446,2808,2,0,0,0,4,4,0.0,0.0,0.0,0.0
1629796736446,2808,2,0,0,0,4,4,0.0,0.0,0.0,0.0
1629796737446,2808,2,0,0,0,4,4,0.0,0.0,0.0,0.0
1629796738446,2808,2,0,0,0,4,4,0.0,0.0,0.0,0.0
1629796739446,2808,2,0,0,0,4,4,0.0,0.0,0.0,0.0
1629796740446,2808,2,0,0,0,4,4,0.0,0.0,0.0,0.0
1629796741446,2808,2,0,0,0,4,4,0.0,0.0,0.0,0.0
1629796742446,2808,2,0,0,0,4,4,0.0,0.0,0.0,0.0
1629796743446,2808,2,0,0,0,4,4,0.0,0.0,0.0,0.0
1629796744446,2808,2,0,0,0,4,4,0.0,0.0,0.0,0.0
1629796745446,2808,2,0,0,0,4,4,0.0,0.0,0.0,0.0
1629796746446,2808,2,0,0,0,4,4,0.0,0.0,0.0,0.0
1629796747446,2808,2,0,0,0,4,4,0.0,0.0,0.0,0.0
1629796748446,2808,2,0,0,0,4,4,0.0,0.0,0.0,0.0
1629796749446,2808,2,0,0,0,4,4,0.0,0.0,0.0,0.0
1629796750446,2808,2,0,0,0,4,4,0.0,0.0,0.0,0.0
1629796751446,2808,2,0,0,0,4,4,0.0,0.0,0.0,0.0
1629796752446,2808,2,0,0,0,4,4,0.0,0.0,0.0,0.0
1629796753446,2808,2,0,0,0,4,4,0.0,0.0,0.0,0.0
1629796754446,2808,2,0,0,0,4,4,0.0,0.0,0.0,0.0
1629796755446,2808,2,0,0,0,4,4,0.0,0.0,0.0,0.0
1629796756446,2808,2,0,0,0,4,4,0.0,0.0,0.0,0.0
1629796757446,2808,2,0,0,0,4,4,0.0,0.0,0.0,0.0
1629796758446,2808,2,0,0,0,4,4,0.0,0.0,0.0,0.0
1629796759446,2808,2,0,0,0,4,4,0.0,0.0,0.0,0.0
1629796760446,2808,2,0,0,0,4,4,0.0,0.0,0.0,0.0
1629796761446,2808,2,0,0,0,4,4,0.0,0.0,0.0,0.0
1629796762446,2808,2,0,0,0,4,4,0.0,0.0,0.0,0.0
1629796763446,2808,2,0,0,0,4,4,0.0,0.0,0.0,0.0
1629796764446,2808,2,0,0,0,4,4,0.0,0.0,0.0,0.0
1629796765446,2808,2,0,0,0,4,4,0.0,0.0,0.0,0.0
1629796766446,2808,2,0,0,0,4,4,0.0,0.0,0.0,0.0
1629796767446,2808,2,0,0,0,4,4,0.0,0.0,0.0,0.0
1629796768446,2808,2,0,0,0,4,4,0.0,0.0,0.0,0.0
1629796769446,2808,2,0,0,0,4,4,0.0,0.0,0.0,0.0
1629796770446,2808,2,0,0,0,4,4,0.0,0.0,0.0,0.0
1629796771446,2808,2,0,0,0,4,4,0.0,0.0,0.0,0.0
1629796772446,2808,2,0,0,0,4,4,0.0,0.0,0.0,0.0
1629796773446,2808,2,0,0,0,4,4,0.0,0.0,0.0,0.0
1629796774446,2808,2,0,0,0,4,4,0.0,0.0,0.0,0.0
1629796775446,2808,2,0,0,0,4,4,0.0,0.0,0.0,0.0
1629796776446,2808,2,0,0,0,4,4,0.0,0.0,0.0,0.0
1629796777446,2808,2,0,0,0,4,4,0.0,0.0,0.0,0.0
1629796778446,2808,2,0,0,0,4,4,0.0,0.0,0.0,0.0
1629796779446,2808,2,0,0,0,4,4,0.0,0.0,0.0,0.0
1629796780446,2808,2,0,0,0,4,4,0.0,0.0,0.0,0.0
1629796781446,2808,2,0,0,0,4,4,0.0,0.0,0.0,0.0
1629796782446,2808,2,0,0,0,4,4,0.0,0.0,0.0,0.0
1629796783446,2808,2,0,0,0,4,4,0.0,0.0,0.0,0.0
1629796784446,2808,2,0,0,0,4,4,0.0,0.0,0.0,0.0
1629796785446,2808,2,0,0,0,4,4,0.0,0.0,0.0,0.0
1629796786446,2808,2,0,0,0,4,4,0.0,0.0,0.0,0.0
1629796787446,2808,2,0,0,0,4,4,0.0,0.0,0.0,0.0
1629796788446,2808,2,0,0,0,4,4,0.0,0.0,0.0,0.0
1629796789446,2808,2,0,0,0,4,4,0.0,0.0,0.0,0.0
1629796790446,2808,2,0,0,0,4,4,0.0,0.0,0.0,0.0
1629796791446,2808,2,0,0,0,4,4,0.0,0.0,0.0,0.0
