timestamp,eda
1630059083750,0.383095
1630059084000,0.384376
1630059084250,0.380532
1630059084500,0.381814
1630059084750,0.351064
1630059085000,0.190907
1630059085250,0.288282
1630059085500,0.386939
1630059085750,0.28572
1630059086000,0.328001
1630059086250,0.274188
1630059086500,0.376689
1630059086750,0.269063
1630059087000,0.399751
1630059087250,0.345939
1630059087500,0.278032
1630059087750,0.39847
1630059088000,0.392064
1630059088250,0.394626
1630059088500,0.393345
1630059088750,0.416408
1630059089000,0.389501
1630059089250,0.38822
1630059089500,0.420251
1630059089750,0.383095
1630059090000,0.312626
1630059090250,0.399751
1630059090500,0.390782
1630059090750,0.389501
1630059091000,0.220376
1630059091250,0.401032
1630059091500,0.394626
1630059091750,0.397189
1630059092000,0.395907
1630059092250,0.392064
1630059092500,0.394626
1630059092750,0.392064
1630059093000,0.393345
1630059093250,0.393345
1630059093500,0.249845
1630059093750,0.393345
1630059094000,0.394626
1630059094250,0.390782
1630059094500,0.389501
1630059094750,0.392064
1630059095000,0.389501
1630059095250,0.38822
1630059095500,0.390782
1630059095750,0.38822
1630059096000,0.38822
1630059096250,0.38822
1630059096500,0.386939
1630059096750,0.385657
1630059097000,0.386939
1630059097250,0.384376
1630059097500,0.385657
1630059097750,0.386939
1630059098000,0.383095
1630059098250,0.385657
1630059098500,0.384376
1630059098750,0.384376
1630059099000,0.386939
1630059099250,0.385657
1630059099500,0.383095
1630059099750,0.385657
1630059100000,0.383095
1630059100250,0.381814
1630059100500,0.384376
1630059100750,0.381814
1630059101000,0.380532
1630059101250,0.383095
1630059101500,0.381814
1630059101750,0.380532
1630059102000,0.383095
1630059102250,0.380532
1630059102500,0.379251
1630059102750,0.381814
1630059103000,0.379251
1630059103250,0.379251
1630059103500,0.380532
1630059103750,0.379251
1630059104000,0.37797
1630059104250,0.37797
1630059104500,0.379251
1630059104750,0.380532
1630059105000,0.383095
1630059105250,0.379251
1630059105500,0.381814
1630059105750,0.381814
1630059106000,0.379251
1630059106250,0.380532
1630059106500,0.381814
1630059106750,0.37797
1630059107000,0.380532
1630059107250,0.380532
1630059107500,0.376689
1630059107750,0.379251
1630059108000,0.37797
1630059108250,0.37797
1630059108500,0.380532
1630059108750,0.379251
1630059109000,0.37797
1630059109250,0.379251
1630059109500,0.37797
1630059109750,0.379251
1630059110000,0.379251
1630059110250,0.376689
1630059110500,0.37797
1630059110750,0.376689
1630059111000,0.375407
1630059111250,0.376689
1630059111500,0.37797
1630059111750,0.376689
1630059112000,0.37797
1630059112250,0.37797
1630059112500,0.376689
1630059112750,0.37797
1630059113000,0.379251
1630059113250,0.374126
1630059113500,0.376689
1630059113750,0.376689
1630059114000,0.374126
1630059114250,0.376689
1630059114500,0.37797
1630059114750,0.375407
1630059115000,0.376689
1630059115250,0.375407
1630059115500,0.372845
1630059115750,0.375407
1630059116000,0.375407
1630059116250,0.372845
1630059116500,0.375407
1630059116750,0.374126
1630059117000,0.374126
1630059117250,0.374126
1630059117500,0.375407
1630059117750,0.374126
1630059118000,0.375407
1630059118250,0.375407
1630059118500,0.374126
1630059118750,0.374126
1630059119000,0.374126
1630059119250,0.371564
1630059119500,0.374126
1630059119750,0.374126
1630059120000,0.371564
1630059120250,0.374126
1630059120500,0.371564
1630059120750,0.371564
1630059121000,0.374126
1630059121250,0.372845
1630059121500,0.371564
1630059121750,0.374126
1630059122000,0.372845
1630059122250,0.371564
1630059122500,0.374126
1630059122750,0.372845
1630059123000,0.371564
1630059123250,0.372845
1630059123500,0.371564
1630059123750,0.370282
1630059124000,0.371564
1630059124250,0.371564
1630059124500,0.370282
1630059124750,0.372845
1630059125000,0.370282
1630059125250,0.369001
1630059125500,0.371564
1630059125750,0.370282
1630059126000,0.370282
1630059126250,0.371564
1630059126500,0.370282
1630059126750,0.369001
1630059127000,0.372845
1630059127250,0.370282
1630059127500,0.369001
1630059127750,0.371564
1630059128000,0.370282
1630059128250,0.369001
1630059128500,0.371564
1630059128750,0.369001
1630059129000,0.370282
1630059129250,0.371564
1630059129500,0.370282
1630059129750,0.369001
1630059130000,0.371564
1630059130250,0.369001
1630059130500,0.369001
1630059130750,0.370282
1630059131000,0.36772
1630059131250,0.36772
1630059131500,0.370282
1630059131750,0.369001
1630059132000,0.369001
1630059132250,0.370282
1630059132500,0.369001
1630059132750,0.369001
1630059133000,0.371564
1630059133250,0.369001
1630059133500,0.372845
1630059133750,0.370282
1630059134000,0.36772
1630059134250,0.370282
1630059134500,0.370282
1630059134750,0.366439
1630059135000,0.370282
1630059135250,0.369001
1630059135500,0.369001
1630059135750,0.369001
1630059136000,0.36772
1630059136250,0.365157
1630059136500,0.36772
1630059136750,0.366439
1630059137000,0.365157
1630059137250,0.365157
1630059137500,0.365157
1630059137750,0.365157
1630059138000,0.36772
1630059138250,0.365157
1630059138500,0.363876
1630059138750,0.366439
1630059139000,0.365157
1630059139250,0.363876
1630059139500,0.366439
1630059139750,0.365157
1630059140000,0.365157
1630059140250,0.36772
1630059140500,0.365157
1630059140750,0.36772
1630059141000,0.369001
1630059141250,0.365157
1630059141500,0.369001
1630059141750,0.369001
1630059142000,0.365157
1630059142250,0.366439
1630059142500,0.36772
1630059142750,0.363876
1630059143000,0.366439
1630059143250,0.366439
1630059143500,0.363876
1630059143750,0.365157
1630059144000,0.365157
1630059144250,0.362595
1630059144500,0.365157
1630059144750,0.365157
1630059145000,0.363876
1630059145250,0.365157
1630059145500,0.365157
1630059145750,0.363876
1630059146000,0.362595
1630059146250,0.365157
1630059146500,0.363876
1630059146750,0.365157
1630059147000,0.365157
1630059147250,0.363876
1630059147500,0.36772
1630059147750,0.369001
1630059148000,0.36772
1630059148250,0.36772
1630059148500,0.369001
1630059148750,0.36772
1630059149000,0.366439
1630059149250,0.36772
1630059149500,0.366439
1630059149750,0.365157
1630059150000,0.36772
1630059150250,0.365157
1630059150500,0.363876
1630059150750,0.365157
1630059151000,0.363876
1630059151250,0.362595
1630059151500,0.365157
1630059151750,0.363876
1630059152000,0.362595
1630059152250,0.365157
1630059152500,0.362595
1630059152750,0.362595
1630059153000,0.363876
1630059153250,0.362595
1630059153500,0.361314
1630059153750,0.362595
1630059154000,0.361314
1630059154250,0.360032
1630059154500,0.363876
1630059154750,0.361314
1630059155000,0.360032
1630059155250,0.362595
1630059155500,0.361314
1630059155750,0.360032
1630059156000,0.362595
1630059156250,0.361314
1630059156500,0.360032
1630059156750,0.362595
1630059157000,0.361314
1630059157250,0.360032
1630059157500,0.362595
1630059157750,0.360032
1630059158000,0.362595
1630059158250,0.363876
1630059158500,0.361314
1630059158750,0.362595
1630059159000,0.365157
1630059159250,0.361314
1630059159500,0.362595
1630059159750,0.363876
1630059160000,0.361314
1630059160250,0.362595
1630059160500,0.363876
1630059160750,0.361314
1630059161000,0.362595
1630059161250,0.361314
1630059161500,0.360032
1630059161750,0.362595
1630059162000,0.360032
1630059162250,0.358751
1630059162500,0.362595
1630059162750,0.362595
1630059163000,0.358751
1630059163250,0.361314
1630059163500,0.361314
1630059163750,0.360032
1630059164000,0.362595
1630059164250,0.361314
1630059164500,0.360032
1630059164750,0.360032
1630059165000,0.361314
1630059165250,0.35747
1630059165500,0.360032
1630059165750,0.361314
1630059166000,0.358751
1630059166250,0.358751
1630059166500,0.361314
1630059166750,0.360032
1630059167000,0.361314
1630059167250,0.360032
1630059167500,0.358751
1630059167750,0.362595
1630059168000,0.361314
1630059168250,0.35747
1630059168500,0.362595
1630059168750,0.361314
1630059169000,0.358751
1630059169250,0.360032
1630059169500,0.360032
1630059169750,0.35747
1630059170000,0.361314
1630059170250,0.35747
1630059170500,0.35747
1630059170750,0.358751
1630059171000,0.360032
1630059171250,0.356189
1630059171500,0.358751
1630059171750,0.360032
1630059172000,0.35747
1630059172250,0.360032
1630059172500,0.360032
1630059172750,0.356189
1630059173000,0.358751
1630059173250,0.360032
1630059173500,0.356189
1630059173750,0.358751
1630059174000,0.358751
1630059174250,0.356189
1630059174500,0.358751
1630059174750,0.358751
1630059175000,0.356189
1630059175250,0.358751
1630059175500,0.358751
1630059175750,0.354907
1630059176000,0.358751
1630059176250,0.358751
1630059176500,0.35747
1630059176750,0.35747
1630059177000,0.358751
1630059177250,0.354907
1630059177500,0.358751
1630059177750,0.358751
1630059178000,0.356189
1630059178250,0.35747
1630059178500,0.358751
1630059178750,0.354907
1630059179000,0.358751
1630059179250,0.358751
1630059179500,0.356189
1630059179750,0.358751
1630059180000,0.358751
1630059180250,0.354907
1630059180500,0.358751
1630059180750,0.35747
1630059181000,0.354907
1630059181250,0.356189
1630059181500,0.35747
1630059181750,0.354907
1630059182000,0.358751
1630059182250,0.35747
1630059182500,0.354907
1630059182750,0.35747
1630059183000,0.35747
1630059183250,0.354907
1630059183500,0.35747
1630059183750,0.35747
1630059184000,0.354907
1630059184250,0.356189
1630059184500,0.35747
1630059184750,0.353626
1630059185000,0.35747
1630059185250,0.356189
1630059185500,0.354907
1630059185750,0.356189
1630059186000,0.35747
1630059186250,0.353626
1630059186500,0.356189
1630059186750,0.356189
1630059187000,0.352345
1630059187250,0.354907
1630059187500,0.356189
1630059187750,0.353626
1630059188000,0.354907
1630059188250,0.356189
1630059188500,0.353626
1630059188750,0.354907
1630059189000,0.356189
1630059189250,0.352345
1630059189500,0.356189
1630059189750,0.354907
1630059190000,0.354907
1630059190250,0.354907
1630059190500,0.353626
1630059190750,0.353626
1630059191000,0.353626
1630059191250,0.353626
1630059191500,0.352345
1630059191750,0.354907
1630059192000,0.353626
1630059192250,0.353626
1630059192500,0.354907
1630059192750,0.353626
1630059193000,0.352345
1630059193250,0.354907
1630059193500,0.353626
1630059193750,0.353626
1630059194000,0.354907
1630059194250,0.353626
1630059194500,0.354907
1630059194750,0.353626
1630059195000,0.353626
1630059195250,0.354907
1630059195500,0.354907
1630059195750,0.352345
1630059196000,0.353626
1630059196250,0.353626
1630059196500,0.352345
1630059196750,0.353626
1630059197000,0.354907
1630059197250,0.352345
1630059197500,0.354907
1630059197750,0.352345
1630059198000,0.353626
1630059198250,0.354907
1630059198500,0.354907
1630059198750,0.352345
1630059199000,0.353626
1630059199250,0.352345
1630059199500,0.351064
1630059199750,0.354907
1630059200000,0.352345
1630059200250,0.351064
1630059200500,0.354907
1630059200750,0.353626
1630059201000,0.351064
1630059201250,0.352345
1630059201500,0.352345
1630059201750,0.351064
1630059202000,0.354907
1630059202250,0.353626
1630059202500,0.352345
1630059202750,0.352345
1630059203000,0.353626
1630059203250,0.351064
1630059203500,0.349782
1630059203750,0.352345
1630059204000,0.351064
1630059204250,0.349782
1630059204500,0.352345
1630059204750,0.351064
1630059205000,0.351064
1630059205250,0.352345
1630059205500,0.351064
1630059205750,0.351064
1630059206000,0.352345
1630059206250,0.352345
1630059206500,0.349782
1630059206750,0.352345
1630059207000,0.354907
1630059207250,0.349782
1630059207500,0.353626
1630059207750,0.352345
1630059208000,0.349782
1630059208250,0.349782
1630059208500,0.352345
1630059208750,0.348501
1630059209000,0.352345
1630059209250,0.352345
1630059209500,0.348501
1630059209750,0.351064
1630059210000,0.352345
1630059210250,0.348501
1630059210500,0.351064
1630059210750,0.351064
1630059211000,0.349782
1630059211250,0.348501
1630059211500,0.349782
1630059211750,0.349782
1630059212000,0.349782
1630059212250,0.351064
1630059212500,0.349782
1630059212750,0.348501
1630059213000,0.349782
1630059213250,0.348501
1630059213500,0.348501
1630059213750,0.351064
1630059214000,0.349782
1630059214250,0.348501
1630059214500,0.352345
1630059214750,0.349782
1630059215000,0.348501
1630059215250,0.351064
1630059215500,0.349782
1630059215750,0.34722
1630059216000,0.349782
1630059216250,0.351064
1630059216500,0.34722
1630059216750,0.348501
1630059217000,0.349782
1630059217250,0.34722
1630059217500,0.349782
1630059217750,0.349782
1630059218000,0.34722
1630059218250,0.348501
1630059218500,0.349782
1630059218750,0.348501
1630059219000,0.351064
1630059219250,0.349782
1630059219500,0.34722
1630059219750,0.34722
1630059220000,0.349782
1630059220250,0.34722
1630059220500,0.34722
1630059220750,0.349782
1630059221000,0.34722
1630059221250,0.34722
1630059221500,0.349782
1630059221750,0.349782
1630059222000,0.345939
1630059222250,0.349782
1630059222500,0.349782
1630059222750,0.34722
1630059223000,0.351064
1630059223250,0.349782
1630059223500,0.345939
1630059223750,0.348501
1630059224000,0.349782
1630059224250,0.345939
1630059224500,0.34722
1630059224750,0.348501
1630059225000,0.345939
1630059225250,0.348501
1630059225500,0.348501
1630059225750,0.34722
1630059226000,0.34722
1630059226250,0.349782
1630059226500,0.345939
1630059226750,0.34722
1630059227000,0.348501
1630059227250,0.344657
1630059227500,0.345939
1630059227750,0.34722
1630059228000,0.344657
1630059228250,0.34722
1630059228500,0.348501
1630059228750,0.345939
1630059229000,0.34722
1630059229250,0.34722
1630059229500,0.345939
1630059229750,0.344657
1630059230000,0.34722
1630059230250,0.344657
1630059230500,0.344657
1630059230750,0.345939
1630059231000,0.344657
1630059231250,0.343376
1630059231500,0.34722
1630059231750,0.344657
1630059232000,0.344657
1630059232250,0.345939
1630059232500,0.345939
1630059232750,0.343376
1630059233000,0.34722
1630059233250,0.345939
1630059233500,0.343376
1630059233750,0.344657
1630059234000,0.34722
1630059234250,0.342095
1630059234500,0.344657
1630059234750,0.345939
1630059235000,0.343376
1630059235250,0.342095
1630059235500,0.345939
1630059235750,0.343376
1630059236000,0.342095
1630059236250,0.343376
1630059236500,0.343376
1630059236750,0.343376
1630059237000,0.344657
1630059237250,0.343376
1630059237500,0.343376
1630059237750,0.344657
1630059238000,0.345939
1630059238250,0.343376
1630059238500,0.345939
1630059238750,0.345939
1630059239000,0.343376
1630059239250,0.345939
1630059239500,0.345939
1630059239750,0.344657
1630059240000,0.345939
1630059240250,0.345939
1630059240500,0.343376
1630059240750,0.344657
1630059241000,0.344657
1630059241250,0.343376
1630059241500,0.342095
1630059241750,0.343376
1630059242000,0.342095
1630059242250,0.342095
1630059242500,0.344657
1630059242750,0.344657
1630059243000,0.340814
1630059243250,0.343376
1630059243500,0.344657
1630059243750,0.340814
1630059244000,0.343376
1630059244250,0.343376
1630059244500,0.340814
1630059244750,0.344657
1630059245000,0.343376
1630059245250,0.340814
1630059245500,0.339532
1630059245750,0.343376
1630059246000,0.340814
1630059246250,0.339532
1630059246500,0.342095
1630059246750,0.340814
1630059247000,0.339532
1630059247250,0.342095
1630059247500,0.340814
1630059247750,0.339532
1630059248000,0.342095
1630059248250,0.340814
1630059248500,0.339532
1630059248750,0.342095
1630059249000,0.340814
1630059249250,0.338251
1630059249500,0.342095
1630059249750,0.340814
1630059250000,0.338251
1630059250250,0.342095
1630059250500,0.342095
1630059250750,0.338251
1630059251000,0.339532
1630059251250,0.340814
1630059251500,0.339532
1630059251750,0.339532
1630059252000,0.340814
1630059252250,0.339532
1630059252500,0.338251
1630059252750,0.339532
1630059253000,0.338251
1630059253250,0.33697
1630059253500,0.340814
1630059253750,0.339532
1630059254000,0.33697
1630059254250,0.340814
1630059254500,0.340814
1630059254750,0.33697
1630059255000,0.339532
1630059255250,0.340814
1630059255500,0.33697
1630059255750,0.339532
1630059256000,0.338251
1630059256250,0.33697
1630059256500,0.338251
1630059256750,0.338251
1630059257000,0.338251
1630059257250,0.33697
1630059257500,0.339532
1630059257750,0.338251
1630059258000,0.33697
1630059258250,0.339532
1630059258500,0.33697
1630059258750,0.33697
1630059259000,0.338251
1630059259250,0.33697
1630059259500,0.335689
1630059259750,0.339532
1630059260000,0.339532
1630059260250,0.335689
1630059260500,0.338251
1630059260750,0.338251
1630059261000,0.335689
1630059261250,0.338251
1630059261500,0.338251
1630059261750,0.335689
1630059262000,0.33697
1630059262250,0.338251
1630059262500,0.335689
1630059262750,0.33697
1630059263000,0.338251
1630059263250,0.335689
1630059263500,0.335689
1630059263750,0.338251
1630059264000,0.335689
1630059264250,0.334407
1630059264500,0.33697
1630059264750,0.33697
1630059265000,0.334407
1630059265250,0.33697
1630059265500,0.335689
1630059265750,0.284438
1630059266000,0.331845
1630059266250,0.334407
1630059266500,0.330564
1630059266750,0.320313
1630059267000,0.333126
1630059267250,0.328001
1630059267500,0.330564
1630059267750,0.330564
1630059268000,0.328001
1630059268250,0.329282
1630059268500,0.330564
1630059268750,0.328001
1630059269000,0.330564
1630059269250,0.330564
1630059269500,0.329282
1630059269750,0.331845
1630059270000,0.333126
1630059270250,0.329282
1630059270500,0.331845
1630059270750,0.333126
1630059271000,0.330564
1630059271250,0.331845
1630059271500,0.333126
1630059271750,0.330564
1630059272000,0.334407
1630059272250,0.334407
1630059272500,0.330564
1630059272750,0.331845
1630059273000,0.333126
1630059273250,0.330564
1630059273500,0.333126
1630059273750,0.334407
1630059274000,0.330564
1630059274250,0.333126
1630059274500,0.334407
1630059274750,0.331845
1630059275000,0.340814
1630059275250,0.215251
1630059275500,0.220376
1630059275750,0.302376
1630059276000,0.348501
1630059276250,0.344657
1630059276500,0.344657
1630059276750,0.344657
1630059277000,0.299813
1630059277250,0.217813
1630059277500,0.379251
1630059277750,0.366439
1630059278000,0.047406
1630059278250,0.073031
1630059278500,0.339532
1630059278750,0.349782
1630059279000,0.188344
1630059279250,0.284438
1630059279500,0.348501
1630059279750,0.349782
1630059280000,0.34722
1630059280250,0.138375
1630059280500,0.073031
1630059280750,0.304938
1630059281000,0.325438
1630059281250,0.301095
1630059281500,0.34722
1630059281750,0.289563
1630059282000,0.348501
1630059282250,0.274188
1630059282500,0.342095
1630059282750,0.348501
1630059283000,0.324157
1630059283250,0.088407
1630059283500,0.386939
1630059283750,0.284438
1630059284000,0.260095
1630059284250,0.338251
1630059284500,0.311345
1630059284750,0.294688
1630059285000,0.301095
1630059285250,0.345939
1630059285500,0.340814
1630059285750,0.345939
1630059286000,0.348501
1630059286250,0.34722
1630059286500,0.349782
1630059286750,0.348501
1630059287000,0.34722
1630059287250,0.349782
1630059287500,0.348501
1630059287750,0.345939
1630059288000,0.349782
1630059288250,0.320313
1630059288500,0.349782
1630059288750,0.351064
1630059289000,0.348501
1630059289250,0.34722
1630059289500,0.351064
1630059289750,0.349782
1630059290000,0.348501
1630059290250,0.351064
1630059290500,0.348501
1630059290750,0.349782
1630059291000,0.271626
1630059291250,0.351064
1630059291500,0.349782
1630059291750,0.344657
1630059292000,0.351064
1630059292250,0.348501
1630059292500,0.38822
1630059292750,0.345939
1630059293000,0.34722
1630059293250,0.349782
1630059293500,0.351064
1630059293750,0.34722
1630059294000,0.348501
1630059294250,0.351064
1630059294500,0.348501
1630059294750,0.349782
1630059295000,0.351064
1630059295250,0.34722
1630059295500,0.197313
1630059295750,0.431783
1630059296000,0.311345
1630059296250,0.345939
1630059296500,0.351064
1630059296750,0.351064
1630059297000,0.352345
1630059297250,0.351064
1630059297500,0.354907
1630059297750,0.349782
1630059298000,0.352345
1630059298250,0.353626
1630059298500,0.349782
1630059298750,0.351064
1630059299000,0.353626
1630059299250,0.351064
1630059299500,0.352345
1630059299750,0.351064
1630059300000,0.351064
1630059300250,0.395907
1630059300500,0.310063
1630059300750,0.353626
1630059301000,0.344657
1630059301250,0.261376
1630059301500,0.345939
1630059301750,0.356189
1630059302000,0.335689
1630059302250,0.369001
1630059302500,0.354907
1630059302750,0.354907
1630059303000,0.354907
1630059303250,0.354907
1630059303500,0.344657
1630059303750,0.363876
1630059304000,0.353626
1630059304250,0.37797
1630059304500,0.356189
1630059304750,0.356189
1630059305000,0.353626
1630059305250,0.354907
1630059305500,0.356189
1630059305750,0.352345
1630059306000,0.354907
1630059306250,0.356189
1630059306500,0.352345
1630059306750,0.352345
1630059307000,0.353626
1630059307250,0.352345
1630059307500,0.353626
1630059307750,0.353626
1630059308000,0.352345
1630059308250,0.352345
1630059308500,0.34722
1630059308750,0.353626
1630059309000,0.351064
1630059309250,0.352345
1630059309500,0.353626
1630059309750,0.352345
1630059310000,0.353626
1630059310250,0.356189
1630059310500,0.352345
1630059310750,0.352345
1630059311000,0.353626
1630059311250,0.351064
1630059311500,0.351064
1630059311750,0.353626
1630059312000,0.352345
1630059312250,0.349782
1630059312500,0.352345
1630059312750,0.353626
1630059313000,0.348501
1630059313250,0.358751
1630059313500,0.352345
1630059313750,0.349782
1630059314000,0.352345
1630059314250,0.353626
1630059314500,0.349782
1630059314750,0.353626
1630059315000,0.279313
1630059315250,0.349782
1630059315500,0.352345
1630059315750,0.352345
1630059316000,0.349782
1630059316250,0.351064
1630059316500,0.353626
1630059316750,0.351064
1630059317000,0.351064
1630059317250,0.353626
1630059317500,0.352345
1630059317750,0.352345
1630059318000,0.356189
1630059318250,0.354907
1630059318500,0.352345
1630059318750,0.352345
1630059319000,0.354907
1630059319250,0.351064
1630059319500,0.353626
1630059319750,0.353626
1630059320000,0.349782
1630059320250,0.353626
1630059320500,0.353626
1630059320750,0.351064
1630059321000,0.351064
1630059321250,0.353626
1630059321500,0.352345
1630059321750,0.349782
1630059322000,0.354907
1630059322250,0.352345
1630059322500,0.352345
1630059322750,0.352345
1630059323000,0.352345
1630059323250,0.349782
1630059323500,0.352345
1630059323750,0.352345
1630059324000,0.188344
1630059324250,0.338251
1630059324500,0.329282
1630059324750,0.351064
1630059325000,0.352345
1630059325250,0.352345
1630059325500,0.351064
1630059325750,0.349782
1630059326000,0.340814
1630059326250,0.280595
1630059326500,0.349782
1630059326750,0.312626
1630059327000,0.349782
1630059327250,0.349782
1630059327500,0.351064
1630059327750,0.351064
1630059328000,0.349782
1630059328250,0.351064
1630059328500,0.352345
1630059328750,0.348501
1630059329000,0.352345
1630059329250,0.352345
1630059329500,0.348501
1630059329750,0.351064
1630059330000,0.352345
1630059330250,0.348501
1630059330500,0.351064
1630059330750,0.352345
1630059331000,0.348501
1630059331250,0.351064
1630059331500,0.351064
1630059331750,0.348501
1630059332000,0.352345
1630059332250,0.352345
1630059332500,0.348501
1630059332750,0.348501
1630059333000,0.352345
1630059333250,0.349782
1630059333500,0.349782
1630059333750,0.353626
1630059334000,0.266501
1630059334250,0.351064
1630059334500,0.352345
1630059334750,0.349782
1630059335000,0.349782
1630059335250,0.352345
1630059335500,0.352345
1630059335750,0.349782
1630059336000,0.353626
1630059336250,0.352345
1630059336500,0.348501
1630059336750,0.351064
1630059337000,0.351064
1630059337250,0.348501
1630059337500,0.348501
1630059337750,0.351064
1630059338000,0.349782
1630059338250,0.348501
1630059338500,0.351064
1630059338750,0.349782
1630059339000,0.348501
1630059339250,0.351064
1630059339500,0.351064
1630059339750,0.349782
1630059340000,0.351064
1630059340250,0.351064
1630059340500,0.348501
1630059340750,0.351064
1630059341000,0.351064
1630059341250,0.348501
1630059341500,0.349782
1630059341750,0.351064
1630059342000,0.34722
1630059342250,0.237032
1630059342500,0.317751
1630059342750,0.340814
1630059343000,0.292126
1630059343250,0.289563
1630059343500,0.082
1630059343750,0.315188
1630059344000,0.317751
1630059344250,0.317751
1630059344500,0.267782
1630059344750,0.321595
1630059345000,0.325438
1630059345250,0.322876
1630059345500,0.32672
1630059345750,0.328001
1630059346000,0.32672
1630059346250,0.329282
1630059346500,0.330564
1630059346750,0.32672
1630059347000,0.329282
1630059347250,0.331845
1630059347500,0.329282
1630059347750,0.328001
1630059348000,0.330564
1630059348250,0.329282
1630059348500,0.328001
1630059348750,0.331845
1630059349000,0.333126
1630059349250,0.329282
1630059349500,0.146063
1630059349750,0.322876
1630059350000,0.330564
1630059350250,0.334407
1630059350500,0.334407
1630059350750,0.331845
1630059351000,0.331845
1630059351250,0.185782
1630059351500,0.257532
1630059351750,0.339532
1630059352000,0.348501
1630059352250,0.349782
1630059352500,0.34722
1630059352750,0.348501
1630059353000,0.348501
1630059353250,0.34722
1630059353500,0.344657
1630059353750,0.349782
1630059354000,0.348501
1630059354250,0.348501
1630059354500,0.351064
1630059354750,0.349782
1630059355000,0.349782
1630059355250,0.351064
1630059355500,0.352345
1630059355750,0.34722
1630059356000,0.352345
1630059356250,0.351064
1630059356500,0.349782
1630059356750,0.351064
1630059357000,0.351064
1630059357250,0.34722
1630059357500,0.348501
1630059357750,0.349782
1630059358000,0.348501
1630059358250,0.348501
1630059358500,0.349782
1630059358750,0.349782
1630059359000,0.348501
1630059359250,0.351064
1630059359500,0.351064
1630059359750,0.366439
1630059360000,0.402314
1630059360250,0.351064
1630059360500,0.349782
1630059360750,0.349782
1630059361000,0.351064
1630059361250,0.34722
1630059361500,0.348501
1630059361750,0.349782
1630059362000,0.351064
1630059362250,0.348501
1630059362500,0.348501
1630059362750,0.351064
1630059363000,0.349782
1630059363250,0.34722
1630059363500,0.349782
1630059363750,0.349782
1630059364000,0.34722
1630059364250,0.348501
1630059364500,0.349782
1630059364750,0.34722
1630059365000,0.348501
1630059365250,0.351064
1630059365500,0.348501
1630059365750,0.34722
1630059366000,0.351064
1630059366250,0.348501
1630059366500,0.34722
1630059366750,0.349782
1630059367000,0.349782
1630059367250,0.34722
1630059367500,0.349782
1630059367750,0.349782
1630059368000,0.34722
1630059368250,0.348501
1630059368500,0.349782
1630059368750,0.349782
1630059369000,0.349782
1630059369250,0.351064
1630059369500,0.349782
1630059369750,0.349782
1630059370000,0.351064
1630059370250,0.349782
1630059370500,0.348501
1630059370750,0.352345
1630059371000,0.351064
1630059371250,0.34722
1630059371500,0.351064
1630059371750,0.351064
1630059372000,0.349782
1630059372250,0.385657
1630059372500,0.349782
1630059372750,0.348501
1630059373000,0.34722
1630059373250,0.349782
1630059373500,0.348501
1630059373750,0.348501
1630059374000,0.349782
1630059374250,0.352345
1630059374500,0.348501
1630059374750,0.351064
1630059375000,0.351064
1630059375250,0.348501
1630059375500,0.349782
1630059375750,0.351064
1630059376000,0.33697
1630059376250,0.348501
1630059376500,0.348501
1630059376750,0.34722
1630059377000,0.348501
1630059377250,0.349782
1630059377500,0.352345
1630059377750,0.34722
1630059378000,0.351064
1630059378250,0.349782
1630059378500,0.345939
1630059378750,0.348501
1630059379000,0.348501
1630059379250,0.345939
1630059379500,0.34722
1630059379750,0.348501
1630059380000,0.34722
1630059380250,0.345939
1630059380500,0.349782
1630059380750,0.34722
1630059381000,0.34722
1630059381250,0.34722
1630059381500,0.348501
1630059381750,0.34722
1630059382000,0.349782
1630059382250,0.348501
1630059382500,0.34722
1630059382750,0.345939
1630059383000,0.34722
1630059383250,0.348501
1630059383500,0.345939
1630059383750,0.348501
1630059384000,0.348501
1630059384250,0.345939
1630059384500,0.34722
1630059384750,0.34722
1630059385000,0.345939
1630059385250,0.345939
1630059385500,0.348501
1630059385750,0.348501
1630059386000,0.345939
1630059386250,0.349782
1630059386500,0.349782
1630059386750,0.345939
1630059387000,0.345939
1630059387250,0.349782
1630059387500,0.34722
1630059387750,0.345939
1630059388000,0.348501
1630059388250,0.348501
1630059388500,0.345939
1630059388750,0.34722
1630059389000,0.348501
1630059389250,0.345939
1630059389500,0.348501
1630059389750,0.260095
1630059390000,0.349782
1630059390250,0.34722
1630059390500,0.348501
1630059390750,0.348501
1630059391000,0.34722
1630059391250,0.348501
1630059391500,0.349782
1630059391750,0.34722
1630059392000,0.348501
1630059392250,0.348501
1630059392500,0.34722
1630059392750,0.34722
1630059393000,0.34722
1630059393250,0.34722
1630059393500,0.349782
1630059393750,0.349782
1630059394000,0.34722
1630059394250,0.344657
1630059394500,0.34722
1630059394750,0.348501
1630059395000,0.345939
1630059395250,0.344657
1630059395500,0.345939
1630059395750,0.345939
1630059396000,0.344657
1630059396250,0.34722
1630059396500,0.34722
1630059396750,0.345939
1630059397000,0.34722
1630059397250,0.34722
1630059397500,0.345939
1630059397750,0.34722
1630059398000,0.345939
1630059398250,0.343376
1630059398500,0.345939
1630059398750,0.34722
1630059399000,0.345939
1630059399250,0.344657
1630059399500,0.34722
1630059399750,0.34722
1630059400000,0.344657
1630059400250,0.345939
1630059400500,0.345939
1630059400750,0.344657
1630059401000,0.363876
1630059401250,0.345939
1630059401500,0.343376
1630059401750,0.345939
1630059402000,0.34722
1630059402250,0.344657
1630059402500,0.344657
1630059402750,0.345939
1630059403000,0.34722
1630059403250,0.319032
1630059403500,0.352345
1630059403750,0.119157
1630059404000,0.325438
1630059404250,0.338251
1630059404500,0.339532
1630059404750,0.042281
1630059405000,0.074313
1630059405250,0.09225
1630059405500,0.07175
1630059405750,0.237032
1630059406000,0.094813
1630059406250,0.267782
1630059406500,0.247282
1630059406750,0.188344
1630059407000,0.247282
1630059407250,0.315188
1630059407500,0.384376
1630059407750,0.32672
1630059408000,0.311345
1630059408250,0.324157
1630059408500,0.321595
1630059408750,0.320313
1630059409000,0.325438
1630059409250,0.329282
1630059409500,0.329282
1630059409750,0.322876
1630059410000,0.324157
1630059410250,0.324157
1630059410500,0.322876
1630059410750,0.322876
1630059411000,0.325438
1630059411250,0.321595
1630059411500,0.321595
1630059411750,0.325438
1630059412000,0.325438
1630059412250,0.360032
1630059412500,0.312626
1630059412750,0.224219
1630059413000,0.311345
1630059413250,0.334407
1630059413500,0.335689
1630059413750,0.331845
1630059414000,0.334407
1630059414250,0.334407
1630059414500,0.333126
1630059414750,0.333126
1630059415000,0.335689
1630059415250,0.334407
1630059415500,0.334407
1630059415750,0.335689
1630059416000,0.331845
1630059416250,0.32672
1630059416500,0.329282
1630059416750,0.330564
1630059417000,0.319032
1630059417250,0.31647
1630059417500,0.058938
1630059417750,0.07175
1630059418000,0.360032
1630059418250,0.330564
1630059418500,0.330564
1630059418750,0.125563
1630059419000,0.253688
1630059419250,0.093532
1630059419500,0.107625
1630059419750,0.169126
1630059420000,0.353626
1630059420250,0.339532
1630059420500,0.290845
1630059420750,0.333126
1630059421000,0.33697
1630059421250,0.333126
1630059421500,0.176813
1630059421750,0.225501
1630059422000,0.315188
1630059422250,0.329282
1630059422500,0.331845
1630059422750,0.331845
1630059423000,0.169126
1630059423250,0.319032
1630059423500,0.329282
1630059423750,0.310063
1630059424000,0.246001
1630059424250,0.334407
1630059424500,0.335689
1630059424750,0.33697
1630059425000,0.289563
1630059425250,0.30622
1630059425500,0.15375
1630059425750,0.272907
1630059426000,0.106344
1630059426250,0.181938
1630059426500,0.178094
1630059426750,0.271626
1630059427000,0.308782
1630059427250,0.312626
1630059427500,0.298532
1630059427750,0.302376
1630059428000,0.340814
1630059428250,0.342095
1630059428500,0.201157
1630059428750,0.333126
1630059429000,0.348501
1630059429250,0.302376
1630059429500,0.324157
1630059429750,0.240876
1630059430000,0.465095
1630059430250,0.31647
1630059430500,0.431783
1630059430750,0.267782
1630059431000,0.276751
1630059431250,0.269063
1630059431500,0.35747
1630059431750,0.360032
1630059432000,0.356189
1630059432250,0.354907
1630059432500,0.35747
1630059432750,0.35747
1630059433000,0.290845
1630059433250,0.358751
1630059433500,0.358751
1630059433750,0.35747
1630059434000,0.376689
1630059434250,0.356189
1630059434500,0.356189
1630059434750,0.354907
1630059435000,0.356189
1630059435250,0.354907
1630059435500,0.353626
1630059435750,0.356189
1630059436000,0.354907
1630059436250,0.352345
1630059436500,0.356189
1630059436750,0.354907
1630059437000,0.351064
1630059437250,0.353626
1630059437500,0.354907
1630059437750,0.351064
1630059438000,0.353626
1630059438250,0.351064
1630059438500,0.349782
1630059438750,0.351064
1630059439000,0.352345
1630059439250,0.351064
1630059439500,0.349782
1630059439750,0.353626
1630059440000,0.354907
1630059440250,0.353626
1630059440500,0.353626
1630059440750,0.084563
1630059441000,0.192188
1630059441250,0.35747
1630059441500,0.148625
1630059441750,0.445876
1630059442000,0.362595
1630059442250,0.362595
1630059442500,0.361314
1630059442750,0.361314
1630059443000,0.362595
1630059443250,0.369001
1630059443500,0.386939
1630059443750,0.345939
1630059444000,0.301095
1630059444250,0.185782
1630059444500,0.35747
1630059444750,0.358751
1630059445000,0.353626
1630059445250,0.139657
1630059445500,0.048688
1630059445750,0.30622
1630059446000,0.333126
1630059446250,0.342095
1630059446500,0.107625
1630059446750,0.424095
1630059447000,0.257532
1630059447250,0.0615
1630059447500,0.246001
1630059447750,0.345939
1630059448000,0.348501
1630059448250,0.348501
1630059448500,0.344657
1630059448750,0.345939
1630059449000,0.34722
1630059449250,0.345939
1630059449500,0.340814
1630059449750,0.342095
1630059450000,0.257532
1630059450250,0.345939
1630059450500,0.351064
1630059450750,0.349782
1630059451000,0.345939
1630059451250,0.349782
1630059451500,0.349782
1630059451750,0.345939
1630059452000,0.348501
1630059452250,0.351064
1630059452500,0.345939
1630059452750,0.34722
1630059453000,0.349782
1630059453250,0.351064
1630059453500,0.34722
1630059453750,0.351064
1630059454000,0.351064
1630059454250,0.34722
1630059454500,0.345939
1630059454750,0.348501
1630059455000,0.348501
1630059455250,0.34722
1630059455500,0.349782
1630059455750,0.351064
1630059456000,0.366439
1630059456250,0.349782
1630059456500,0.349782
1630059456750,0.351064
1630059457000,0.31647
1630059457250,0.351064
1630059457500,0.352345
1630059457750,0.351064
1630059458000,0.352345
1630059458250,0.352345
1630059458500,0.351064
1630059458750,0.351064
1630059459000,0.353626
1630059459250,0.351064
1630059459500,0.351064
1630059459750,0.353626
1630059460000,0.354907
1630059460250,0.322876
1630059460500,0.353626
1630059460750,0.352345
1630059461000,0.352345
1630059461250,0.354907
1630059461500,0.353626
1630059461750,0.352345
1630059462000,0.353626
1630059462250,0.353626
1630059462500,0.354907
1630059462750,0.354907
1630059463000,0.35747
1630059463250,0.35747
1630059463500,0.35747
1630059463750,0.360032
1630059464000,0.362595
1630059464250,0.358751
1630059464500,0.360032
1630059464750,0.362595
1630059465000,0.362595
1630059465250,0.361314
1630059465500,0.370282
1630059465750,0.374126
1630059466000,0.370282
1630059466250,0.372845
1630059466500,0.372845
1630059466750,0.370282
1630059467000,0.372845
1630059467250,0.374126
1630059467500,0.375407
1630059467750,0.37797
1630059468000,0.381814
1630059468250,0.381814
1630059468500,0.380532
1630059468750,0.385657
1630059469000,0.385657
1630059469250,0.383095
1630059469500,0.385657
1630059469750,0.386939
1630059470000,0.385657
1630059470250,0.384376
1630059470500,0.386939
1630059470750,0.385657
1630059471000,0.384376
1630059471250,0.386939
1630059471500,0.386939
1630059471750,0.384376
1630059472000,0.385657
1630059472250,0.385657
1630059472500,0.402314
1630059472750,0.386939
1630059473000,0.385657
1630059473250,0.385657
1630059473500,0.385657
1630059473750,0.386939
1630059474000,0.385657
1630059474250,0.383095
1630059474500,0.385657
1630059474750,0.38822
1630059475000,0.385657
1630059475250,0.386939
1630059475500,0.386939
1630059475750,0.386939
1630059476000,0.385657
1630059476250,0.38822
1630059476500,0.386939
1630059476750,0.386939
1630059477000,0.38822
1630059477250,0.386939
1630059477500,0.385657
1630059477750,0.38822
1630059478000,0.386939
1630059478250,0.385657
1630059478500,0.38822
1630059478750,0.38822
1630059479000,0.389501
1630059479250,0.38822
1630059479500,0.393345
1630059479750,0.392064
1630059480000,0.389501
1630059480250,0.390782
1630059480500,0.392064
1630059480750,0.389501
1630059481000,0.389501
1630059481250,0.390782
1630059481500,0.392064
1630059481750,0.386939
1630059482000,0.389501
1630059482250,0.390782
1630059482500,0.38822
1630059482750,0.386939
1630059483000,0.389501
1630059483250,0.38822
1630059483500,0.392064
1630059483750,0.38822
1630059484000,0.389501
1630059484250,0.38822
1630059484500,0.390782
1630059484750,0.389501
1630059485000,0.38822
1630059485250,0.389501
1630059485500,0.393345
1630059485750,0.38822
1630059486000,0.389501
1630059486250,0.392064
1630059486500,0.389501
1630059486750,0.390782
1630059487000,0.392064
1630059487250,0.389501
1630059487500,0.390782
1630059487750,0.390782
1630059488000,0.38822
1630059488250,0.390782
1630059488500,0.393345
1630059488750,0.392064
1630059489000,0.390782
1630059489250,0.393345
1630059489500,0.393345
1630059489750,0.390782
1630059490000,0.390782
1630059490250,0.393345
1630059490500,0.390782
1630059490750,0.393345
1630059491000,0.392064
1630059491250,0.392064
1630059491500,0.389501
1630059491750,0.393345
1630059492000,0.392064
1630059492250,0.392064
1630059492500,0.393345
1630059492750,0.392064
1630059493000,0.390782
1630059493250,0.395907
1630059493500,0.393345
1630059493750,0.393345
1630059494000,0.395907
1630059494250,0.397189
1630059494500,0.390782
1630059494750,0.394626
1630059495000,0.393345
1630059495250,0.392064
1630059495500,0.384376
1630059495750,0.366439
1630059496000,0.372845
1630059496250,0.390782
1630059496500,0.393345
1630059496750,0.363876
1630059497000,0.390782
1630059497250,0.394626
1630059497500,0.390782
1630059497750,0.389501
1630059498000,0.392064
1630059498250,0.393345
1630059498500,0.389501
1630059498750,0.393345
1630059499000,0.393345
1630059499250,0.390782
1630059499500,0.393345
1630059499750,0.393345
1630059500000,0.392064
1630059500250,0.392064
1630059500500,0.393345
1630059500750,0.392064
1630059501000,0.392064
1630059501250,0.393345
1630059501500,0.395907
1630059501750,0.394626
1630059502000,0.399751
1630059502250,0.399751
1630059502500,0.401032
1630059502750,0.403595
1630059503000,0.407439
1630059503250,0.402314
1630059503500,0.404876
1630059503750,0.403595
1630059504000,0.403595
1630059504250,0.401032
1630059504500,0.404876
1630059504750,0.401032
1630059505000,0.406157
1630059505250,0.410001
1630059505500,0.426658
1630059505750,0.412564
1630059506000,0.413845
1630059506250,0.415126
1630059506500,0.412564
1630059506750,0.415126
1630059507000,0.415126
1630059507250,0.411283
1630059507500,0.411283
1630059507750,0.413845
1630059508000,0.410001
1630059508250,0.413845
1630059508500,0.412564
1630059508750,0.412564
1630059509000,0.413845
1630059509250,0.416408
1630059509500,0.411283
1630059509750,0.413845
1630059510000,0.413845
1630059510250,0.413845
1630059510500,0.413845
1630059510750,0.420251
1630059511000,0.41897
1630059511250,0.417689
1630059511500,0.422814
1630059511750,0.422814
1630059512000,0.41897
1630059512250,0.41897
1630059512500,0.422814
1630059512750,0.422814
1630059513000,0.421533
1630059513250,0.422814
1630059513500,0.425376
1630059513750,0.425376
1630059514000,0.42922
1630059514250,0.426658
1630059514500,0.42922
1630059514750,0.430501
1630059515000,0.431783
1630059515250,0.426658
1630059515500,0.42922
1630059515750,0.426658
1630059516000,0.426658
1630059516250,0.426658
1630059516500,0.431783
1630059516750,0.427939
1630059517000,0.426658
1630059517250,0.427939
1630059517500,0.427939
1630059517750,0.425376
1630059518000,0.427939
1630059518250,0.426658
1630059518500,0.425376
1630059518750,0.427939
1630059519000,0.426658
1630059519250,0.424095
1630059519500,0.430501
1630059519750,0.430501
1630059520000,0.427939
1630059520250,0.42922
1630059520500,0.430501
1630059520750,0.427939
1630059521000,0.42922
1630059521250,0.42922
1630059521500,0.427939
1630059521750,0.426658
1630059522000,0.430501
1630059522250,0.431783
1630059522500,0.430501
1630059522750,0.435626
1630059523000,0.436908
1630059523250,0.435626
1630059523500,0.438189
1630059523750,0.43947
1630059524000,0.436908
1630059524250,0.43947
1630059524500,0.43947
1630059524750,0.436908
1630059525000,0.43947
1630059525250,0.440751
1630059525500,0.442033
1630059525750,0.436908
1630059526000,0.436908
1630059526250,0.435626
1630059526500,0.447158
1630059526750,0.435626
1630059527000,0.434345
1630059527250,0.434345
1630059527500,0.440751
1630059527750,0.447158
1630059528000,0.438189
1630059528250,0.43947
1630059528500,0.431783
1630059528750,0.438189
1630059529000,0.440751
1630059529250,0.440751
1630059529500,0.438189
1630059529750,0.43947
1630059530000,0.440751
1630059530250,0.436908
1630059530500,0.440751
1630059530750,0.440751
1630059531000,0.440751
1630059531250,0.435626
1630059531500,0.43947
1630059531750,0.443314
1630059532000,0.436908
1630059532250,0.438189
1630059532500,0.443314
1630059532750,0.443314
1630059533000,0.463814
1630059533250,0.452283
1630059533500,0.457408
1630059533750,0.462533
1630059534000,0.463814
1630059534250,0.466376
1630059534500,0.463814
1630059534750,0.468939
1630059535000,0.466376
1630059535250,0.483033
1630059535500,0.486876
1630059535750,0.486876
1630059536000,0.484314
1630059536250,0.488158
1630059536500,0.489439
1630059536750,0.488158
1630059537000,0.484314
1630059537250,0.486876
1630059537500,0.485595
1630059537750,0.483033
1630059538000,0.485595
1630059538250,0.488158
1630059538500,0.485595
1630059538750,0.486876
1630059539000,0.486876
1630059539250,0.485595
1630059539500,0.492002
1630059539750,0.50097
1630059540000,0.503533
1630059540250,0.508658
1630059540500,0.513783
1630059540750,0.513783
1630059541000,0.524033
1630059541250,0.526595
1630059541500,0.526595
1630059541750,0.522752
1630059542000,0.524033
1630059542250,0.520189
1630059542500,0.517627
1630059542750,0.518908
1630059543000,0.520189
1630059543250,0.516345
1630059543500,0.517627
1630059543750,0.517627
1630059544000,0.516345
1630059544250,0.517627
1630059544500,0.518908
1630059544750,0.516345
1630059545000,0.527877
1630059545250,0.530439
1630059545500,0.540689
1630059545750,0.538127
1630059546000,0.535564
1630059546250,0.554783
1630059546500,0.556064
1630059546750,0.554783
1630059547000,0.559908
1630059547250,0.553502
1630059547500,0.563752
1630059547750,0.570158
1630059548000,0.590658
1630059548250,0.591939
1630059548500,0.600908
1630059548750,0.598346
1630059549000,0.602189
1630059549250,0.602189
1630059549500,0.599627
1630059549750,0.598346
1630059550000,0.599627
1630059550250,0.599627
1630059550500,0.598346
1630059550750,0.598346
1630059551000,0.598346
1630059551250,0.597064
1630059551500,0.597064
1630059551750,0.597064
1630059552000,0.598346
1630059552250,0.602189
1630059552500,0.604752
1630059552750,0.604752
1630059553000,0.607314
1630059553250,0.612439
1630059553500,0.606033
1630059553750,0.608596
1630059554000,0.604752
1630059554250,0.600908
1630059554500,0.599627
1630059554750,0.602189
1630059555000,0.603471
1630059555250,0.612439
1630059555500,0.617564
1630059555750,0.621408
1630059556000,0.625252
1630059556250,0.629096
1630059556500,0.625252
1630059556750,0.631658
1630059557000,0.630377
1630059557250,0.630377
1630059557500,0.630377
1630059557750,0.631658
1630059558000,0.636783
1630059558250,0.635502
1630059558500,0.644471
1630059558750,0.645752
1630059559000,0.649596
1630059559250,0.645752
1630059559500,0.645752
1630059559750,0.632939
1630059560000,0.626533
1630059560250,0.617564
1630059560500,0.611158
1630059560750,0.609877
1630059561000,0.612439
1630059561250,0.604752
1630059561500,0.609877
1630059561750,0.609877
1630059562000,0.613721
1630059562250,0.611158
1630059562500,0.613721
1630059562750,0.612439
1630059563000,0.615002
1630059563250,0.615002
1630059563500,0.617564
1630059563750,0.615002
1630059564000,0.618846
1630059564250,0.617564
1630059564500,0.608596
1630059564750,0.618846
1630059565000,0.617564
1630059565250,0.625252
1630059565500,0.618846
1630059565750,0.615002
1630059566000,0.613721
1630059566250,0.612439
1630059566500,0.611158
1630059566750,0.616283
1630059567000,0.620127
1630059567250,0.509939
1630059567500,0.626533
1630059567750,0.625252
1630059568000,0.657283
1630059568250,0.693158
1630059568500,1.050895
1630059568750,0.592275
1630059569000,0.501306
1630059569250,0.510275
1630059569500,0.503869
1630059569750,0.512838
1630059570000,0.514119
1630059570250,0.489775
1630059570500,0.489775
1630059570750,0.492337
1630059571000,0.473119
1630059571250,0.467994
1630059571500,0.542237
1630059571750,0.553769
1630059572000,0.561456
1630059572250,0.5653
1630059572500,0.564019
1630059572750,0.551206
1630059573000,0.566581
1630059573250,0.567862
1630059573500,0.566581
1630059573750,0.576831
1630059574000,0.570425
1630059574250,0.543519
1630059574500,0.546081
1630059574750,0.543519
1630059575000,0.549925
1630059575250,0.533269
1630059575500,0.538394
1630059575750,0.531987
1630059576000,0.53455
1630059576250,0.531987
1630059576500,0.5448
1630059576750,0.543519
1630059577000,0.551206
1630059577250,0.539675
1630059577500,0.556331
1630059577750,0.557612
1630059578000,0.576831
1630059578250,0.589644
1630059578500,0.603737
1630059578750,0.605019
1630059579000,0.599894
1630059579250,0.597331
1630059579500,0.607581
1630059579750,0.607581
1630059580000,0.611425
1630059580250,0.605019
1630059580500,0.615269
1630059580750,0.61655
1630059581000,0.6063
1630059581250,0.610144
1630059581500,0.608863
1630059581750,0.594769
1630059582000,0.597331
1630059582250,0.6268
1630059582500,0.639613
1630059582750,0.665238
1630059583000,0.661394
1630059583250,0.671644
1630059583500,0.660113
1630059583750,0.65755
1630059584000,0.639613
1630059584250,0.642175
1630059584500,0.629363
1630059584750,0.624238
1630059585000,0.615269
1630059585250,0.630644
1630059585500,0.635769
1630059585750,0.660113
1630059586000,0.674206
1630059586250,0.680613
1630059586500,0.679331
1630059586750,0.679331
1630059587000,0.687019
1630059587250,0.701113
1630059587500,0.71905
1630059587750,0.707519
1630059588000,0.710082
1630059588250,0.704957
1630059588500,0.69855
1630059588750,0.6883
1630059589000,0.702394
1630059589250,0.702394
1630059589500,0.699832
1630059589750,0.689582
1630059590000,0.690863
1630059590250,0.687019
1630059590500,0.684456
1630059590750,0.690863
1630059591000,0.7088
1630059591250,0.704957
1630059591500,0.707519
1630059591750,0.712644
1630059592000,0.717769
1630059592250,0.713925
1630059592500,0.720332
1630059592750,0.717769
1630059593000,0.721613
1630059593250,0.712644
1630059593500,0.702394
1630059593750,0.69855
1630059594000,0.703675
1630059594250,0.69855
1630059594500,0.6883
1630059594750,0.694706
1630059595000,0.6883
1630059595250,0.694706
1630059595500,0.685738
1630059595750,0.69855
1630059596000,0.690863
1630059596250,0.689582
1630059596500,0.690863
1630059596750,0.69855
1630059597000,0.706238
1630059597250,0.711363
1630059597500,0.707519
1630059597750,0.711363
1630059598000,0.707519
1630059598250,0.7088
1630059598500,0.704957
1630059598750,0.7088
1630059599000,0.706238
1630059599250,0.699832
1630059599500,0.702394
1630059599750,0.707519
1630059600000,0.701113
1630059600250,0.703675
1630059600500,0.704957
1630059600750,0.704957
1630059601000,0.701113
1630059601250,0.695988
1630059601500,0.697269
1630059601750,0.695988
1630059602000,0.699832
1630059602250,0.701113
1630059602500,0.722894
1630059602750,0.728019
1630059603000,0.735707
1630059603250,0.734425
1630059603500,0.748519
1630059603750,0.7293
1630059604000,0.721613
1630059604250,0.717769
1630059604500,0.722894
1630059604750,0.707519
1630059605000,0.7088
1630059605250,0.711363
1630059605500,0.7088
1630059605750,0.711363
1630059606000,0.715207
1630059606250,0.713925
1630059606500,0.726738
1630059606750,0.73955
1630059607000,0.733144
1630059607250,0.740832
1630059607500,0.734425
1630059607750,0.7293
1630059608000,0.716488
1630059608250,0.733144
1630059608500,0.734425
1630059608750,0.7498
1630059609000,0.754925
1630059609250,0.758769
1630059609500,0.7498
1630059609750,0.736988
1630059610000,0.731863
1630059610250,0.734425
1630059610500,0.721613
1630059610750,0.711363
1630059611000,0.710082
1630059611250,0.707519
1630059611500,0.69855
1630059611750,0.697269
1630059612000,0.712644
1630059612250,0.712644
1630059612500,0.717769
1630059612750,0.721613
1630059613000,0.726738
1630059613250,0.733144
1630059613500,0.742113
1630059613750,0.742113
1630059614000,0.762613
1630059614250,0.753644
1630059614500,0.757488
1630059614750,0.752363
1630059615000,0.767738
1630059615250,0.771582
1630059615500,0.776707
1630059615750,0.783113
1630059616000,0.779269
1630059616250,0.776707
1630059616500,0.775425
1630059616750,0.776707
1630059617000,0.765175
1630059617250,0.765175
1630059617500,0.753644
1630059617750,0.762613
1630059618000,0.76005
1630059618250,0.767738
1630059618500,0.757488
1630059618750,0.774144
1630059619000,0.765175
1630059619250,0.763894
1630059619500,0.774144
1630059619750,0.797207
1630059620000,0.801051
1630059620250,0.808738
1630059620500,0.824113
1630059620750,0.816426
1630059621000,0.817707
1630059621250,0.795926
1630059621500,0.798488
1630059621750,0.781832
1630059622000,0.779269
1630059622250,0.763894
1630059622500,0.770301
1630059622750,0.765175
1630059623000,0.790801
1630059623250,0.804894
1630059623500,0.815144
1630059623750,0.801051
1630059624000,0.810019
1630059624250,0.807457
1630059624500,0.812582
1630059624750,0.811301
1630059625000,0.806176
1630059625250,0.813863
1630059625500,0.804894
1630059625750,0.813863
1630059626000,0.798488
1630059626250,0.825394
1630059626500,0.818988
1630059626750,0.836926
1630059627000,0.830519
1630059627250,0.843332
1630059627500,0.830519
1630059627750,0.821551
1630059628000,0.815144
1630059628250,0.824113
1630059628500,0.811301
1630059628750,0.806176
1630059629000,0.803613
1630059629250,0.816426
1630059629500,0.834363
1630059629750,0.840769
1630059630000,0.852301
1630059630250,0.849738
1630059630500,0.844613
1630059630750,0.833082
1630059631000,0.843332
1630059631250,0.829238
1630059631500,0.821551
1630059631750,0.801051
1630059632000,0.810019
1630059632250,0.797207
1630059632500,0.792082
1630059632750,0.789519
1630059633000,0.798488
1630059633250,0.799769
1630059633500,0.810019
1630059633750,0.816426
1630059634000,0.817707
1630059634250,0.815144
1630059634500,0.827957
1630059634750,0.827957
1630059635000,0.827957
1630059635250,0.829238
1630059635500,0.829238
1630059635750,0.840769
1630059636000,0.840769
1630059636250,0.836926
1630059636500,0.836926
1630059636750,0.845894
1630059637000,0.830519
1630059637250,0.836926
1630059637500,0.848457
1630059637750,0.879207
1630059638000,0.885613
1630059638250,0.906113
1630059638500,0.900988
1630059638750,0.898426
1630059639000,0.89202
1630059639250,0.875363
1630059639500,0.874082
1630059639750,0.859988
1630059640000,0.85102
1630059640250,0.844613
1630059640500,0.845894
1630059640750,0.836926
1630059641000,0.839488
1630059641250,0.840769
1630059641500,0.847176
1630059641750,0.853582
1630059642000,0.863832
1630059642250,0.858707
1630059642500,0.874082
1630059642750,0.867676
1630059643000,0.875363
1630059643250,0.879207
1630059643500,0.883051
1630059643750,0.88177
1630059644000,0.872801
1630059644250,0.868957
1630059644500,0.862551
1630059644750,0.863832
1630059645000,0.865113
1630059645250,0.870238
1630059645500,0.863832
1630059645750,0.859988
1630059646000,0.852301
1630059646250,0.85102
1630059646500,0.847176
1630059646750,0.844613
1630059647000,0.836926
1630059647250,0.842051
1630059647500,0.843332
1630059647750,0.854863
1630059648000,0.872801
1630059648250,0.880488
1630059648500,0.884332
1630059648750,0.879207
1630059649000,0.886895
1630059649250,0.88177
1630059649500,0.884332
1630059649750,0.876645
1630059650000,0.87152
1630059650250,0.862551
1630059650500,0.852301
1630059650750,0.85102
1630059651000,0.85102
1630059651250,0.847176
1630059651500,0.842051
1630059651750,0.834363
1630059652000,0.838207
1630059652250,0.836926
1630059652500,0.840769
1630059652750,0.847176
1630059653000,0.854863
1630059653250,0.866395
1630059653500,0.87152
1630059653750,0.879207
1630059654000,0.888176
1630059654250,0.899707
1630059654500,0.903551
1630059654750,0.911238
1630059655000,0.926613
1630059655250,0.907395
1630059655500,0.898426
1630059655750,0.376956
1630059656000,0.876645
1630059656250,0.876645
1630059656500,0.856144
1630059656750,0.87152
1630059657000,0.792082
1630059657250,0.91252
1630059657500,0.908676
1630059657750,0.822832
1630059658000,0.911238
1630059658250,0.484581
1630059658500,0.516612
1630059658750,0.050236
1630059659000,0.0
1630059659250,0.767471
1630059659500,0.10533
1630059659750,0.830519
1630059660000,0.904832
1630059660250,0.89202
1630059660500,0.897145
1630059660750,0.889457
1630059661000,0.888176
1630059661250,0.844613
1630059661500,0.883051
1630059661750,0.884332
1630059662000,0.886895
1630059662250,0.538394
1630059662500,0.908676
1630059662750,0.895863
1630059663000,0.889457
1630059663250,0.884332
1630059663500,0.886895
1630059663750,0.890738
1630059664000,0.893301
1630059664250,0.895863
1630059664500,0.899707
1630059664750,0.898426
1630059665000,0.90227
1630059665250,0.904832
1630059665500,0.86127
1630059665750,0.907395
1630059666000,0.879207
1630059666250,0.883051
1630059666500,0.865113
1630059666750,0.816426
1630059667000,0.748519
1630059667250,0.877926
1630059667500,0.877926
1630059667750,0.174517
1630059668000,0.876645
1630059668250,0.838207
1630059668500,0.886895
1630059668750,0.854863
1630059669000,0.49355
1630059669250,0.287268
1630059669500,0.628081
1630059669750,0.599894
1630059670000,0.829238
1630059670250,0.793363
1630059670500,0.640894
1630059670750,0.414112
1630059671000,0.256518
1630059671250,0.28983
1630059671500,0.866395
1630059671750,0.898426
1630059672000,0.899707
1630059672250,0.89202
1630059672500,0.316737
1630059672750,0.651144
1630059673000,0.744675
1630059673250,0.378237
1630059673500,0.211674
1630059673750,0.646019
1630059674000,0.335955
1630059674250,0.0
1630059674500,0.003844
1630059674750,0.012813
1630059675000,0.27547
1630059675250,0.784127
1630059675500,0.0
1630059675750,0.125563
1630059676000,0.267782
1630059676250,0.831534
1630059676500,1.032958
1630059676750,0.933089
1630059677000,0.933089
1630059677250,0.922839
1630059677500,0.920276
1630059677750,0.400087
1630059678000,0.999645
1630059678250,0.989395
1630059678500,0.990676
1630059678750,0.99452
1630059679000,0.999645
1630059679250,1.011176
1630059679500,1.013739
1630059679750,1.011176
1630059680000,1.008614
1630059680250,1.006051
1630059680500,0.999645
1630059680750,0.993239
1630059681000,0.990676
1630059681250,0.98427
1630059681500,0.988114
1630059681750,0.988114
1630059682000,0.986832
1630059682250,0.986832
1630059682500,0.98427
1630059682750,0.980426
1630059683000,0.977864
1630059683250,0.944551
1630059683500,0.968895
1630059683750,0.98427
1630059684000,0.97402
1630059684250,0.225768
1630059684500,1.003489
1630059684750,0.971457
1630059685000,0.972739
1630059685250,0.416674
1630059685500,0.402581
1630059685750,0.556331
1630059686000,0.439737
1630059686250,0.183486
1630059686500,0.949676
1630059686750,0.979145
1630059687000,0.981707
1630059687250,0.14633
1630059687500,0.451268
1630059687750,0.5653
1630059688000,0.926613
1630059688250,1.00477
1630059688500,0.89202
1630059688750,0.622956
1630059689000,0.950957
1630059689250,0.999645
1630059689500,0.979145
1630059689750,0.985551
1630059690000,0.786957
1630059690250,0.995801
1630059690500,1.026551
1630059690750,0.599963
1630059691000,0.931808
1630059691250,0.870307
1630059691500,0.706307
1630059691750,0.885682
1630059692000,0.917714
1630059692250,0.904901
1630059692500,0.901057
1630059692750,0.621744
1630059693000,0.307837
1630059693250,0.939426
1630059693500,0.934301
1630059693750,0.952239
1630059694000,0.956082
1630059694250,0.957364
1630059694500,0.96377
1630059694750,0.968895
1630059695000,0.967614
1630059695250,0.972739
1630059695500,0.970176
1630059695750,0.961207
1630059696000,0.96377
1630059696250,0.959926
1630059696500,0.954801
1630059696750,0.957364
1630059697000,0.96377
1630059697250,0.968895
1630059697500,0.977864
1630059697750,0.98427
1630059698000,0.981707
1630059698250,0.979145
1630059698500,0.977864
1630059698750,0.97402
1630059699000,0.971457
1630059699250,0.917645
1630059699500,0.979145
1630059699750,0.975301
1630059700000,0.97402
1630059700250,0.976582
1630059700500,0.970176
1630059700750,0.97402
1630059701000,0.971457
1630059701250,0.967614
1630059701500,0.968895
1630059701750,0.966332
1630059702000,0.965051
1630059702250,0.962489
1630059702500,0.959926
1630059702750,0.956082
1630059703000,0.952239
1630059703250,0.95352
1630059703500,0.952239
1630059703750,0.950957
1630059704000,0.950957
1630059704250,0.949676
1630059704500,0.949676
1630059704750,0.945832
1630059705000,0.944551
1630059705250,0.94327
1630059705500,0.949676
1630059705750,0.956082
1630059706000,0.895863
1630059706250,0.956082
1630059706500,0.954801
1630059706750,0.954801
1630059707000,0.954801
1630059707250,0.952239
1630059707500,0.947114
1630059707750,0.948395
1630059708000,0.945832
1630059708250,0.944551
1630059708500,0.940707
1630059708750,0.944551
1630059709000,0.941989
1630059709250,0.941989
1630059709500,0.941989
1630059709750,0.940707
1630059710000,0.941989
1630059710250,0.940707
1630059710500,0.939426
1630059710750,0.940707
1630059711000,0.950957
1630059711250,0.945832
1630059711500,0.94327
1630059711750,0.945832
1630059712000,0.939426
1630059712250,0.938145
1630059712500,0.940707
1630059712750,0.936863
1630059713000,0.93302
1630059713250,0.930457
1630059713500,0.929176
1630059713750,0.930457
1630059714000,0.934301
1630059714250,0.936863
1630059714500,0.93302
1630059714750,0.93302
1630059715000,0.938145
1630059715250,0.936863
1630059715500,0.707519
1630059715750,0.956082
1630059716000,0.944551
1630059716250,0.947114
1630059716500,0.945832
1630059716750,0.940707
1630059717000,0.94327
1630059717250,0.94327
1630059717500,0.938145
1630059717750,0.939426
1630059718000,0.93302
1630059718250,0.930457
1630059718500,0.927895
1630059718750,0.925332
1630059719000,0.921488
1630059719250,0.916363
1630059719500,0.918926
1630059719750,0.917645
1630059720000,0.913801
1630059720250,0.90227
1630059720500,0.91252
1630059720750,0.908676
1630059721000,0.91252
1630059721250,0.913801
1630059721500,0.913801
1630059721750,0.917645
1630059722000,0.915082
1630059722250,0.911238
1630059722500,0.909957
1630059722750,0.911238
1630059723000,0.777988
1630059723250,0.91252
1630059723500,0.907395
1630059723750,0.90227
1630059724000,0.899707
1630059724250,0.900988
1630059724500,0.900988
1630059724750,0.907395
1630059725000,0.908676
1630059725250,0.91252
1630059725500,0.91252
1630059725750,0.915082
1630059726000,0.915082
1630059726250,0.909957
1630059726500,0.91252
1630059726750,0.909957
1630059727000,0.907395
1630059727250,0.906113
1630059727500,0.903551
1630059727750,0.898426
1630059728000,0.900988
1630059728250,0.900988
1630059728500,0.897145
1630059728750,0.897145
1630059729000,0.857426
1630059729250,0.904832
1630059729500,0.91252
1630059729750,0.92277
1630059730000,0.927895
1630059730250,0.926613
1630059730500,0.927895
1630059730750,0.926613
1630059731000,0.918926
1630059731250,0.917645
1630059731500,0.91252
1630059731750,0.909957
1630059732000,0.907395
1630059732250,0.903551
1630059732500,0.898426
1630059732750,0.894582
1630059733000,0.89202
1630059733250,0.888176
1630059733500,0.890738
1630059733750,0.889457
1630059734000,0.879207
1630059734250,0.888176
1630059734500,0.885613
1630059734750,0.880488
1630059735000,0.857426
1630059735250,0.875363
1630059735500,0.883051
1630059735750,0.880488
1630059736000,0.879207
1630059736250,0.874082
1630059736500,0.877926
1630059736750,0.880488
1630059737000,0.879207
1630059737250,0.885613
1630059737500,0.886895
1630059737750,0.884332
1630059738000,0.883051
1630059738250,0.885613
1630059738500,0.88177
1630059738750,0.879207
1630059739000,0.875363
1630059739250,0.874082
1630059739500,0.87152
1630059739750,0.870238
1630059740000,0.874082
1630059740250,0.866395
1630059740500,0.866395
1630059740750,0.866395
1630059741000,0.865113
1630059741250,0.865113
1630059741500,0.866395
1630059741750,0.859988
1630059742000,0.86127
1630059742250,0.865113
1630059742500,0.859988
1630059742750,0.859988
1630059743000,0.858707
1630059743250,0.853582
1630059743500,0.857426
1630059743750,0.857426
1630059744000,0.854863
1630059744250,0.770301
1630059744500,0.853582
1630059744750,0.738269
1630059745000,0.849738
1630059745250,0.799769
1630059745500,0.847176
1630059745750,0.85102
1630059746000,0.856144
1630059746250,0.858707
1630059746500,0.86127
1630059746750,0.86127
1630059747000,0.86127
1630059747250,0.859988
1630059747500,0.856144
1630059747750,0.856144
1630059748000,0.810019
1630059748250,0.561456
1630059748500,0.825394
1630059748750,0.830519
1630059749000,0.802332
1630059749250,0.820269
1630059749500,0.728019
1630059749750,0.420518
1630059750000,0.241143
1630059750250,0.068173
1630059750500,0.041267
1630059750750,0.397456
1630059751000,0.854863
1630059751250,0.848457
1630059751500,0.866395
1630059751750,0.866395
1630059752000,0.858707
1630059752250,0.862551
1630059752500,0.86127
1630059752750,0.857426
1630059753000,0.859988
1630059753250,0.859988
1630059753500,0.856144
1630059753750,0.856144
1630059754000,0.856144
1630059754250,0.856144
1630059754500,0.506362
1630059754750,0.0
1630059755000,0.037156
1630059755250,0.594502
1630059755500,0.800784
1630059755750,0.613988
1630059756000,0.0
1630059756250,0.53172
1630059756500,0.805909
1630059756750,0.872801
1630059757000,0.859988
1630059757250,0.119424
1630059757500,0.839488
1630059757750,0.844613
1630059758000,0.866395
1630059758250,0.866395
1630059758500,0.867676
1630059758750,0.859988
1630059759000,0.867676
1630059759250,0.857426
1630059759500,0.870238
1630059759750,0.867676
1630059760000,0.863832
1630059760250,0.865113
1630059760500,0.863832
1630059760750,0.858707
1630059761000,0.853582
1630059761250,0.856144
1630059761500,0.839488
1630059761750,0.844613
1630059762000,0.844613
1630059762250,0.844613
1630059762500,0.842051
1630059762750,0.818988
1630059763000,0.840769
1630059763250,0.834363
1630059763500,0.834363
1630059763750,0.833082
1630059764000,0.829238
1630059764250,0.829238
1630059764500,0.830519
1630059764750,0.829238
1630059765000,0.827957
1630059765250,0.827957
1630059765500,0.827957
1630059765750,0.826676
1630059766000,0.830519
1630059766250,0.826676
1630059766500,0.824113
1630059766750,0.825394
1630059767000,0.825394
1630059767250,0.821551
1630059767500,0.821551
1630059767750,0.821551
1630059768000,0.818988
1630059768250,0.818988
1630059768500,0.816426
1630059768750,0.813863
1630059769000,0.726738
1630059769250,0.812582
1630059769500,0.811301
1630059769750,0.807457
1630059770000,0.807457
1630059770250,0.806176
1630059770500,0.807457
1630059770750,0.804894
1630059771000,0.806176
1630059771250,0.781832
1630059771500,0.811301
1630059771750,0.810019
1630059772000,0.798488
1630059772250,0.803613
1630059772500,0.802332
1630059772750,0.772863
1630059773000,0.803613
1630059773250,0.803613
1630059773500,0.802332
1630059773750,0.799769
1630059774000,0.801051
1630059774250,0.797207
1630059774500,0.794644
1630059774750,0.795926
1630059775000,0.792082
1630059775250,0.792082
1630059775500,0.795926
1630059775750,0.793363
1630059776000,0.790801
1630059776250,0.794644
1630059776500,0.795926
1630059776750,0.795926
1630059777000,0.801051
1630059777250,0.799769
1630059777500,0.794644
1630059777750,0.799769
1630059778000,0.798488
1630059778250,0.790801
1630059778500,0.795926
1630059778750,0.695988
1630059779000,0.777988
1630059779250,0.786957
1630059779500,0.799769
1630059779750,0.801051
1630059780000,0.806176
1630059780250,0.806176
1630059780500,0.804894
1630059780750,0.799769
1630059781000,0.801051
1630059781250,0.797207
1630059781500,0.790801
1630059781750,0.790801
1630059782000,0.790801
1630059782250,0.781832
1630059782500,0.780551
1630059782750,0.781832
1630059783000,0.776707
1630059783250,0.777988
1630059783500,0.783113
1630059783750,0.790801
1630059784000,0.799769
1630059784250,0.813863
1630059784500,0.822832
1630059784750,0.825394
1630059785000,0.826676
1630059785250,0.824113
1630059785500,0.818988
1630059785750,0.816426
1630059786000,0.810019
1630059786250,0.806176
1630059786500,0.803613
1630059786750,0.799769
1630059787000,0.795926
1630059787250,0.792082
1630059787500,0.793363
1630059787750,0.785676
1630059788000,0.788238
1630059788250,0.784394
1630059788500,0.783113
1630059788750,0.651144
1630059789000,0.762613
1630059789250,0.680613
1630059789500,0.774144
1630059789750,0.775425
1630059790000,0.771582
1630059790250,0.775425
1630059790500,0.775425
1630059790750,0.777988
1630059791000,0.779269
1630059791250,0.780551
1630059791500,0.780551
1630059791750,0.776707
1630059792000,0.777988
1630059792250,0.776707
1630059792500,0.771582
1630059792750,0.772863
1630059793000,0.772863
1630059793250,0.765175
1630059793500,0.766457
1630059793750,0.766457
1630059794000,0.762613
1630059794250,0.761332
1630059794500,0.763894
1630059794750,0.762613
1630059795000,0.757488
1630059795250,0.76005
1630059795500,0.757488
1630059795750,0.754925
1630059796000,0.756207
1630059796250,0.76005
1630059796500,0.76005
1630059796750,0.763894
1630059797000,0.762613
1630059797250,0.761332
1630059797500,0.76005
1630059797750,0.762613
1630059798000,0.765175
1630059798250,0.771582
1630059798500,0.786957
1630059798750,0.799769
1630059799000,0.806176
1630059799250,0.813863
1630059799500,0.817707
1630059799750,0.815144
1630059800000,0.815144
1630059800250,0.812582
1630059800500,0.804894
1630059800750,0.801051
1630059801000,0.797207
1630059801250,0.793363
1630059801500,0.786957
1630059801750,0.785676
1630059802000,0.785676
1630059802250,0.781832
1630059802500,0.785676
1630059802750,0.780551
1630059803000,0.763894
1630059803250,0.777988
1630059803500,0.776707
1630059803750,0.772863
1630059804000,0.771582
1630059804250,0.770301
1630059804500,0.766457
1630059804750,0.767738
1630059805000,0.772863
1630059805250,0.771582
1630059805500,0.771582
1630059805750,0.774144
1630059806000,0.774144
1630059806250,0.771582
1630059806500,0.767738
1630059806750,0.765175
1630059807000,0.734425
1630059807250,0.752363
1630059807500,0.743394
1630059807750,0.734425
1630059808000,0.574269
1630059808250,0.147611
1630059808500,0.71905
1630059808750,0.123267
1630059809000,0.148892
1630059809250,0.711363
1630059809500,0.420518
1630059809750,0.505081
1630059810000,0.402581
1630059810250,0.0
1630059810500,0.36772
1630059810750,0.176813
1630059811000,0.202438
1630059811250,0.831534
1630059811500,0.825394
1630059811750,0.592206
1630059812000,0.780551
1630059812250,0.776707
1630059812500,0.775425
1630059812750,0.757488
1630059813000,0.587081
1630059813250,0.562737
1630059813500,0.485862
1630059813750,0.010517
1630059814000,0.26522
1630059814250,0.831534
1630059814500,0.0
1630059814750,0.155032
1630059815000,0.0
1630059815250,0.650877
1630059815500,0.831534
1630059815750,0.443581
1630059816000,0.71905
1630059816250,0.620394
1630059816500,0.769019
1630059816750,0.640894
1630059817000,0.704957
1630059817250,0.789519
1630059817500,0.0
1630059817750,0.0
1630059818000,0.079438
1630059818250,0.161438
1630059818500,0.831534
1630059818750,0.824113
1630059819000,0.812582
1630059819250,0.790801
1630059819500,0.794644
1630059819750,0.319299
1630059820000,0.0
1630059820250,0.50097
1630059820500,0.831534
1630059820750,0.689582
1630059821000,0.794644
1630059821250,0.792082
1630059821500,0.790801
1630059821750,0.790801
1630059822000,0.786957
1630059822250,0.784394
1630059822500,0.784394
1630059822750,0.783113
1630059823000,0.765175
1630059823250,0.775425
1630059823500,0.748519
1630059823750,0.769019
1630059824000,0.775425
1630059824250,0.777988
1630059824500,0.775425
1630059824750,0.772863
1630059825000,0.775425
1630059825250,0.775425
1630059825500,0.772863
1630059825750,0.772863
1630059826000,0.771582
1630059826250,0.757488
1630059826500,0.761332
1630059826750,0.748519
1630059827000,0.781832
1630059827250,0.0
1630059827500,0.0
1630059827750,0.0615
1630059828000,0.024344
1630059828250,0.726471
1630059828500,0.55505
1630059828750,0.71905
1630059829000,0.716488
1630059829250,0.721613
1630059829500,0.730582
1630059829750,0.192455
1630059830000,0.624238
1630059830250,0.742113
1630059830500,0.104048
1630059830750,0.396174
1630059831000,0.745957
1630059831250,0.771582
1630059831500,0.766457
1630059831750,0.767738
1630059832000,0.733144
1630059832250,0.765175
1630059832500,0.471768
1630059832750,0.766457
1630059833000,0.745957
1630059833250,0.717769
1630059833500,0.747238
1630059833750,0.742113
1630059834000,0.646019
1630059834250,0.747238
1630059834500,0.611425
1630059834750,0.63705
1630059835000,0.744675
1630059835250,0.735707
1630059835500,0.660113
1630059835750,0.728019
1630059836000,0.744675
1630059836250,0.287268
1630059836500,0.490987
1630059836750,0.675488
1630059837000,0.736988
1630059837250,0.738269
1630059837500,0.744675
1630059837750,0.726738
1630059838000,0.738269
1630059838250,0.753644
1630059838500,0.757488
1630059838750,0.756207
1630059839000,0.754925
1630059839250,0.758769
1630059839500,0.757488
1630059839750,0.757488
1630059840000,0.76005
1630059840250,0.757488
1630059840500,0.757488
1630059840750,0.757488
1630059841000,0.751082
1630059841250,0.748519
1630059841500,0.7498
1630059841750,0.743394
1630059842000,0.743394
1630059842250,0.744675
1630059842500,0.742113
1630059842750,0.73955
1630059843000,0.73955
1630059843250,0.736988
1630059843500,0.735707
1630059843750,0.738269
1630059844000,0.735707
1630059844250,0.733144
1630059844500,0.734425
1630059844750,0.736988
1630059845000,0.735707
1630059845250,0.742113
1630059845500,0.742113
1630059845750,0.744675
1630059846000,0.742113
1630059846250,0.747238
1630059846500,0.742113
1630059846750,0.743394
1630059847000,0.743394
1630059847250,0.742113
1630059847500,0.73955
1630059847750,0.738269
1630059848000,0.733144
1630059848250,0.731863
1630059848500,0.738269
1630059848750,0.734425
1630059849000,0.731863
1630059849250,0.730582
1630059849500,0.733144
1630059849750,0.726738
1630059850000,0.726738
1630059850250,0.728019
1630059850500,0.726738
1630059850750,0.722894
1630059851000,0.725457
1630059851250,0.724175
1630059851500,0.724175
1630059851750,0.722894
1630059852000,0.722894
1630059852250,0.71905
1630059852500,0.71905
1630059852750,0.71905
1630059853000,0.717769
1630059853250,0.717769
1630059853500,0.71905
1630059853750,0.716488
1630059854000,0.716488
1630059854250,0.716488
1630059854500,0.712644
1630059854750,0.716488
1630059855000,0.715207
1630059855250,0.710082
1630059855500,0.710082
1630059855750,0.710082
1630059856000,0.707519
1630059856250,0.703675
1630059856500,0.707519
1630059856750,0.704957
1630059857000,0.703675
1630059857250,0.703675
1630059857500,0.703675
1630059857750,0.703675
1630059858000,0.703675
1630059858250,0.704957
1630059858500,0.702394
1630059858750,0.703675
1630059859000,0.703675
1630059859250,0.69855
1630059859500,0.701113
1630059859750,0.699832
1630059860000,0.694706
1630059860250,0.697269
1630059860500,0.694706
1630059860750,0.693425
1630059861000,0.692144
1630059861250,0.692144
1630059861500,0.6883
1630059861750,0.690863
1630059862000,0.690863
1630059862250,0.6883
1630059862500,0.687019
1630059862750,0.6883
1630059863000,0.6883
1630059863250,0.685738
1630059863500,0.689582
1630059863750,0.689582
1630059864000,0.685738
1630059864250,0.6883
1630059864500,0.687019
1630059864750,0.683175
1630059865000,0.685738
1630059865250,0.684456
1630059865500,0.680613
1630059865750,0.681894
1630059866000,0.681894
1630059866250,0.679331
1630059866500,0.683175
1630059866750,0.680613
1630059867000,0.679331
1630059867250,0.674206
1630059867500,0.676769
1630059867750,0.674206
1630059868000,0.672925
1630059868250,0.676769
1630059868500,0.672925
1630059868750,0.670363
1630059869000,0.671644
1630059869250,0.671644
1630059869500,0.666519
1630059869750,0.670363
1630059870000,0.672925
1630059870250,0.669081
1630059870500,0.675488
1630059870750,0.674206
1630059871000,0.672925
1630059871250,0.676769
1630059871500,0.675488
1630059871750,0.672925
1630059872000,0.676769
1630059872250,0.679331
1630059872500,0.671644
1630059872750,0.674206
1630059873000,0.674206
1630059873250,0.670363
1630059873500,0.669081
1630059873750,0.6678
1630059874000,0.666519
1630059874250,0.665238
1630059874500,0.666519
1630059874750,0.666519
1630059875000,0.660113
1630059875250,0.662675
1630059875500,0.663956
1630059875750,0.656269
1630059876000,0.660113
1630059876250,0.660113
1630059876500,0.658831
1630059876750,0.658831
1630059877000,0.660113
1630059877250,0.656269
1630059877500,0.652425
1630059877750,0.65755
1630059878000,0.656269
1630059878250,0.652425
1630059878500,0.652425
1630059878750,0.653706
1630059879000,0.651144
1630059879250,0.652425
1630059879500,0.653706
1630059879750,0.654988
1630059880000,0.661394
1630059880250,0.666519
1630059880500,0.665238
1630059880750,0.665238
1630059881000,0.670363
1630059881250,0.6678
1630059881500,0.665238
1630059881750,0.669081
1630059882000,0.669081
1630059882250,0.663956
1630059882500,0.665238
1630059882750,0.663956
1630059883000,0.661394
1630059883250,0.662675
1630059883500,0.662675
1630059883750,0.658831
1630059884000,0.660113
1630059884250,0.661394
1630059884500,0.656269
1630059884750,0.656269
1630059885000,0.656269
1630059885250,0.653706
1630059885500,0.649863
1630059885750,0.652425
1630059886000,0.651144
1630059886250,0.646019
1630059886500,0.648581
1630059886750,0.646019
1630059887000,0.644738
1630059887250,0.643456
1630059887500,0.643456
1630059887750,0.640894
1630059888000,0.639613
1630059888250,0.642175
1630059888500,0.640894
1630059888750,0.643456
1630059889000,0.652425
1630059889250,0.651144
1630059889500,0.651144
1630059889750,0.65755
1630059890000,0.65755
1630059890250,0.652425
1630059890500,0.654988
1630059890750,0.654988
1630059891000,0.652425
1630059891250,0.649863
1630059891500,0.651144
1630059891750,0.644738
1630059892000,0.646019
1630059892250,0.644738
1630059892500,0.646019
1630059892750,0.643456
1630059893000,0.643456
1630059893250,0.640894
1630059893500,0.63705
1630059893750,0.639613
1630059894000,0.638331
1630059894250,0.633206
1630059894500,0.635769
1630059894750,0.633206
1630059895000,0.629363
1630059895250,0.630644
1630059895500,0.629363
1630059895750,0.629363
1630059896000,0.630644
1630059896250,0.628081
1630059896500,0.625519
1630059896750,0.6268
1630059897000,0.6268
1630059897250,0.624238
1630059897500,0.625519
1630059897750,0.622956
1630059898000,0.621675
1630059898250,0.6268
1630059898500,0.622956
1630059898750,0.620394
1630059899000,0.620394
1630059899250,0.621675
1630059899500,0.617831
1630059899750,0.617831
1630059900000,0.619113
1630059900250,0.617831
1630059900500,0.611425
1630059900750,0.617831
1630059901000,0.612706
1630059901250,0.612706
1630059901500,0.615269
1630059901750,0.613988
1630059902000,0.610144
1630059902250,0.613988
1630059902500,0.615269
1630059902750,0.612706
1630059903000,0.615269
1630059903250,0.613988
1630059903500,0.613988
1630059903750,0.613988
1630059904000,0.613988
1630059904250,0.610144
1630059904500,0.607581
1630059904750,0.608863
1630059905000,0.6063
1630059905250,0.608863
1630059905500,0.605019
1630059905750,0.602456
1630059906000,0.603737
1630059906250,0.605019
1630059906500,0.603737
1630059906750,0.601175
1630059907000,0.602456
1630059907250,0.605019
1630059907500,0.599894
1630059907750,0.602456
1630059908000,0.605019
1630059908250,0.603737
1630059908500,0.610144
1630059908750,0.612706
1630059909000,0.608863
1630059909250,0.610144
1630059909500,0.612706
1630059909750,0.610144
1630059910000,0.610144
1630059910250,0.610144
1630059910500,0.605019
1630059910750,0.610144
1630059911000,0.6063
1630059911250,0.602456
1630059911500,0.603737
1630059911750,0.602456
1630059912000,0.598612
1630059912250,0.598612
1630059912500,0.597331
1630059912750,0.594769
1630059913000,0.592206
1630059913250,0.59605
1630059913500,0.594769
1630059913750,0.593487
1630059914000,0.592206
1630059914250,0.551206
1630059914500,0.588362
1630059914750,0.590925
1630059915000,0.589644
1630059915250,0.587081
1630059915500,0.589644
1630059915750,0.590925
1630059916000,0.588362
1630059916250,0.592206
1630059916500,0.590925
1630059916750,0.587081
1630059917000,0.590925
1630059917250,0.592206
1630059917500,0.5858
1630059917750,0.5858
1630059918000,0.584519
1630059918250,0.583237
1630059918500,0.583237
1630059918750,0.587081
1630059919000,0.583237
1630059919250,0.587081
1630059919500,0.589644
1630059919750,0.587081
1630059920000,0.588362
1630059920250,0.590925
1630059920500,0.583237
1630059920750,0.587081
1630059921000,0.584519
1630059921250,0.580675
1630059921500,0.583237
1630059921750,0.584519
1630059922000,0.578112
1630059922250,0.576831
1630059922500,0.580675
1630059922750,0.576831
1630059923000,0.57555
1630059923250,0.578112
1630059923500,0.57555
1630059923750,0.574269
1630059924000,0.578112
1630059924250,0.578112
1630059924500,0.574269
1630059924750,0.580675
1630059925000,0.579394
1630059925250,0.57555
1630059925500,0.578112
1630059925750,0.580675
1630059926000,0.572987
1630059926250,0.57555
1630059926500,0.576831
1630059926750,0.570425
1630059927000,0.571706
1630059927250,0.571706
1630059927500,0.5653
1630059927750,0.571706
1630059928000,0.570425
1630059928250,0.5653
1630059928500,0.569144
1630059928750,0.567862
1630059929000,0.566581
1630059929250,0.5653
1630059929500,0.567862
1630059929750,0.564019
1630059930000,0.562737
1630059930250,0.5653
1630059930500,0.562737
1630059930750,0.561456
1630059931000,0.564019
1630059931250,0.569144
1630059931500,0.562737
1630059931750,0.562737
1630059932000,0.561456
1630059932250,0.558894
1630059932500,0.561456
1630059932750,0.560175
1630059933000,0.55505
1630059933250,0.557612
1630059933500,0.557612
1630059933750,0.556331
1630059934000,0.556331
1630059934250,0.557612
1630059934500,0.55505
1630059934750,0.55505
1630059935000,0.55505
1630059935250,0.552487
1630059935500,0.552487
1630059935750,0.556331
1630059936000,0.552487
1630059936250,0.549925
1630059936500,0.551206
1630059936750,0.551206
1630059937000,0.549925
1630059937250,0.549925
1630059937500,0.548644
1630059937750,0.547362
1630059938000,0.5448
1630059938250,0.548644
1630059938500,0.5448
1630059938750,0.548644
1630059939000,0.548644
1630059939250,0.5448
1630059939500,0.542237
1630059939750,0.543519
1630059940000,0.538394
1630059940250,0.540956
1630059940500,0.5448
1630059940750,0.540956
1630059941000,0.537112
1630059941250,0.538394
1630059941500,0.539675
1630059941750,0.537112
1630059942000,0.540956
1630059942250,0.542237
1630059942500,0.540956
1630059942750,0.560175
1630059943000,0.542237
1630059943250,0.538394
1630059943500,0.542237
1630059943750,0.546081
1630059944000,0.542237
1630059944250,0.547362
1630059944500,0.543519
1630059944750,0.5448
1630059945000,0.543519
1630059945250,0.5448
1630059945500,0.542237
1630059945750,0.539675
1630059946000,0.539675
1630059946250,0.539675
1630059946500,0.535831
1630059946750,0.535831
1630059947000,0.537112
1630059947250,0.533269
1630059947500,0.53455
1630059947750,0.535831
1630059948000,0.530706
1630059948250,0.533269
1630059948500,0.530706
1630059948750,0.528144
1630059949000,0.526862
1630059949250,0.529425
1630059949500,0.526862
1630059949750,0.5243
1630059950000,0.529425
1630059950250,0.528144
1630059950500,0.525581
1630059950750,0.528144
1630059951000,0.523018
1630059951250,0.5243
1630059951500,0.525581
1630059951750,0.528144
1630059952000,0.523018
1630059952250,0.5243
1630059952500,0.5243
1630059952750,0.520456
1630059953000,0.521737
1630059953250,0.5243
1630059953500,0.519175
1630059953750,0.521737
1630059954000,0.517893
1630059954250,0.519175
1630059954500,0.516612
1630059954750,0.519175
1630059955000,0.515331
1630059955250,0.515331
1630059955500,0.519175
1630059955750,0.519175
1630059956000,0.517893
1630059956250,0.5243
1630059956500,0.520456
1630059956750,0.517893
1630059957000,0.520456
1630059957250,0.516612
1630059957500,0.515331
1630059957750,0.520456
1630059958000,0.520456
1630059958250,0.515331
1630059958500,0.517893
1630059958750,0.515331
1630059959000,0.511487
1630059959250,0.51405
1630059959500,0.51405
1630059959750,0.511487
1630059960000,0.512768
1630059960250,0.511487
1630059960500,0.510206
1630059960750,0.508925
1630059961000,0.508925
1630059961250,0.507643
1630059961500,0.510206
1630059961750,0.510206
1630059962000,0.508925
1630059962250,0.507643
1630059962500,0.507643
1630059962750,0.510206
1630059963000,0.502518
1630059963250,0.506362
1630059963500,0.506362
1630059963750,0.501237
1630059964000,0.505081
1630059964250,0.505081
1630059964500,0.505081
1630059964750,0.501237
1630059965000,0.5038
1630059965250,0.502518
1630059965500,0.499956
1630059965750,0.502518
1630059966000,0.505081
1630059966250,0.497393
1630059966500,0.5038
1630059966750,0.5038
1630059967000,0.498675
1630059967250,0.501237
1630059967500,0.499956
1630059967750,0.498675
1630059968000,0.497393
1630059968250,0.501237
1630059968500,0.497393
1630059968750,0.496112
1630059969000,0.499956
1630059969250,0.499956
1630059969500,0.494831
1630059969750,0.498675
1630059970000,0.496112
1630059970250,0.49355
1630059970500,0.492268
1630059970750,0.496112
1630059971000,0.49355
1630059971250,0.49355
1630059971500,0.497393
1630059971750,0.496112
1630059972000,0.492268
1630059972250,0.49355
1630059972500,0.496112
1630059972750,0.489706
1630059973000,0.51405
1630059973250,0.49355
1630059973500,0.489706
1630059973750,0.488425
1630059974000,0.490987
1630059974250,0.487143
1630059974500,0.485862
1630059974750,0.488425
1630059975000,0.490987
1630059975250,0.484581
1630059975500,0.490987
1630059975750,0.489706
1630059976000,0.484581
1630059976250,0.487143
1630059976500,0.489706
1630059976750,0.485862
1630059977000,0.487143
1630059977250,0.490987
1630059977500,0.484581
1630059977750,0.487143
1630059978000,0.488425
1630059978250,0.484581
1630059978500,0.482018
1630059978750,0.484581
1630059979000,0.484581
1630059979250,0.480737
1630059979500,0.485862
1630059979750,0.484581
1630059980000,0.480737
1630059980250,0.485862
1630059980500,0.4833
1630059980750,0.479456
1630059981000,0.482018
1630059981250,0.482018
1630059981500,0.479456
1630059981750,0.476893
1630059982000,0.480737
1630059982250,0.478175
1630059982500,0.478175
1630059982750,0.479456
1630059983000,0.476893
1630059983250,0.474331
1630059983500,0.478175
1630059983750,0.475612
1630059984000,0.476893
1630059984250,0.478175
1630059984500,0.475612
1630059984750,0.475612
1630059985000,0.479456
1630059985250,0.475612
1630059985500,0.474331
1630059985750,0.475612
1630059986000,0.474331
1630059986250,0.47305
1630059986500,0.47305
1630059986750,0.47305
1630059987000,0.471768
1630059987250,0.474331
1630059987500,0.475612
1630059987750,0.47305
1630059988000,0.475612
1630059988250,0.474331
1630059988500,0.470487
1630059988750,0.471768
1630059989000,0.47305
1630059989250,0.469206
1630059989500,0.471768
1630059989750,0.474331
1630059990000,0.470487
1630059990250,0.475612
1630059990500,0.475612
1630059990750,0.470487
1630059991000,0.47305
1630059991250,0.474331
1630059991500,0.471768
1630059991750,0.470487
1630059992000,0.470487
1630059992250,0.467925
1630059992500,0.470487
1630059992750,0.469206
1630059993000,0.465362
1630059993250,0.469206
1630059993500,0.467925
1630059993750,0.465362
1630059994000,0.464081
1630059994250,0.467925
1630059994500,0.465362
1630059994750,0.464081
1630059995000,0.467925
1630059995250,0.461518
1630059995500,0.464081
1630059995750,0.465362
1630059996000,0.4628
1630059996250,0.4628
1630059996500,0.465362
1630059996750,0.4628
1630059997000,0.461518
1630059997250,0.464081
1630059997500,0.4628
1630059997750,0.461518
1630059998000,0.465362
1630059998250,0.464081
1630059998500,0.460237
1630059998750,0.4628
1630059999000,0.464081
1630059999250,0.457675
1630059999500,0.461518
1630059999750,0.461518
1630060000000,0.458956
1630060000250,0.458956
1630060000500,0.458956
1630060000750,0.456393
1630060001000,0.456393
1630060001250,0.458956
1630060001500,0.456393
1630060001750,0.455112
1630060002000,0.458956
1630060002250,0.456393
1630060002500,0.455112
1630060002750,0.456393
1630060003000,0.455112
1630060003250,0.45255
1630060003500,0.455112
1630060003750,0.457675
1630060004000,0.45255
1630060004250,0.455112
1630060004500,0.456393
1630060004750,0.45255
1630060005000,0.455112
1630060005250,0.456393
1630060005500,0.451268
1630060005750,0.453831
1630060006000,0.455112
1630060006250,0.449987
1630060006500,0.451268
1630060006750,0.45255
1630060007000,0.449987
1630060007250,0.449987
1630060007500,0.451268
1630060007750,0.448706
1630060008000,0.449987
1630060008250,0.45255
1630060008500,0.449987
1630060008750,0.448706
1630060009000,0.451268
1630060009250,0.448706
1630060009500,0.449987
1630060009750,0.449987
1630060010000,0.447425
1630060010250,0.446143
1630060010500,0.448706
1630060010750,0.448706
1630060011000,0.443581
1630060011250,0.447425
1630060011500,0.444862
1630060011750,0.443581
1630060012000,0.446143
1630060012250,0.446143
1630060012500,0.443581
1630060012750,0.448706
1630060013000,0.447425
1630060013250,0.443581
1630060013500,0.444862
1630060013750,0.446143
1630060014000,0.442299
1630060014250,0.443581
1630060014500,0.443581
1630060014750,0.442299
1630060015000,0.442299
1630060015250,0.443581
1630060015500,0.441018
1630060015750,0.439737
1630060016000,0.442299
1630060016250,0.439737
1630060016500,0.441018
1630060016750,0.441018
1630060017000,0.442299
1630060017250,0.437174
1630060017500,0.441018
1630060017750,0.442299
1630060018000,0.438456
1630060018250,0.438456
1630060018500,0.441018
1630060018750,0.437174
1630060019000,0.439737
1630060019250,0.441018
1630060019500,0.437174
1630060019750,0.438456
1630060020000,0.442299
1630060020250,0.439737
1630060020500,0.439737
1630060020750,0.442299
1630060021000,0.442299
1630060021250,0.442299
1630060021500,0.442299
1630060021750,0.442299
1630060022000,0.441018
1630060022250,0.441018
1630060022500,0.441018
1630060022750,0.437174
1630060023000,0.437174
1630060023250,0.439737
1630060023500,0.437174
1630060023750,0.433331
1630060024000,0.437174
1630060024250,0.438456
1630060024500,0.434612
1630060024750,0.435893
1630060025000,0.437174
1630060025250,0.432049
1630060025500,0.434612
1630060025750,0.433331
1630060026000,0.433331
1630060026250,0.434612
1630060026500,0.437174
1630060026750,0.432049
1630060027000,0.433331
1630060027250,0.434612
1630060027500,0.430768
1630060027750,0.429487
1630060028000,0.434612
1630060028250,0.433331
1630060028500,0.432049
1630060028750,0.432049
1630060029000,0.433331
1630060029250,0.429487
1630060029500,0.430768
1630060029750,0.433331
1630060030000,0.429487
1630060030250,0.428206
1630060030500,0.430768
1630060030750,0.429487
1630060031000,0.425643
1630060031250,0.429487
1630060031500,0.432049
1630060031750,0.403862
1630060032000,0.371831
1630060032250,0.384643
1630060032500,0.387206
1630060032750,0.397456
1630060033000,0.315455
1630060033250,0.15658
1630060033500,0.391049
1630060033750,0.396174
1630060034000,0.387206
1630060034250,0.391049
1630060034500,0.396174
1630060034750,0.401299
1630060035000,0.397456
1630060035250,0.406424
1630060035500,0.406424
1630060035750,0.402581
1630060036000,0.406424
1630060036250,0.406424
1630060036500,0.400018
1630060036750,0.405143
1630060037000,0.405143
1630060037250,0.400018
1630060037500,0.403862
1630060037750,0.406424
1630060038000,0.402581
1630060038250,0.401299
1630060038500,0.402581
1630060038750,0.402581
1630060039000,0.400018
1630060039250,0.401299
1630060039500,0.402581
1630060039750,0.398737
1630060040000,0.401299
1630060040250,0.403862
1630060040500,0.397456
1630060040750,0.401299
1630060041000,0.401299
1630060041250,0.400018
1630060041500,0.396174
1630060041750,0.401299
1630060042000,0.402581
1630060042250,0.398737
1630060042500,0.401299
1630060042750,0.401299
1630060043000,0.396174
1630060043250,0.398737
1630060043500,0.400018
1630060043750,0.394893
1630060044000,0.394893
1630060044250,0.398737
1630060044500,0.397456
1630060044750,0.394893
1630060045000,0.398737
1630060045250,0.394893
1630060045500,0.394893
1630060045750,0.397456
1630060046000,0.401299
1630060046250,0.407706
1630060046500,0.397456
1630060046750,0.389768
1630060047000,0.394893
1630060047250,0.397456
1630060047500,0.400018
1630060047750,0.396174
1630060048000,0.400018
1630060048250,0.405143
1630060048500,0.393612
1630060048750,0.421799
1630060049000,0.419237
1630060049250,0.419237
1630060049500,0.402581
1630060049750,0.393612
1630060050000,0.405143
1630060050250,0.411549
1630060050500,0.337237
1630060050750,0.416674
1630060051000,0.417956
1630060051250,0.423081
1630060051500,0.423081
1630060051750,0.419237
1630060052000,0.419237
1630060052250,0.419237
1630060052500,0.417956
1630060052750,0.416674
1630060053000,0.417956
1630060053250,0.419237
1630060053500,0.415393
1630060053750,0.416674
1630060054000,0.417956
1630060054250,0.414112
1630060054500,0.416674
1630060054750,0.416674
1630060055000,0.415393
1630060055250,0.417956
1630060055500,0.417956
1630060055750,0.414112
1630060056000,0.417956
1630060056250,0.419237
1630060056500,0.414112
1630060056750,0.416674
1630060057000,0.416674
1630060057250,0.414112
1630060057500,0.417956
1630060057750,0.415393
1630060058000,0.412831
1630060058250,0.414112
1630060058500,0.419237
1630060058750,0.419237
1630060059000,0.419237
1630060059250,0.423081
1630060059500,0.421799
1630060059750,0.417956
1630060060000,0.423081
1630060060250,0.421799
1630060060500,0.416674
1630060060750,0.421799
1630060061000,0.419237
1630060061250,0.417956
1630060061500,0.417956
1630060061750,0.417956
1630060062000,0.417956
1630060062250,0.414112
1630060062500,0.417956
1630060062750,0.417956
1630060063000,0.415393
1630060063250,0.416674
1630060063500,0.419237
1630060063750,0.414112
1630060064000,0.415393
1630060064250,0.417956
1630060064500,0.415393
1630060064750,0.416674
1630060065000,0.417956
1630060065250,0.411549
1630060065500,0.412831
1630060065750,0.414112
1630060066000,0.412831
1630060066250,0.411549
1630060066500,0.415393
1630060066750,0.415393
1630060067000,0.408987
1630060067250,0.414112
1630060067500,0.414112
1630060067750,0.408987
1630060068000,0.411549
1630060068250,0.412831
1630060068500,0.407706
1630060068750,0.412831
1630060069000,0.415393
1630060069250,0.408987
1630060069500,0.408987
1630060069750,0.412831
1630060070000,0.408987
1630060070250,0.408987
1630060070500,0.412831
1630060070750,0.410268
1630060071000,0.407706
1630060071250,0.411549
1630060071500,0.408987
1630060071750,0.407706
1630060072000,0.411549
1630060072250,0.410268
1630060072500,0.407706
1630060072750,0.410268
1630060073000,0.408987
1630060073250,0.405143
1630060073500,0.407706
1630060073750,0.410268
1630060074000,0.403862
1630060074250,0.407706
1630060074500,0.405143
1630060074750,0.406424
1630060075000,0.405143
1630060075250,0.406424
1630060075500,0.406424
1630060075750,0.406424
1630060076000,0.407706
1630060076250,0.407706
1630060076500,0.406424
1630060076750,0.408987
1630060077000,0.406424
1630060077250,0.405143
1630060077500,0.405143
1630060077750,0.405143
1630060078000,0.402581
1630060078250,0.405143
1630060078500,0.407706
1630060078750,0.403862
1630060079000,0.407706
1630060079250,0.407706
1630060079500,0.402581
1630060079750,0.403862
1630060080000,0.406424
1630060080250,0.402581
1630060080500,0.401299
1630060080750,0.405143
1630060081000,0.401299
1630060081250,0.401299
1630060081500,0.406424
1630060081750,0.405143
1630060082000,0.400018
1630060082250,0.403862
1630060082500,0.405143
1630060082750,0.398737
1630060083000,0.401299
1630060083250,0.402581
1630060083500,0.401299
1630060083750,0.398737
1630060084000,0.401299
1630060084250,0.402581
1630060084500,0.398737
1630060084750,0.401299
1630060085000,0.401299
1630060085250,0.396174
1630060085500,0.397456
1630060085750,0.400018
1630060086000,0.398737
1630060086250,0.396174
1630060086500,0.401299
1630060086750,0.402581
1630060087000,0.396174
1630060087250,0.400018
1630060087500,0.400018
1630060087750,0.397456
1630060088000,0.398737
1630060088250,0.401299
1630060088500,0.394893
1630060088750,0.400018
1630060089000,0.400018
1630060089250,0.396174
1630060089500,0.394893
1630060089750,0.400018
1630060090000,0.400018
1630060090250,0.396174
1630060090500,0.397456
1630060090750,0.396174
1630060091000,0.391049
1630060091250,0.396174
1630060091500,0.396174
1630060091750,0.394893
1630060092000,0.397456
1630060092250,0.398737
1630060092500,0.392331
1630060092750,0.392331
1630060093000,0.397456
1630060093250,0.393612
1630060093500,0.394893
1630060093750,0.397456
1630060094000,0.400018
1630060094250,0.393612
1630060094500,0.396174
1630060094750,0.394893
1630060095000,0.394893
1630060095250,0.393612
1630060095500,0.396174
1630060095750,0.394893
1630060096000,0.393612
1630060096250,0.393612
1630060096500,0.396174
1630060096750,0.392331
1630060097000,0.394893
1630060097250,0.394893
1630060097500,0.391049
1630060097750,0.392331
1630060098000,0.394893
1630060098250,0.391049
1630060098500,0.391049
1630060098750,0.394893
1630060099000,0.392331
1630060099250,0.391049
1630060099500,0.394893
1630060099750,0.394893
1630060100000,0.391049
1630060100250,0.391049
1630060100500,0.393612
1630060100750,0.391049
1630060101000,0.393612
1630060101250,0.393612
1630060101500,0.389768
1630060101750,0.392331
1630060102000,0.391049
1630060102250,0.389768
1630060102500,0.387206
1630060102750,0.392331
1630060103000,0.387206
1630060103250,0.388487
1630060103500,0.389768
1630060103750,0.391049
1630060104000,0.387206
1630060104250,0.389768
1630060104500,0.388487
1630060104750,0.385924
1630060105000,0.408987
1630060105250,0.388487
1630060105500,0.384643
1630060105750,0.384643
1630060106000,0.388487
1630060106250,0.384643
1630060106500,0.383362
1630060106750,0.389768
1630060107000,0.387206
1630060107250,0.383362
1630060107500,0.388487
1630060107750,0.388487
1630060108000,0.383362
1630060108250,0.384643
1630060108500,0.385924
1630060108750,0.380799
1630060109000,0.384643
1630060109250,0.387206
1630060109500,0.384643
1630060109750,0.383362
1630060110000,0.385924
1630060110250,0.388487
1630060110500,0.380799
1630060110750,0.383362
1630060111000,0.387206
1630060111250,0.380799
1630060111500,0.384643
1630060111750,0.384643
1630060112000,0.380799
1630060112250,0.384643
1630060112500,0.384643
1630060112750,0.382081
1630060113000,0.379518
1630060113250,0.383362
1630060113500,0.384643
1630060113750,0.378237
1630060114000,0.383362
1630060114250,0.384643
1630060114500,0.376956
1630060114750,0.382081
1630060115000,0.380799
1630060115250,0.370549
1630060115500,0.314174
1630060115750,0.373112
1630060116000,0.369268
1630060116250,0.371831
1630060116500,0.375674
1630060116750,0.373112
1630060117000,0.371831
1630060117250,0.374393
1630060117500,0.366706
1630060117750,0.370549
1630060118000,0.362862
1630060118250,0.301362
1630060118500,0.198861
1630060118750,0.375674
1630060119000,0.352612
1630060119250,0.375674
1630060119500,0.369268
1630060119750,0.378237
1630060120000,0.374393
1630060120250,0.371831
1630060120500,0.378237
1630060120750,0.375674
1630060121000,0.378237
1630060121250,0.379518
1630060121500,0.376956
1630060121750,0.374393
1630060122000,0.378237
1630060122250,0.379518
1630060122500,0.371831
1630060122750,0.374393
1630060123000,0.378237
1630060123250,0.376956
1630060123500,0.376956
1630060123750,0.376956
1630060124000,0.379518
1630060124250,0.375674
1630060124500,0.376956
1630060124750,0.379518
1630060125000,0.374393
1630060125250,0.378237
1630060125500,0.378237
1630060125750,0.375674
1630060126000,0.375674
1630060126250,0.375674
1630060126500,0.374393
1630060126750,0.374393
1630060127000,0.376956
1630060127250,0.374393
1630060127500,0.373112
1630060127750,0.378237
1630060128000,0.376956
1630060128250,0.374393
1630060128500,0.375674
1630060128750,0.376956
1630060129000,0.371831
1630060129250,0.371831
1630060129500,0.376956
1630060129750,0.373112
1630060130000,0.375674
1630060130250,0.375674
1630060130500,0.373112
1630060130750,0.370549
1630060131000,0.375674
1630060131250,0.375674
1630060131500,0.371831
1630060131750,0.374393
1630060132000,0.375674
1630060132250,0.370549
1630060132500,0.374393
1630060132750,0.375674
1630060133000,0.371831
1630060133250,0.373112
1630060133500,0.371831
1630060133750,0.370549
1630060134000,0.373112
1630060134250,0.371831
1630060134500,0.371831
1630060134750,0.369268
1630060135000,0.373112
1630060135250,0.369268
1630060135500,0.370549
1630060135750,0.370549
1630060136000,0.371831
1630060136250,0.367987
1630060136500,0.373112
1630060136750,0.371831
1630060137000,0.366706
1630060137250,0.373112
1630060137500,0.371831
1630060137750,0.367987
1630060138000,0.367987
1630060138250,0.369268
1630060138500,0.367987
1630060138750,0.369268
1630060139000,0.373112
1630060139250,0.369268
1630060139500,0.367987
1630060139750,0.371831
1630060140000,0.370549
1630060140250,0.366706
1630060140500,0.367987
1630060140750,0.392331
1630060141000,0.367987
1630060141250,0.366706
1630060141500,0.370549
1630060141750,0.373112
1630060142000,0.367987
1630060142250,0.370549
1630060142500,0.371831
1630060142750,0.366706
1630060143000,0.367987
1630060143250,0.370549
1630060143500,0.366706
1630060143750,0.366706
1630060144000,0.370549
1630060144250,0.370549
1630060144500,0.369268
1630060144750,0.369268
1630060145000,0.373112
1630060145250,0.364143
1630060145500,0.367987
1630060145750,0.371831
1630060146000,0.365424
1630060146250,0.369268
1630060146500,0.369268
1630060146750,0.367987
1630060147000,0.367987
1630060147250,0.366706
1630060147500,0.366706
1630060147750,0.365424
1630060148000,0.367987
1630060148250,0.365424
1630060148500,0.364143
1630060148750,0.370549
1630060149000,0.369268
1630060149250,0.362862
1630060149500,0.366706
1630060149750,0.365424
1630060150000,0.362862
1630060150250,0.366706
1630060150500,0.366706
1630060150750,0.362862
1630060151000,0.365424
1630060151250,0.366706
1630060151500,0.36158
1630060151750,0.365424
1630060152000,0.364143
1630060152250,0.362862
1630060152500,0.364143
1630060152750,0.367987
1630060153000,0.360299
1630060153250,0.365424
1630060153500,0.367987
1630060153750,0.364143
1630060154000,0.36158
1630060154250,0.362862
1630060154500,0.360299
1630060154750,0.365424
1630060155000,0.365424
1630060155250,0.360299
1630060155500,0.362862
1630060155750,0.365424
1630060156000,0.360299
1630060156250,0.362862
1630060156500,0.364143
1630060156750,0.36158
1630060157000,0.360299
1630060157250,0.362862
1630060157500,0.360299
1630060157750,0.357737
1630060158000,0.362862
1630060158250,0.362862
1630060158500,0.360299
1630060158750,0.36158
1630060159000,0.364143
1630060159250,0.359018
1630060159500,0.364143
1630060159750,0.364143
1630060160000,0.359018
1630060160250,0.359018
1630060160500,0.362862
1630060160750,0.357737
1630060161000,0.36158
1630060161250,0.360299
1630060161500,0.360299
1630060161750,0.360299
1630060162000,0.360299
1630060162250,0.357737
1630060162500,0.360299
1630060162750,0.364143
1630060163000,0.36158
1630060163250,0.357737
1630060163500,0.360299
1630060163750,0.359018
1630060164000,0.359018
1630060164250,0.360299
1630060164500,0.36158
1630060164750,0.357737
1630060165000,0.362862
1630060165250,0.364143
1630060165500,0.342362
1630060165750,0.364143
1630060166000,0.360299
1630060166250,0.359018
1630060166500,0.36158
1630060166750,0.36158
1630060167000,0.357737
1630060167250,0.359018
1630060167500,0.36158
1630060167750,0.356455
1630060168000,0.357737
1630060168250,0.359018
1630060168500,0.357737
1630060168750,0.355174
1630060169000,0.36158
